{"type": "FeatureCollection", "features": [{"type": "Feature", "geometry": {"type": "Polygon", "coordinates": [[[10.014812849991825, 53.554243250767996], [10.014568507716273, 53.55428510532909], [10.014421902784749, 53.55441620611881], [10.014009773351608, 53.55443021373897], [10.01386791592966, 53.55466516588579], [10.015237157662511, 53.55533535156295], [10.014124089504126, 53.55603602349774], [10.01378710888743, 53.55611881655222], [10.013731085178216, 53.55649197396076], [10.01410143279062, 53.556609058103696], [10.014397673261374, 53.55657181828032], [10.014578410274448, 53.5564366628096], [10.015022364572284, 53.55667055847593], [10.01525605175738, 53.556679572756906], [10.015477159920673, 53.55659493947877], [10.016197263135894, 53.55682731495339], [10.016441784417081, 53.556785802223494], [10.016590610495717, 53.556658034172564], [10.016936027732497, 53.55666276112614], [10.017113649814249, 53.55655442844624], [10.017124358880789, 53.55638256713448], [10.016333322465584, 53.555933739099686], [10.016423508501402, 53.55586077498946], [10.017515876244893, 53.556306843843856], [10.017832041659451, 53.55626839679764], [10.017979259865022, 53.556120435362594], [10.0179283827386, 53.55597209754149], [10.017736096865862, 53.55586686869553], [10.01771471729659, 53.555664224024795], [10.01730472919686, 53.55545911155493], [10.017175360791816, 53.555248051411986], [10.017523333211594, 53.55495281182046], [10.017518645246719, 53.554760686971996], [10.01724869014486, 53.554615801407394], [10.016960214135041, 53.55460748824253], [10.016666036746384, 53.554770185458224], [10.016551391873083, 53.55499496464463], [10.01598218629794, 53.55473114407632], [10.016358220051925, 53.5544660763773], [10.016320159243184, 53.554316382568295], [10.016150949386267, 53.55421253666137], [10.015749522981025, 53.554196148230524], [10.015387377466428, 53.554454137174154], [10.014812849991825, 53.554243250767996]], [[10.015436474866386, 53.55607319414938], [10.01517049004445, 53.55615274228381], [10.015075749930755, 53.55609773770053], [10.01526751376846, 53.55597651026382], [10.015436474866386, 53.55607319414938]]]}, "properties": {"aed_id": "2338926757", "time_s": 120, "minutes": 2}}, {"type": "Feature", "geometry": {"type": "Polygon", "coordinates": [[[10.012836038329969, 53.552891833945054], [10.01277148225291, 53.553551498345016], [10.012484398394045, 53.55357542496718], [10.012303403588716, 53.55373449549323], [10.012371768158872, 53.55390158751577], [10.0126670024233, 53.55404584531845], [10.012603186428514, 53.55424211012741], [10.011711186198779, 53.5539564020646], [10.011458699113405, 53.55397419606583], [10.011282479991515, 53.55408333210867], [10.011318861745135, 53.554304895668416], [10.010920139347208, 53.55474728024383], [10.010906866941605, 53.554898185142044], [10.011869883344264, 53.55533123241072], [10.011810925552469, 53.55549736561106], [10.011491184016014, 53.555443984429054], [10.011249501229905, 53.55549100921044], [10.011108685287361, 53.55570629691879], [10.011326658491644, 53.55587372861671], [10.012929924867727, 53.55622626212454], [10.01318411947924, 53.55622275856547], [10.013375882624567, 53.556124964600706], [10.013655289910089, 53.55631174675614], [10.01262482769617, 53.55694283014653], [10.01235206139024, 53.55673361965025], [10.012353135145716, 53.55654513210192], [10.012195218829769, 53.55642647190811], [10.011840216779294, 53.55641245671834], [10.011552856822172, 53.55658417411375], [10.011513172038118, 53.55681400265013], [10.012097334409432, 53.55727110166299], [10.01173266671387, 53.557508184887816], [10.011338138262083, 53.55763808911941], [10.011328722826967, 53.55780997736145], [10.011563659880789, 53.558012069216495], [10.011828596451213, 53.55808056985822], [10.012097284170682, 53.558017461350424], [10.01248037368446, 53.557678907248786], [10.014157588929026, 53.556648449111776], [10.01529344520815, 53.557270072930535], [10.014482867957796, 53.55780076208342], [10.014512499933089, 53.55797183423188], [10.014802787588174, 53.55816219125625], [10.015213676664585, 53.55811235499507], [10.015312080866371, 53.55790163674609], [10.015840918922217, 53.55757949721425], [10.016124757741473, 53.55770340105919], [10.016518733824306, 53.55767451945619], [10.017341875837799, 53.557058807627634], [10.018130289383476, 53.55746235840959], [10.017776115725415, 53.557709019783424], [10.017921386175477, 53.55794323351283], [10.018574281530004, 53.558119404498775], [10.018816111210871, 53.55807262118425], [10.018960018824222, 53.55794661125266], [10.019314214441453, 53.557988046081356], [10.019546383932271, 53.55792630556151], [10.019827720489467, 53.55742478170148], [10.020211949095284, 53.55737952393577], [10.020340196304794, 53.55712802144302], [10.019928364764628, 53.55649456956326], [10.018940330884266, 53.55605994720996], [10.019110727817102, 53.555951334595925], [10.019559014621048, 53.556147072781144], [10.019881682011732, 53.55614935490649], [10.02007817136855, 53.55602330678475], [10.020229507711479, 53.55566226842978], [10.019850559949061, 53.55544388004135], [10.019933802274608, 53.555290796839245], [10.019825342751709, 53.555030973091775], [10.019193078431178, 53.55487018016301], [10.019387480098311, 53.554704813869414], [10.019266335616184, 53.55450562654181], [10.018750965669225, 53.55434912773797], [10.018507947833918, 53.554393633585484], [10.018299256024452, 53.554533899379564], [10.018131782949224, 53.55446129152142], [10.018714482066148, 53.553986845718484], [10.019137267790422, 53.55396776098377], [10.019342836740233, 53.55386678263307], [10.019472475967229, 53.553671835426684], [10.019340613865586, 53.55348680914159], [10.019463102007691, 53.55332293074804], [10.019363997538877, 53.553161393909804], [10.019102105870283, 53.55308890003093], [10.01883083828876, 53.5531479145966], [10.017589196700296, 53.554141785162926], [10.01726381345045, 53.55402315232317], [10.016952505334991, 53.55407370107439], [10.01682635178051, 53.55420514944789], [10.016862176672323, 53.55440172135654], [10.016596485830943, 53.554370992718354], [10.01655082796235, 53.55426790524532], [10.017420692115103, 53.55356046483728], [10.017786309987866, 53.55362700498985], [10.018052291823883, 53.55348631831899], [10.018079922992483, 53.553252515202814], [10.017962934166027, 53.55311970707786], [10.018153784308247, 53.55286989684057], [10.017925910656505, 53.55268290575206], [10.017564831210722, 53.552659472116375], [10.017345415640218, 53.552735954599726], [10.017265571141342, 53.55292633011217], [10.015387377466434, 53.554454137174154], [10.015525500125335, 53.55408760915127], [10.014894994341729, 53.55364143937705], [10.015095555616274, 53.55354764388718], [10.015448650226544, 53.55357053336399], [10.015678640540363, 53.55343059966586], [10.015686910491779, 53.553258690504606], [10.015398317937214, 53.553037386534214], [10.014981433935633, 53.55303116771737], [10.013682367163366, 53.553654775990374], [10.013697926650586, 53.55289385726512], [10.013508615477354, 53.55276397989012], [10.013119904637644, 53.55273433865786], [10.012836038329969, 53.552891833945054]], [[10.017261162758093, 53.55642041873294], [10.016333322465584, 53.555933739099686], [10.016423508501402, 53.55586077498946], [10.01741701118145, 53.55631125824412], [10.017261162758093, 53.55642041873294]], [[10.015982186297943, 53.55473114407632], [10.016089812988891, 53.55475463151217], [10.016551391873081, 53.55499496464463], [10.015982186297943, 53.55473114407632]], [[10.014193715752398, 53.55599601862875], [10.012767413393817, 53.55505692819502], [10.012924167725792, 53.55489176441209], [10.014684997997662, 53.55568931699423], [10.014193715752398, 53.55599601862875]], [[10.014011196249964, 53.55479221837579], [10.01523715766251, 53.555335351562945], [10.01325238668466, 53.554475786570315], [10.014011196249964, 53.55479221837579]], [[10.014429589273524, 53.554013433777996], [10.014282268032076, 53.55394445812288], [10.014313732592658, 53.55392812051022], [10.014429589273524, 53.554013433777996]], [[10.012285695528249, 53.55465108659527], [10.012101287691937, 53.55484538428889], [10.01177992725341, 53.554742474294805], [10.011959840529446, 53.55454391199245], [10.012285695528249, 53.55465108659527]], [[10.015450115293671, 53.55607271113654], [10.015170490044449, 53.55615274228381], [10.015075749930755, 53.55609773770053], [10.015267513768462, 53.555976510263804], [10.015450115293671, 53.55607271113654]], [[10.017829832884534, 53.55671595520323], [10.0180101889068, 53.55658971639331], [10.019073793979912, 53.557094737954394], [10.01883624439354, 53.55723170252217], [10.017829832884534, 53.55671595520323]], [[10.018208697902436, 53.55570065781122], [10.017176024877736, 53.55524750227018], [10.017687400883283, 53.55482453091947], [10.01887237629964, 53.55533488287758], [10.018208697902436, 53.55570065781122]]]}, "properties": {"aed_id": "2338926757", "time_s": 240, "minutes": 4}}, {"type": "Feature", "geometry": {"type": "Polygon", "coordinates": [[[9.98031908815313, 53.559083263685785], [9.980085379682158, 53.55924300323097], [9.980122257349734, 53.559727675532514], [9.980410379541272, 53.55981422988276], [9.98071166181715, 53.559734558063475], [9.981299550591018, 53.55989490182951], [9.980801820360831, 53.560113117433275], [9.98053681345118, 53.56001377463117], [9.98022874124859, 53.560071008111386], [9.980107314911121, 53.56022705438501], [9.980199774208023, 53.5605373058064], [9.980506147007853, 53.56073948409236], [9.980824184791357, 53.560770525293805], [9.98104276033463, 53.56091854726141], [9.981953473863816, 53.56099735349665], [9.982301995144828, 53.56090815251142], [9.982448495552063, 53.560774842964655], [9.982749350347323, 53.560882346354205], [9.983107271605109, 53.56075918074701], [9.983424754764318, 53.56079584379345], [9.983823876506705, 53.560557023643426], [9.983881163663519, 53.56038680856007], [9.984537911444914, 53.560446995573265], [9.984848757760714, 53.560266219746076], [9.984825225428764, 53.55999709776589], [9.984349380848132, 53.55990392773587], [9.984471637568447, 53.55965913005799], [9.98432288662831, 53.55948861322614], [9.984043545273249, 53.55944485467998], [9.983791233513225, 53.55953396652378], [9.983310452230677, 53.55944492740608], [9.983078525634813, 53.55949865318126], [9.982997144371678, 53.55935365406099], [9.98392320300146, 53.55814462268718], [9.983922096229458, 53.557957419716125], [9.983728246150559, 53.55782992557008], [9.983222214074711, 53.55787718049007], [9.982970005706859, 53.558124830447476], [9.982608846327004, 53.558286544006286], [9.98181778744262, 53.5593861380111], [9.980573319587382, 53.559080282799336], [9.98031908815313, 53.559083263685785]]]}, "properties": {"aed_id": "2451944912", "time_s": 120, "minutes": 2}}, {"type": "Feature", "geometry": {"type": "Polygon", "coordinates": [[[9.977747456240754, 53.55795954514935], [9.977511661636981, 53.5581181909513], [9.977547846194971, 53.55841250630059], [9.978821575590295, 53.55922008818956], [9.979890390304492, 53.55954223148023], [9.97968888078043, 53.55971186137099], [9.97980698678649, 53.559911698521304], [9.980187174404216, 53.55995796240135], [9.98071166181715, 53.559734558063475], [9.981299550591018, 53.55989490182951], [9.981070743762062, 53.5599958946883], [9.980675798973804, 53.55986949206836], [9.98030866308453, 53.55999725333185], [9.980113802576177, 53.560181549800156], [9.980174869851043, 53.56037496600847], [9.978611330118074, 53.56109313019833], [9.978595436388419, 53.561304767171464], [9.978895391276088, 53.56147009125382], [9.978615886608319, 53.561962738903105], [9.978813680053616, 53.56218290050365], [9.979101163630325, 53.56219970842257], [9.979421393562333, 53.562051144608496], [9.979725900717781, 53.56201868483948], [9.979897487529747, 53.56178984319805], [9.980166459035848, 53.56167989425295], [9.98040180129371, 53.56181297441754], [9.981087027635326, 53.56188783782248], [9.981410627382772, 53.56215405467384], [9.982106032039928, 53.562066156168335], [9.982416962755657, 53.56231070000772], [9.983083305698287, 53.56220438620482], [9.983446949388371, 53.56229103532505], [9.983847328910107, 53.562188254550726], [9.984025118587542, 53.56200724414867], [9.984265531521846, 53.562071541543105], [9.98450995917239, 53.56202976916221], [9.984665367486603, 53.5618287005065], [9.984977003168622, 53.56170005646136], [9.985240701430884, 53.561805059894155], [9.985528024483726, 53.56178732218675], [9.985913876504398, 53.561466895503756], [9.986229954282335, 53.561674635103955], [9.986585753248558, 53.56167727404014], [9.986789386277653, 53.56148059846021], [9.98662989892615, 53.561239870244464], [9.987194038822675, 53.5612671639808], [9.987459724106598, 53.56115808522203], [9.98767088287305, 53.56025369084886], [9.987251547188734, 53.55984801297205], [9.986632330385572, 53.55964827880954], [9.986222538578629, 53.55975373966628], [9.986036206249207, 53.55967276121301], [9.985781988235347, 53.559676213559506], [9.985542717973297, 53.55985810566853], [9.98574659662836, 53.56018806501568], [9.985665706387927, 53.560230035156174], [9.985027482177538, 53.560075667038895], [9.984953729952778, 53.55985437921484], [9.984467694167988, 53.55970007643807], [9.98440026804048, 53.55953578918115], [9.98412343693531, 53.559443605972376], [9.984043978005351, 53.55920124647332], [9.983624123571014, 53.559150545458515], [9.983783995594091, 53.558811501362676], [9.984042932005636, 53.559153087562166], [9.984612956723046, 53.55928972907535], [9.984966891529002, 53.55925456582145], [9.985195174506478, 53.55910493884894], [9.985486153396447, 53.559178675918986], [9.985941458401827, 53.5591533086147], [9.986429037233613, 53.55886453933902], [9.986564851483534, 53.558473734994564], [9.98680795547875, 53.55823811563494], [9.986779692603347, 53.55808765358674], [9.986597535091079, 53.557982020415174], [9.985732868045458, 53.55787024718827], [9.985519024885381, 53.55773235263119], [9.984273537746539, 53.5574952150539], [9.984353842302712, 53.55738711312025], [9.985406566359147, 53.5576422262554], [9.985749495276448, 53.55746909128084], [9.985601908303064, 53.55723539099584], [9.984565871654834, 53.55695090888408], [9.984578480985673, 53.55680177941543], [9.984813085418333, 53.55660745040586], [9.98463403802381, 53.55640247813541], [9.983988727369086, 53.55641702113817], [9.983852042871032, 53.55652803334439], [9.983826369813631, 53.55673719579269], [9.983596985089822, 53.55649228605602], [9.983329021368755, 53.5564281089184], [9.982773947282881, 53.556530153526026], [9.98249057553359, 53.55676077322805], [9.982196540064391, 53.556786192947115], [9.981832920761784, 53.55666371870113], [9.98139313394462, 53.55671544020306], [9.981204612459555, 53.5568170341006], [9.981129701409195, 53.55699051764713], [9.981326025862716, 53.55721996918051], [9.98054245346642, 53.557364951917826], [9.980169532578545, 53.557640767339564], [9.980141370714685, 53.55783218007819], [9.980569303734105, 53.5582236804137], [9.980827936134869, 53.55825594000219], [9.981291220291212, 53.55816061025311], [9.981632156715186, 53.55856067043733], [9.982442602149133, 53.558563023272164], [9.981817787442624, 53.55938613801109], [9.981097281614792, 53.55921915920665], [9.981012923159478, 53.55906945417902], [9.980752693262309, 53.558948983260464], [9.979512446803414, 53.55861235562979], [9.979122697428348, 53.55861996173187], [9.97812890085551, 53.55800192716194], [9.977747456240754, 53.55795954514935]], [[9.983553560679251, 53.55859898707597], [9.983613203300722, 53.55865872366808], [9.983677165431292, 53.55871465582577], [9.98352138980545, 53.5586646866089], [9.983553560679251, 53.55859898707597]], [[9.98358770203031, 53.55730748075876], [9.9830037000798, 53.55711646398102], [9.983110862694192, 53.557017296287896], [9.983213803984926, 53.55714924665563], [9.98358770203031, 53.55730748075876]], [[9.981858609737529, 53.56124734202533], [9.981796405852304, 53.561164144652004], [9.982033810574153, 53.56121807798693], [9.981858609737529, 53.56124734202533]]]}, "properties": {"aed_id": "2451944912", "time_s": 240, "minutes": 4}}, {"type": "Feature", "geometry": {"type": "Polygon", "coordinates": [[[10.031859918393382, 53.550668865080496], [10.031326806332391, 53.55045073819512], [10.031053612140504, 53.55050648202547], [10.030689292423068, 53.55104640965277], [10.030789489239641, 53.55118555509616], [10.031015171915408, 53.551255262007224], [10.031263884380026, 53.55122388455542], [10.031416877526357, 53.551115859358354], [10.031628271192636, 53.55119175737663], [10.031923313178913, 53.551179124219246], [10.031393446265032, 53.55188791578335], [10.031470248481149, 53.552053702153394], [10.031758339244938, 53.55214022979478], [10.032027866494541, 53.55207846285906], [10.032244537357515, 53.55183013186549], [10.03253788246906, 53.55173670549698], [10.032609481552022, 53.55136625408469], [10.033680421002792, 53.551658362736966], [10.034073010035259, 53.55157073048995], [10.03414314930095, 53.55142520662689], [10.034051302407146, 53.55102990846994], [10.033820066768337, 53.55089915539852], [10.033425661405879, 53.55086015316181], [10.033541355597162, 53.55070539441564], [10.034033083610819, 53.550829482212585], [10.034600991206332, 53.55086938527795], [10.034839299763506, 53.550816649285224], [10.03497232265336, 53.550664001422575], [10.034770203043747, 53.550445256271736], [10.032745414060562, 53.54991506334224], [10.032354383082316, 53.55002746204635], [10.031859918393382, 53.550668865080496]]]}, "properties": {"aed_id": "2458359657", "time_s": 120, "minutes": 2}}, {"type": "Feature", "geometry": {"type": "Polygon", "coordinates": [[[10.02868751009019, 53.55180118187835], [10.028349410186474, 53.551914500525555], [10.02816305584843, 53.55234151318675], [10.028301887636282, 53.552468346940906], [10.029096610763197, 53.55273059709943], [10.029413040739405, 53.5526930104412], [10.029762572024952, 53.55244242693547], [10.030086890701256, 53.552417323526655], [10.033066696850844, 53.55252115341837], [10.0337003322039, 53.55259547059117], [10.034444855849042, 53.55280331095825], [10.035016090032006, 53.55272637066404], [10.035360435259806, 53.55256328577377], [10.035671051334813, 53.5525372994773], [10.035835363675098, 53.55242176763616], [10.035739800611312, 53.552178664299156], [10.035277882527152, 53.55210976400423], [10.035430830281229, 53.55190993925797], [10.035741898995754, 53.55177716589844], [10.035700671837182, 53.551553481984996], [10.036804512633706, 53.550082555117335], [10.03681426958462, 53.549910673927535], [10.036547072227256, 53.5497708228402], [10.03620336956981, 53.54982543315003], [10.035550159264945, 53.550642453433284], [10.032853367993406, 53.54992972601358], [10.032585871551392, 53.54992827213155], [10.032318611019623, 53.55006036759383], [10.031859918393382, 53.550668865080496], [10.03139981916931, 53.550457789912215], [10.031003202515256, 53.55053871744847], [10.030026379816531, 53.55186074863322], [10.02868751009019, 53.55180118187835]], [[10.032167465476043, 53.55193345301654], [10.032574874393806, 53.55169856025614], [10.032609481552022, 53.55136625408469], [10.033876731802659, 53.55171693816904], [10.03357647066983, 53.551786818728935], [10.033443681047597, 53.55197617327942], [10.032167465476043, 53.55193345301654]], [[10.031436295603472, 53.551128921556376], [10.031923313178913, 53.551179124219246], [10.031362131221577, 53.55190548735364], [10.03083498521427, 53.55188580480721], [10.031436295603472, 53.551128921556376]], [[10.034908960273544, 53.551504581436895], [10.03491886239553, 53.55146356738154], [10.034950350578473, 53.55145039937272], [10.034908960273544, 53.551504581436895]]]}, "properties": {"aed_id": "2458359657", "time_s": 240, "minutes": 4}}, {"type": "Feature", "geometry": {"type": "Polygon", "coordinates": [[[9.983597529697809, 53.55545593096894], [9.983358048572311, 53.55564215485696], [9.983326876371772, 53.55581669913796], [9.983851699352055, 53.5561721809191], [9.983826369813631, 53.55673719579269], [9.983596985089822, 53.55649228605602], [9.983329021368755, 53.5564281089184], [9.982846783199209, 53.556573131133575], [9.982703099479744, 53.556745178609965], [9.982808357357298, 53.55690533194476], [9.983598917941016, 53.557292382830006], [9.98323211727683, 53.55737530970983], [9.983124354252622, 53.5575564251887], [9.983390292712961, 53.557870380414464], [9.98367922337165, 53.55795595879057], [9.984032426916585, 53.55782138557862], [9.98452122385058, 53.55715911577381], [9.984576754926293, 53.55684012912056], [9.985241789821284, 53.556893370542205], [9.985510970215998, 53.55667894285761], [9.98502143060332, 53.556269901669296], [9.984604201404794, 53.55622811397291], [9.984763365897463, 53.555891556089584], [9.9850660092568, 53.5557194948491], [9.984936114558034, 53.55542896168515], [9.984382234415326, 53.555194338681794], [9.983597529697809, 53.55545593096894]]]}, "properties": {"aed_id": "2712496834", "time_s": 120, "minutes": 2}}, {"type": "Feature", "geometry": {"type": "Polygon", "coordinates": [[[9.980614317683889, 53.55521051095856], [9.98033250968573, 53.55536932309705], [9.98041223226596, 53.555704890099484], [9.980574757590029, 53.555880606352716], [9.980864391387936, 53.5559731533108], [9.981381546820906, 53.55633849013259], [9.9809592520265, 53.556166738675074], [9.980572894226752, 53.55626375888864], [9.980540285293818, 53.55647471573969], [9.980837000949903, 53.556673183868845], [9.980768209009677, 53.55690609034121], [9.98229334850495, 53.55766218059251], [9.98217407731821, 53.557882909678774], [9.981531554252973, 53.55799116273695], [9.981355159967679, 53.55817514301303], [9.981471540371093, 53.55845481196314], [9.981632156715186, 53.55856067043733], [9.982442602149133, 53.558563023272164], [9.982139562779857, 53.55897090647276], [9.982006310522586, 53.55937911529447], [9.982059595742083, 53.559527154101936], [9.9822585204266, 53.55962146263286], [9.982609669089417, 53.559587286013944], [9.98285010785767, 53.55933672474097], [9.983062423310267, 53.5592523169126], [9.983553560679251, 53.55859898707597], [9.98399682551173, 53.559118638470714], [9.984198866441249, 53.55921056703429], [9.984717378889393, 53.559258131932935], [9.985059064372207, 53.559115620671655], [9.985605878657339, 53.55918374305778], [9.985988295326802, 53.55913899204314], [9.986358459615657, 53.55887704650272], [9.986438807396445, 53.55851393233302], [9.986652497785819, 53.55841331158472], [9.986813237774555, 53.558150497381476], [9.986630424485979, 53.557992157644875], [9.985732868045458, 53.55787024718827], [9.98566375476496, 53.557795803109215], [9.985898407797846, 53.55773397667816], [9.987070025932473, 53.55782372508151], [9.987292835939309, 53.557953404655265], [9.987611987791903, 53.55795409182168], [9.988089586885332, 53.55776699837266], [9.988193464901785, 53.55760652557323], [9.987985784945353, 53.55741136319025], [9.987445352951092, 53.55739020083134], [9.98763757439258, 53.55718601813637], [9.988084301456231, 53.557113609161135], [9.988252289776575, 53.55751098696969], [9.988843432617822, 53.55765364350902], [9.989138243760367, 53.55757550133313], [9.989238063368967, 53.55732218576832], [9.989464680929574, 53.55718852634236], [9.989366701239856, 53.55694576170069], [9.988613650346938, 53.55675758881294], [9.989443229879958, 53.55648524779862], [9.989526740711021, 53.556240573288], [9.989142073201133, 53.556101989540416], [9.988316275428483, 53.55634284022237], [9.988184623603058, 53.55603832783425], [9.988391385929978, 53.55591118837534], [9.988497360491122, 53.555584860249304], [9.988313722493496, 53.55532106508045], [9.98785849038109, 53.55520000709426], [9.986941932487321, 53.555410600548896], [9.986947373211015, 53.554883848687254], [9.986775662623371, 53.55472116690902], [9.986455544538142, 53.554697000718704], [9.986221929632633, 53.55482790438574], [9.984870068354482, 53.55459579295163], [9.98507088225111, 53.55428687680138], [9.985686427126423, 53.5543313290309], [9.98597484264775, 53.554150104414035], [9.985834370056796, 53.553934737651396], [9.985337487023145, 53.55385718107975], [9.985400609080548, 53.55362878890993], [9.985175469842325, 53.55347808502227], [9.984777964628945, 53.553436468342056], [9.984521585566307, 53.55355313853461], [9.98457137232363, 53.55380295206971], [9.984003249208824, 53.5547127335047], [9.983831395716201, 53.55472941703321], [9.98182717699255, 53.55426740006916], [9.981559466239027, 53.55443463322767], [9.98148228038544, 53.55537693461109], [9.980614317683889, 53.55521051095856]], [[9.984917052791374, 53.55764449681], [9.98427353774654, 53.5574952150539], [9.984353842302713, 53.55738711312025], [9.984893987817388, 53.55753295957622], [9.984917052791374, 53.55764449681]], [[9.984572410598888, 53.55691289678423], [9.984576754926293, 53.55684012912056], [9.985169179244942, 53.55690180198364], [9.985454345143685, 53.5567959950455], [9.986713600040671, 53.556767819894205], [9.986952162275202, 53.55732340554144], [9.985723321479396, 53.55726094748152], [9.984572410598888, 53.55691289678423]], [[9.984640671714976, 53.55506975793252], [9.985111226403848, 53.555102983168815], [9.985045960762028, 53.55544762454403], [9.984801478450208, 53.55537649160077], [9.984637332462732, 53.55521611864196], [9.984640671714976, 53.55506975793252]], [[9.983302890346792, 53.55721874161349], [9.983223826446057, 53.557155203967355], [9.983587702030311, 53.55730748075876], [9.983302890346792, 53.55721874161349]], [[9.98327914313865, 53.556166806471474], [9.982904295576072, 53.556150719521526], [9.982619332870522, 53.55626778780549], [9.982364281880512, 53.55612780768433], [9.982668459806602, 53.55606492660244], [9.982782476566399, 53.55586471839877], [9.983355780563883, 53.55587497811603], [9.983851699352055, 53.5561721809191], [9.983838977171104, 53.55645639578842], [9.983680202386896, 53.55631192162534], [9.98327914313865, 53.556166806471474]], [[9.98192151410076, 53.55665299816622], [9.98204867165941, 53.55656807686498], [9.982420599522404, 53.55675383039907], [9.982196540064391, 53.556786192947115], [9.98192151410076, 53.55665299816622]], [[9.9825871560273, 53.55541144376872], [9.982235945800282, 53.55540339515494], [9.982246596401987, 53.55521180091858], [9.982609271435898, 53.55520503565489], [9.9825871560273, 53.55541144376872]], [[9.9837758299743, 53.556722127255355], [9.983830472355255, 53.55664608083329], [9.983826369813631, 53.55673719579269], [9.9837758299743, 53.556722127255355]], [[9.985111348491237, 53.55633932932964], [9.984991971310055, 53.556256083840445], [9.986523319491234, 53.55622816105608], [9.98669793199354, 53.55611432734122], [9.986774633572686, 53.55586908145246], [9.987198133206595, 53.5559312808007], [9.987421565085567, 53.556059102050504], [9.987511082450581, 53.556298363906585], [9.985111348491237, 53.55633932932964]]]}, "properties": {"aed_id": "2712496834", "time_s": 240, "minutes": 4}}, {"type": "Feature", "geometry": {"type": "Polygon", "coordinates": [[[9.975780305043005, 53.55198435555002], [9.97539271700232, 53.551895280615675], [9.974950009409246, 53.55209013537143], [9.974926988125874, 53.55226156855981], [9.975214948427068, 53.55253559731331], [9.974936032809023, 53.552568369728256], [9.974468312231343, 53.552841227954104], [9.97454356659785, 53.55335689379], [9.974942963927726, 53.55347979015563], [9.975312486520465, 53.553264403710955], [9.97536193759158, 53.553446421461366], [9.975800989572237, 53.553675214647285], [9.976082048117767, 53.55363564133979], [9.976226354171501, 53.55351014009266], [9.977176482351487, 53.55430985719244], [9.977588947518848, 53.55435472672339], [9.977816404374803, 53.55414498110426], [9.977579511953277, 53.55387424821497], [9.978657558504478, 53.55345929172595], [9.97872657937365, 53.55321302113005], [9.978516136106535, 53.553095237672196], [9.977933844388964, 53.55304386037323], [9.977729138689247, 53.553133651267565], [9.97766958952035, 53.55329285525865], [9.977292489079511, 53.55344661651106], [9.977381527012895, 53.55328677764555], [9.977313658476763, 53.553140871058794], [9.977105757332009, 53.55305372247941], [9.976846729094705, 53.55306634169095], [9.976711548519608, 53.55294562154167], [9.97755446462025, 53.55265024869338], [9.977574865894285, 53.552497697024904], [9.977308197178616, 53.55216542649619], [9.976930159987086, 53.5520574531657], [9.9760764924124, 53.55228120577916], [9.975780305043005, 53.55198435555002]]]}, "properties": {"aed_id": "2858746766", "time_s": 120, "minutes": 2}}, {"type": "Feature", "geometry": {"type": "Polygon", "coordinates": [[[9.973249258949139, 53.550698265951475], [9.973127323411656, 53.55089728091712], [9.973381078443012, 53.55129886434128], [9.97289907257432, 53.55135832101086], [9.97255548253841, 53.551305776743234], [9.972285258802502, 53.55144355908986], [9.972350178465827, 53.551671342836016], [9.972953485253948, 53.55186714777833], [9.972627091939692, 53.5520109805142], [9.972544804343904, 53.55216541147453], [9.972267485619101, 53.55216588626566], [9.972077074821225, 53.55226620970474], [9.972045326559781, 53.55243714787002], [9.972284267600651, 53.55271238645263], [9.972041370651247, 53.552816654747076], [9.971975744214834, 53.552962924613574], [9.972107884948064, 53.55311584741623], [9.972609607303111, 53.55325677060677], [9.973061489523873, 53.5532045993962], [9.972943829351395, 53.553673164439054], [9.973149536833292, 53.55384600801596], [9.973401965192336, 53.5538640969959], [9.973616365397346, 53.5537827200785], [9.973798953642484, 53.553302788783476], [9.97441351063742, 53.553699444639925], [9.974509691352498, 53.553966444909726], [9.9741542019601, 53.55410939342455], [9.973747256180863, 53.554030682366765], [9.973509862408342, 53.55415277739262], [9.973447337142982, 53.55436970783557], [9.973706599514585, 53.55463873750305], [9.974328381043273, 53.55499773103223], [9.974700686072994, 53.55490822572095], [9.974964043837373, 53.55498562599777], [9.975270817215403, 53.554940120512434], [9.975675653882297, 53.555046591503256], [9.976009619628016, 53.55493519844762], [9.976102085886518, 53.55476049787262], [9.977152231842837, 53.55520707384414], [9.978039837613064, 53.55501208073348], [9.978289275083366, 53.55529412613753], [9.977230186768274, 53.555619902191125], [9.97712565890264, 53.55578605018236], [9.977252413523635, 53.55595258704705], [9.977473213732026, 53.55602766229925], [9.97825526378629, 53.556045255748245], [9.979000327931075, 53.55589700538334], [9.97866361813793, 53.556148317881146], [9.978797073379267, 53.55638501113681], [9.979147908471635, 53.55642021793296], [9.979440346875286, 53.556274214340775], [9.979706069077807, 53.556380054162034], [9.979988414884074, 53.55634382632288], [9.980286365323014, 53.556180929117566], [9.980349402491646, 53.55603531541764], [9.980661498295564, 53.55599981251353], [9.980873533990753, 53.55581330426963], [9.980741729618419, 53.555619153479576], [9.980926055291041, 53.55527717316062], [9.980873218503456, 53.55505463885133], [9.98071102802531, 53.55493804273601], [9.980341070078822, 53.55488080764977], [9.980169336817525, 53.554742056171165], [9.98032862645827, 53.55352205751224], [9.981358525306412, 53.55350461908377], [9.981554560693612, 53.553351999667306], [9.981484063754936, 53.5531452222389], [9.981232832315488, 53.55306039716542], [9.98049075655737, 53.55307403445456], [9.980889550003875, 53.552987290149034], [9.981001686729265, 53.55278624108679], [9.980876727227434, 53.55265438961196], [9.980645627789098, 53.55259902675444], [9.980523568263317, 53.552437900734716], [9.980289194665561, 53.552379228510915], [9.979928444614975, 53.55250646069646], [9.979660225460243, 53.5532227922149], [9.978307090012601, 53.55308525676407], [9.977625880927816, 53.55239849718192], [9.977827369978451, 53.55152327265199], [9.978611642226861, 53.551563032712586], [9.978807245170659, 53.551466318892444], [9.97885541958792, 53.55131766132019], [9.978641878557774, 53.55114822586387], [9.97791828522006, 53.55107704112729], [9.977989438414497, 53.55064500956342], [9.977794633776904, 53.55046774905655], [9.977465030737685, 53.550433319948134], [9.977208655308502, 53.55051248120583], [9.97712001011129, 53.55065438004929], [9.977194895016689, 53.550880690032585], [9.976781907823502, 53.55084901897008], [9.97631479771538, 53.55098874275283], [9.976034493775028, 53.55073802710436], [9.975646852427007, 53.55072862305463], [9.97545019113803, 53.55092778084119], [9.975626133641981, 53.551175358955234], [9.975161388929074, 53.551332782797424], [9.974143703067952, 53.55021575683386], [9.973727520601686, 53.5502459096455], [9.973475847848661, 53.550437859751334], [9.973539197198438, 53.550642428315655], [9.973249258949139, 53.550698265951475]], [[9.975601191945344, 53.55366407551227], [9.975556193342282, 53.55369759529188], [9.975537699810454, 53.553669819942215], [9.975601191945344, 53.55366407551227]], [[9.97605596861937, 53.552260506509676], [9.975659368737464, 53.55186048492225], [9.976109094947189, 53.551701890049614], [9.976486337920294, 53.552112276424616], [9.97605596861937, 53.552260506509676]], [[9.974129831616173, 53.552536118004596], [9.973995732820446, 53.552565910557526], [9.973933497921601, 53.552388582834304], [9.974060389525034, 53.552416172979925], [9.974129831616173, 53.552536118004596]], [[9.972939832591615, 53.552468443690074], [9.972837061406155, 53.55237931221245], [9.973132282593559, 53.5524784225918], [9.972939832591615, 53.552468443690074]], [[9.974883628265374, 53.55452413786988], [9.974894992127888, 53.55449157272895], [9.974906520137793, 53.55454151026731], [9.974883628265374, 53.55452413786988]], [[9.97773520438976, 53.553810765587734], [9.978051700218938, 53.55368171516453], [9.979327019981497, 53.55477147776105], [9.979076740105741, 53.554888140626204], [9.97773520438976, 53.553810765587734]], [[9.979561329486296, 53.55366910415858], [9.979529675904521, 53.55406582835358], [9.979520734780646, 53.55417765456858], [9.978845466493397, 53.55358718519053], [9.979561329486296, 53.55366910415858]], [[9.976728129645785, 53.55296042590931], [9.977133599440085, 53.55279408567711], [9.977645891117621, 53.55330251825879], [9.977292489079515, 53.55344661651106], [9.977381527012895, 53.55328677764555], [9.977313658476763, 53.553140871058794], [9.977105757332009, 53.55305372247941], [9.976846729094705, 53.55306634169095], [9.976728129645785, 53.55296042590931]], [[9.976894113527303, 53.551619961181395], [9.97704453659759, 53.55162993753312], [9.977016303534457, 53.55175288422035], [9.976894113527303, 53.551619961181395]]]}, "properties": {"aed_id": "2858746766", "time_s": 240, "minutes": 4}}, {"type": "Feature", "geometry": {"type": "Polygon", "coordinates": [[[9.982147152521653, 53.55583020664053], [9.981806273134543, 53.55568481585787], [9.981248782025864, 53.55582156523023], [9.981155973927706, 53.55600559257763], [9.981362878503944, 53.55635080374258], [9.980648868509228, 53.55598141245135], [9.980292906386422, 53.556073357943276], [9.98024654879072, 53.55628340045802], [9.98089337272706, 53.55670604030126], [9.982153228252402, 53.55732645821746], [9.982280880038964, 53.55764671432959], [9.982999401261939, 53.55786171431904], [9.982759744459797, 53.558278889815426], [9.98290627543491, 53.55847193834487], [9.983291724046586, 53.55849856176311], [9.983898437125779, 53.55818271539017], [9.984149400713164, 53.558273029347504], [9.984400115414992, 53.558247780074375], [9.984969262236985, 53.55783500356005], [9.984831312841166, 53.55763972681533], [9.984273537746542, 53.5574952150539], [9.984531072865074, 53.5571378585831], [9.984530505819802, 53.556784849592475], [9.984235454543702, 53.55666646674684], [9.983893220192662, 53.55675712729518], [9.983775829974306, 53.556722127255355], [9.983807571549951, 53.5564058254064], [9.983260708358669, 53.55616120175843], [9.982899424569535, 53.55615152641099], [9.98261933287052, 53.55626778780549], [9.98216604313072, 53.55601047549236], [9.982147152521653, 53.55583020664053]], [[9.98330289034679, 53.55721874161349], [9.983185921928332, 53.55717964252816], [9.98358770203031, 53.55730748075876], [9.98330289034679, 53.55721874161349]], [[9.981921514100756, 53.55665299816622], [9.982048671659408, 53.55656807686498], [9.982420599522404, 53.55675383039907], [9.982196540064391, 53.556786192947115], [9.981921514100756, 53.55665299816622]]]}, "properties": {"aed_id": "2923880968", "time_s": 120, "minutes": 2}}, {"type": "Feature", "geometry": {"type": "Polygon", "coordinates": [[[9.978046131028787, 53.55468543372796], [9.9779454690269, 53.554888625619526], [9.978289275083368, 53.55529412613753], [9.978069539879407, 53.555411951535774], [9.977257094861605, 53.555604751670735], [9.97715708745742, 53.555865755508314], [9.977449931475013, 53.55614390731081], [9.977718571195613, 53.55620707207048], [9.979000327931072, 53.55589700538334], [9.97804012941271, 53.556440060990106], [9.978036672060098, 53.55670776400546], [9.978502345286545, 53.5568920550422], [9.979147691646348, 53.556765962738275], [9.97950364964419, 53.55680350409613], [9.979732485742261, 53.556701213976986], [9.980366656494446, 53.55693788315837], [9.980720514110086, 53.55690486384251], [9.981437814044165, 53.55727618793168], [9.980988757181532, 53.557418761695295], [9.980942147495115, 53.557717701386544], [9.980429319198327, 53.55793852308413], [9.980448167613714, 53.55815007409858], [9.980754059227715, 53.55825827375569], [9.981291220291215, 53.55816061025311], [9.98148800700808, 53.558474563723145], [9.981699861323639, 53.55857842659196], [9.982442602149137, 53.558563023272164], [9.981968017638607, 53.55924656344536], [9.981810114126192, 53.55939575731793], [9.981533565002158, 53.55948478704025], [9.981328143877434, 53.559709210805146], [9.981380431924064, 53.55987834968325], [9.98177160407945, 53.56012546456697], [9.98208301204887, 53.56015497193706], [9.982408219868697, 53.56000552753011], [9.982694896569486, 53.560034912288856], [9.982930282501874, 53.55993523319872], [9.983070691127615, 53.55970058345519], [9.982997144371678, 53.55935365406099], [9.983553560679253, 53.55859898707597], [9.984091028268097, 53.55925804152511], [9.984181104070762, 53.559555166673604], [9.984548358954932, 53.559675685526415], [9.98527175813304, 53.55947555486994], [9.98532707345294, 53.55930675782246], [9.985169084000548, 53.5591095202361], [9.985486153396447, 53.559178675918986], [9.985941458401827, 53.5591533086147], [9.98679220909632, 53.55885369710964], [9.987232766025405, 53.55847285225515], [9.987600705124182, 53.55847171615149], [9.987863279497073, 53.55834183467254], [9.987886984081014, 53.55815020811829], [9.987653241179428, 53.5580177309335], [9.985732868045458, 53.55787024718827], [9.98566375476496, 53.557795803109215], [9.985898407797846, 53.55773397667816], [9.987219780338247, 53.55781740909475], [9.987447322530546, 53.557711479052045], [9.987482419473947, 53.557540773345764], [9.987335820202505, 53.55741706975135], [9.986936642357097, 53.5573197884467], [9.98572332147941, 53.557260947481524], [9.984565871654834, 53.55695090888408], [9.984576754926293, 53.55684012912056], [9.985169179244942, 53.55690180198364], [9.98548170324683, 53.55676486821068], [9.985467077729837, 53.556572919928314], [9.985149859258595, 53.55645078566736], [9.985048104272341, 53.55628519869502], [9.984604201404794, 53.55622811397291], [9.984763365931697, 53.55589539774926], [9.985412619837621, 53.555848189992176], [9.98554547201244, 53.55571910050059], [9.985510636560862, 53.55556912792247], [9.985323929457746, 53.55546635654883], [9.984962783879471, 53.55544713766336], [9.984579671367989, 53.55519698190039], [9.983875545707761, 53.55515018651791], [9.983801064911637, 53.554906761926645], [9.983401916017668, 53.5546727254462], [9.982289074015942, 53.55476139187036], [9.98236292981993, 53.554538336310586], [9.982275703762252, 53.55439781315314], [9.982420971980073, 53.55419420734168], [9.98215469946316, 53.553976061577224], [9.981705424611965, 53.55398581104454], [9.981568887300838, 53.55419702208115], [9.981250104626234, 53.554403743979755], [9.980311257305813, 53.554856720574534], [9.980169336817521, 53.55474205617117], [9.980199578192806, 53.55449436646605], [9.97990717898617, 53.554373686536515], [9.979601555250785, 53.554435326964224], [9.97938232652055, 53.554745678386496], [9.97907674010574, 53.554888140626204], [9.978645479537306, 53.554615538520295], [9.978046131028787, 53.55468543372796]], [[9.982169994801605, 53.55677418948901], [9.981921514100758, 53.55665299816622], [9.982048671659408, 53.55656807686498], [9.982420599522404, 53.55675383039907], [9.982169994801605, 53.55677418948901]], [[9.9825871560273, 53.55541144376872], [9.982235945800282, 53.55540339515494], [9.982246596401984, 53.55521180091858], [9.982609271435898, 53.55520503565489], [9.9825871560273, 53.55541144376872]], [[9.98093047378955, 53.555233760525304], [9.981205401468078, 53.55504591763854], [9.98150023172525, 53.55505410928587], [9.98148228038544, 53.55537693461109], [9.98093047378955, 53.555233760525304]], [[9.98090098460475, 53.5560670256632], [9.980925968201285, 53.556011233620744], [9.981362878503944, 53.55635080374258], [9.98090098460475, 53.5560670256632]], [[9.981804559499492, 53.55761119098018], [9.981825763902858, 53.55753971834316], [9.98181155265864, 53.55746123546], [9.981935738717587, 53.55752057315462], [9.981804559499492, 53.55761119098018]], [[9.984276689373552, 53.55749600929555], [9.984353842302717, 53.55738711312025], [9.984893987817388, 53.55753295957622], [9.984917052791378, 53.55764449681], [9.984276689373552, 53.55749600929555]], [[9.983834762059638, 53.55644679157748], [9.9836571816181, 53.55630061861584], [9.983230366815505, 53.55615399196604], [9.982899424569535, 53.55615152641099], [9.98261933287052, 53.55626778780549], [9.982364281880518, 53.55612780768433], [9.982668459806602, 53.55606492660244], [9.982782476566399, 53.55586471839877], [9.983355780563883, 53.55587497811603], [9.983851699352055, 53.5561721809191], [9.983834762059638, 53.55644679157748]], [[9.98330289034679, 53.55721874161349], [9.983223826446057, 53.557155203967355], [9.98358770203031, 53.55730748075876], [9.98330289034679, 53.55721874161349]], [[9.9837758299743, 53.556722127255355], [9.983830472355255, 53.55664608083329], [9.983826369813631, 53.55673719579269], [9.9837758299743, 53.556722127255355]]]}, "properties": {"aed_id": "2923880968", "time_s": 240, "minutes": 4}}, {"type": "Feature", "geometry": {"type": "Polygon", "coordinates": [[[9.973481263325612, 53.553695967013475], [9.97314386552392, 53.55376314879962], [9.973043758766005, 53.553945814000116], [9.973634297653287, 53.5545056001837], [9.973653993208302, 53.55457823526207], [9.973417029093365, 53.55474328099918], [9.973515258231242, 53.554963654360506], [9.973432436783055, 53.5551292516804], [9.974217993108974, 53.55598975789218], [9.973968124101654, 53.55616899476832], [9.974085743860028, 53.55659201983405], [9.97429010402933, 53.55671355244642], [9.974652561556013, 53.55669525261843], [9.975151233498448, 53.55685226215939], [9.975801713744675, 53.55672511961758], [9.97611979412739, 53.55658073956408], [9.9763388815799, 53.55628744932894], [9.976202244677403, 53.55613593105272], [9.97595128322257, 53.556085543659385], [9.976182672493577, 53.555954276705286], [9.976201694804352, 53.55578266977063], [9.975977390414098, 53.55564453567116], [9.975659619991921, 53.555655674654304], [9.975827875500526, 53.55555285839406], [9.975859287251994, 53.555402617790506], [9.975555698138036, 53.55523023117153], [9.975429027008124, 53.555028128453955], [9.975779339437972, 53.5550234322104], [9.9760328369988, 53.554918019191696], [9.976097079954195, 53.554741552850565], [9.976861951441673, 53.55458072835754], [9.976969449911843, 53.55432078290437], [9.976381464690737, 53.55410210304322], [9.975940027195556, 53.554117801535824], [9.975853530096567, 53.55380077336839], [9.97530389109579, 53.55356563045325], [9.97505053828412, 53.55357832294511], [9.974634462949606, 53.55373380966035], [9.974509691352496, 53.553966444909726], [9.974154201960099, 53.55410939342455], [9.973481263325612, 53.553695967013475]], [[9.97535029074505, 53.554996893706125], [9.975296440306845, 53.55498398301176], [9.975301621994067, 53.55496682339375], [9.97535029074505, 53.554996893706125]], [[9.974918068487444, 53.55452773797098], [9.97489092819327, 53.554507052293], [9.974894992127888, 53.55449157272895], [9.974918068487444, 53.55452773797098]]]}, "properties": {"aed_id": "3325532605", "time_s": 120, "minutes": 2}}, {"type": "Feature", "geometry": {"type": "Polygon", "coordinates": [[[9.972391021485244, 53.55200771505235], [9.972073611234855, 53.55204223632363], [9.971921266221658, 53.552188341742756], [9.972284267600651, 53.55271238645263], [9.971902984675037, 53.55293801864152], [9.971848090386398, 53.553106863883635], [9.972339815469164, 53.55366833873083], [9.971942082903583, 53.55386182279737], [9.971933353347223, 53.554007634132276], [9.972116750675692, 53.55422085816327], [9.97192116438945, 53.554311718323234], [9.97186353797326, 53.554459178838805], [9.972788911952348, 53.55548327288909], [9.971730766948768, 53.55646112320126], [9.97178618121165, 53.55670286476896], [9.971502737797788, 53.55689331389441], [9.971568182469275, 53.55716702422588], [9.971764547546199, 53.55730832950926], [9.972088556241639, 53.557315912408214], [9.972154324701279, 53.55757994343914], [9.972396189325519, 53.55770714585299], [9.9728824426914, 53.557645859139335], [9.972994554061907, 53.55746568159799], [9.972845936207342, 53.5573049546076], [9.973262975752698, 53.55722802054168], [9.973442827433429, 53.55735806720107], [9.973762467295073, 53.5574249747527], [9.973697218496842, 53.55759947193084], [9.973888197590002, 53.55775435644405], [9.975134836960425, 53.55778039945385], [9.974603074004014, 53.55785554140852], [9.974485660415548, 53.55809523072843], [9.974704929490818, 53.55823620919727], [9.975153455760921, 53.55824897741235], [9.97515173019033, 53.55854966872346], [9.975574279103819, 53.55864116227511], [9.97597967513024, 53.55851988281469], [9.976112063108594, 53.55839062119674], [9.976076676711378, 53.55824069408674], [9.975904624523526, 53.55813902974948], [9.975877719384174, 53.55752581395151], [9.975960072912166, 53.55752493009628], [9.975933754257678, 53.55766079174338], [9.976064431012567, 53.55779066842711], [9.977120182123356, 53.55817671785086], [9.977435225872329, 53.558135093065125], [9.977646503534006, 53.55791997536402], [9.977906681259382, 53.55782282702866], [9.977923949931625, 53.557573362203996], [9.97754158508752, 53.55743480874852], [9.977828809636552, 53.5573010376753], [9.977943735686361, 53.55713981078813], [9.978211855992571, 53.55712397510751], [9.978387302428981, 53.55701439069343], [9.978406169521937, 53.55686340770788], [9.978256451583858, 53.55673114348233], [9.978828557504185, 53.55638384442077], [9.978749382962869, 53.5559374584013], [9.979072947037736, 53.555706715424634], [9.979118140452114, 53.55553685359979], [9.97858393752131, 53.55527142451607], [9.978155694008382, 53.5553659501521], [9.978045617180788, 53.555173958227485], [9.978171670905555, 53.55493099242002], [9.977870372245913, 53.55458964918355], [9.97766835616747, 53.5544986764136], [9.97767795183627, 53.554261667819446], [9.977327397845349, 53.55412535803697], [9.97640186479245, 53.55337986584061], [9.976659637870382, 53.55323226631223], [9.976736148466216, 53.55268185976924], [9.976085751815706, 53.552364317549554], [9.975552563486135, 53.552351171784515], [9.975662245953876, 53.552175353833896], [9.975531805102664, 53.552021915298596], [9.975220635804682, 53.55197109377767], [9.974691991496565, 53.55215714863736], [9.974229964786494, 53.55216356106507], [9.974051156390004, 53.55232350464041], [9.974153852210865, 53.552534079759056], [9.973995732820446, 53.552565910557526], [9.973816637147381, 53.552111161224566], [9.973561175327383, 53.551948902892796], [9.973205430128305, 53.55194915579399], [9.972932489099058, 53.55216697520462], [9.972919946324625, 53.55233879343365], [9.973132282593554, 53.5524784225918], [9.972918810035614, 53.55246795411577], [9.972600169257895, 53.55209379508284], [9.972391021485244, 53.55200771505235]], [[9.9750606503554, 53.557330274900565], [9.975107972242851, 53.55732368256405], [9.975108212328047, 53.55733070259109], [9.9750606503554, 53.557330274900565]], [[9.975660794295845, 53.55565665310217], [9.975707987571488, 53.555635437755335], [9.975710679611366, 53.555634313051534], [9.975660794295845, 53.55565665310217]], [[9.975548265408603, 53.555143098874545], [9.975429027008124, 53.555028128453955], [9.975924694088633, 53.55497751815703], [9.976102085886518, 53.55476049787262], [9.976295857427845, 53.55483990949983], [9.975548265408603, 53.555143098874545]], [[9.97535029074505, 53.554996893706125], [9.975296440306845, 53.55498398301176], [9.975301621994067, 53.55496682339375], [9.97535029074505, 53.554996893706125]], [[9.975601191945342, 53.55366407551227], [9.975556193342282, 53.55369759529188], [9.975537699810454, 53.553669819942215], [9.975601191945342, 53.55366407551227]], [[9.974918068487446, 53.554527737970986], [9.97489092819327, 53.554507052293], [9.974894992127888, 53.55449157272895], [9.974918068487446, 53.554527737970986]], [[9.974467341395696, 53.55396744858189], [9.974154201960099, 53.55410939342455], [9.973849357640203, 53.5539140295354], [9.973702499913918, 53.553639725517066], [9.973798953642484, 53.553302788783476], [9.97441351063742, 53.553699444639925], [9.974467341395696, 53.55396744858189]], [[9.973496277929774, 53.555655995210856], [9.973699931353888, 53.55545789973155], [9.9739136542147, 53.555691877388654], [9.973496277929774, 53.555655995210856]], [[9.976750757875575, 53.557153037820555], [9.976249688163248, 53.556804981531926], [9.976472993148837, 53.55672203591594], [9.976912813966285, 53.55706258072485], [9.976750757875575, 53.557153037820555]], [[9.976099599693372, 53.55602229688482], [9.977072735345267, 53.555617376989446], [9.977060785251636, 53.55535362713168], [9.976658354787775, 53.55523755295661], [9.976920385756172, 53.55512656119968], [9.977140202494894, 53.55539011599383], [9.977443809315721, 53.55552653350473], [9.976739103696978, 53.55586478774257], [9.976099599693372, 53.55602229688482]]]}, "properties": {"aed_id": "3325532605", "time_s": 240, "minutes": 4}}, {"type": "Feature", "geometry": {"type": "Polygon", "coordinates": [[[10.01391811742105, 53.54524183743902], [10.013031968340602, 53.545385549777606], [10.01271403874545, 53.54554144327678], [10.012835298171506, 53.54593136345781], [10.012488419725074, 53.54568884499581], [10.012234614641047, 53.54569727667499], [10.012047400809616, 53.545799692245076], [10.012021003262308, 53.54597095205208], [10.01239825533143, 53.54637190757494], [10.012153436648191, 53.54648585520118], [10.012100533699671, 53.54664108850538], [10.012223200178195, 53.54677369519681], [10.012539987771518, 53.54683160417987], [10.01282605711833, 53.54701443919424], [10.013238016632442, 53.546952857941676], [10.013464479586117, 53.5468085867211], [10.013456312820884, 53.54705493093564], [10.013799296425766, 53.547162877187795], [10.014083099777226, 53.547071498818866], [10.014796763584215, 53.54626745040778], [10.014431642343848, 53.5468953653793], [10.014691280645803, 53.54706702724596], [10.015067867588348, 53.54701157152146], [10.015794647815529, 53.54614316744657], [10.016140333399004, 53.546093707173085], [10.016502701793542, 53.545846107704826], [10.016503732129939, 53.54560893518413], [10.01685028870991, 53.54524244704921], [10.016722858774697, 53.54508812065605], [10.016449534986998, 53.545032662677826], [10.015907272221352, 53.545228789500555], [10.015252994082337, 53.545261283209335], [10.015126197846438, 53.54509541380977], [10.014853184454408, 53.54503941591478], [10.014243796359722, 53.54531270704721], [10.01391811742105, 53.54524183743902]]]}, "properties": {"aed_id": "3443293398", "time_s": 120, "minutes": 2}}, {"type": "Feature", "geometry": {"type": "Polygon", "coordinates": [[[10.01254356345179, 53.54570172937565], [10.012169621515016, 53.54571829855691], [10.012005603911883, 53.54588375847797], [10.012317932813973, 53.54630564646916], [10.009114454855682, 53.54740458014278], [10.008886467623418, 53.54760938512936], [10.008984331171641, 53.54781305791581], [10.009249338125167, 53.547881374596436], [10.009703910564536, 53.54780166375579], [10.01030169016296, 53.547822502922756], [10.010457138142947, 53.54801723601569], [10.011043832204193, 53.54809087569235], [10.01124257674302, 53.54824091242308], [10.012065330192875, 53.54829621117429], [10.012737677520509, 53.548461787272174], [10.01307216621153, 53.548389702648144], [10.01315195705219, 53.54817355173933], [10.013351860459057, 53.54832342225423], [10.013623578871512, 53.54839134402044], [10.014267144511606, 53.54829115987779], [10.014530098250008, 53.54797078200629], [10.01438204064999, 53.547768661828066], [10.015018122936963, 53.547640086497026], [10.015085376350356, 53.54742799180807], [10.015362948085885, 53.547210951011635], [10.015695942614137, 53.54715013515838], [10.01603695114305, 53.546779543087574], [10.016278458123677, 53.54668936224936], [10.016859034035972, 53.546025708742086], [10.017453781649438, 53.54618800746865], [10.017211680853395, 53.54655014465026], [10.017459630806158, 53.54675146621505], [10.017840494097978, 53.546707584542055], [10.01809686643757, 53.546428652799946], [10.018582368792691, 53.54671423040654], [10.019223649727735, 53.54654513106446], [10.019393839951702, 53.54630374919199], [10.019372239575148, 53.54615289681037], [10.018697723434066, 53.545908156194386], [10.018757383089435, 53.54567232305975], [10.019070549355297, 53.54565362619243], [10.019380553336944, 53.545447310974986], [10.019293908090992, 53.54521907930647], [10.018799102263312, 53.545051202053266], [10.01923257114674, 53.54485146659738], [10.019242329415265, 53.54470017820262], [10.019078981256213, 53.544575935364875], [10.019326161473, 53.54444194881385], [10.01933831012555, 53.544270121232024], [10.019142909631848, 53.544143504065204], [10.018854423103427, 53.544136267342935], [10.0166288246156, 53.54493075173778], [10.015473467598186, 53.54462671818411], [10.014681457292614, 53.54415962107362], [10.014110961547605, 53.54410950378792], [10.013862990866956, 53.544261377797184], [10.013937238900015, 53.5444685588123], [10.014322110454449, 53.544557583927975], [10.01506341108726, 53.545004230264915], [10.01582285440635, 53.54522646475566], [10.015252994082337, 53.545261283209335], [10.015097299539166, 53.545081629490554], [10.014780162403994, 53.54504639976355], [10.014243796359716, 53.54531270704721], [10.01391811742105, 53.54524183743902], [10.013334009468078, 53.54538521340936], [10.013031968340602, 53.545385549777606], [10.01254356345179, 53.54570172937565]], [[10.01384977858839, 53.547158954424226], [10.012817791707688, 53.54743200595532], [10.01319344597898, 53.54696620064646], [10.01346447958612, 53.5468085867211], [10.013456312820884, 53.54705493093564], [10.01384977858839, 53.547158954424226]], [[10.011867549663876, 53.547563444704814], [10.0109005301803, 53.54741534138972], [10.012422071309198, 53.54688470691766], [10.011867549663876, 53.547563444704814]], [[10.014601073198655, 53.546421358163485], [10.014843533615947, 53.54628385979463], [10.01414320745074, 53.547005072031425], [10.014601073198655, 53.546421358163485]]]}, "properties": {"aed_id": "3443293398", "time_s": 240, "minutes": 4}}, {"type": "Feature", "geometry": {"type": "Polygon", "coordinates": [[[9.965996153084486, 53.54641471284713], [9.966177219635519, 53.5466308688451], [9.96637458175284, 53.54670819501194], [9.966351992649589, 53.546788103598786], [9.96604000779843, 53.54681292381426], [9.965830894488303, 53.546915447068805], [9.965209128343966, 53.54693937078745], [9.965039902978589, 53.547052349745165], [9.965042179941864, 53.54722432518952], [9.96524797188555, 53.54734497109701], [9.965590057444286, 53.54736046854021], [9.96559041632043, 53.547549163881214], [9.96573142119908, 53.54767513964245], [9.96639887528755, 53.547803455506845], [9.966762343836091, 53.5477227019225], [9.966800352232507, 53.54747700055301], [9.967356107073027, 53.547512012688664], [9.967356182088857, 53.54768683339008], [9.967581434349228, 53.547811515825906], [9.967541404622267, 53.5484799841803], [9.967404555360106, 53.54870881198949], [9.967646519051042, 53.54888940776942], [9.967900714999184, 53.54889148881628], [9.968099427178053, 53.548797058582295], [9.968282091534427, 53.54859916845641], [9.968308633774173, 53.54827721665766], [9.968661168855816, 53.548296138103936], [9.96963182218395, 53.54811707358555], [9.969796243736216, 53.548001604008626], [9.96983986082411, 53.54775294065149], [9.970320739477394, 53.547749164450806], [9.97084442558318, 53.5474993059577], [9.97082644882455, 53.54730745814641], [9.970554632751533, 53.54714068004768], [9.970309628953196, 53.547100305938486], [9.970072389771424, 53.54716469495631], [9.969960881034124, 53.54715861776941], [9.970204184935577, 53.54702496411475], [9.970233710261414, 53.546697963111285], [9.96962215922307, 53.54642304479357], [9.970001661839445, 53.54623510684844], [9.970067881135137, 53.54606770941926], [9.96994491243643, 53.54593520193292], [9.969446872448545, 53.545722648467915], [9.968621092783001, 53.54574488457703], [9.967783393588062, 53.54586054756668], [9.967594966783311, 53.54594912566423], [9.966296726026831, 53.546083008900624], [9.966026878842476, 53.54624370843126], [9.965996153084486, 53.54641471284713]], [[9.968336187655924, 53.5478167718701], [9.968337660920636, 53.54779212447376], [9.96834889509483, 53.54781813147534], [9.968336187655924, 53.5478167718701]], [[9.96834785406127, 53.547621594754915], [9.968374942739034, 53.547604516273424], [9.968343960752739, 53.54768672937014], [9.96834785406127, 53.547621594754915]], [[9.968447585059817, 53.547073384047366], [9.96843149666266, 53.546814751384616], [9.968472377838586, 53.5468153671846], [9.968447585059817, 53.547073384047366]], [[9.967063216704048, 53.546680252491285], [9.967687557870276, 53.546652024713545], [9.967674472411012, 53.54684088326306], [9.967208298084197, 53.54682229988792], [9.967063216704048, 53.546680252491285]]]}, "properties": {"aed_id": "3590738351", "time_s": 120, "minutes": 2}}, {"type": "Feature", "geometry": {"type": "Polygon", "coordinates": [[[9.963175421096347, 53.546172100663604], [9.962942517773737, 53.54639086743419], [9.962516051356229, 53.54649945691322], [9.962469011101023, 53.5467307118175], [9.9621202660981, 53.54682596586618], [9.962077424689786, 53.54713156232724], [9.96226156405008, 53.5472359414686], [9.962508656113718, 53.547247915066826], [9.962543831787858, 53.54743374955508], [9.962804538122528, 53.54754693903069], [9.963144069662288, 53.54748377781667], [9.963320959723962, 53.54723902891684], [9.963232045091855, 53.548149778074226], [9.96349412780348, 53.548261838068704], [9.964812422328595, 53.548327994874036], [9.964747127969124, 53.54873828943402], [9.964918493124337, 53.54890109197605], [9.967098689817561, 53.54902941626264], [9.967063429167172, 53.54935520188493], [9.966847147064552, 53.54940667064114], [9.966253282456668, 53.54937560956268], [9.965998467616076, 53.54957387656332], [9.966117408479438, 53.54975249003413], [9.966557111999188, 53.54988446237476], [9.966612388229866, 53.550178131922344], [9.96685983458124, 53.550301439075525], [9.968742852139465, 53.55012988445917], [9.96907594673008, 53.550404084774506], [9.969451191152064, 53.55048650687516], [9.969695223248161, 53.55044405738752], [9.970143824828188, 53.55012493264311], [9.97007409733671, 53.549542475337574], [9.969907719409074, 53.54942800119546], [9.969619043952617, 53.54937714558798], [9.969251105163561, 53.549524747937184], [9.968906579909367, 53.549241114310846], [9.96956891806649, 53.54911007334454], [9.970071583542408, 53.54911884812347], [9.970367420948357, 53.54920348194252], [9.970666042864599, 53.549130735763676], [9.970764365071169, 53.54899111695798], [9.970691643697542, 53.5488460429087], [9.970120802496657, 53.548669209716785], [9.970719576022313, 53.54804950089648], [9.970997334984341, 53.54821174471371], [9.970837518931296, 53.54842280222451], [9.971027788599798, 53.54860179793865], [9.97138339787634, 53.548607022887715], [9.971765098611357, 53.548382216688665], [9.971952236522428, 53.54849542642432], [9.97220550103269, 53.548508523723775], [9.972481227713217, 53.54836865999858], [9.972592070496066, 53.54817878797862], [9.972836539408325, 53.548229780160035], [9.973101708191868, 53.54816168189224], [9.973365486875009, 53.547961382669335], [9.973434114284439, 53.5477614324281], [9.973677113249389, 53.54771338845212], [9.97381225341167, 53.54758515308954], [9.973659808758482, 53.54735256849539], [9.973209383208015, 53.547299795525596], [9.9729170691743, 53.54708749663294], [9.972598359870323, 53.54710593571751], [9.972650470217928, 53.54681250721826], [9.972345552480904, 53.54659697865438], [9.97202924957231, 53.54650578659342], [9.971747447117748, 53.54656051096224], [9.971679365443547, 53.54648754487949], [9.972345684581798, 53.546173958980155], [9.972386113185992, 53.545839164781285], [9.972568542060104, 53.545742232461556], [9.97266749878274, 53.5455450823862], [9.9726179901504, 53.54528536087575], [9.97235682707231, 53.54516098571554], [9.971886801449077, 53.54516726910149], [9.971605917696591, 53.54499534133019], [9.971165173767048, 53.54505459219008], [9.971045514450582, 53.54490706958646], [9.970644199464799, 53.54474603290645], [9.970163103197255, 53.544857154740676], [9.966933653379362, 53.54500592766757], [9.966424977502047, 53.54525194187826], [9.966353330216185, 53.54545093981218], [9.96581443134319, 53.545507876495044], [9.965610156306218, 53.54559699100413], [9.965501589672309, 53.54590950401195], [9.965575771804208, 53.54608611983516], [9.96452085422455, 53.54617588173148], [9.963175421096347, 53.546172100663604]], [[9.967057455924786, 53.54857670932741], [9.966668861653211, 53.54855858244903], [9.966143983859075, 53.54853409772444], [9.966235526866445, 53.548394403826464], [9.966974314740582, 53.54839374489364], [9.967071535556574, 53.548475032064474], [9.967057455924786, 53.54857670932741]], [[9.96756347305588, 53.54811172694966], [9.96680485762116, 53.54747726162258], [9.967356107073027, 53.547512012688664], [9.967356182088857, 53.54768683339008], [9.967581434349228, 53.547811515825906], [9.96756347305588, 53.54811172694966]], [[9.967063216704048, 53.546680252491285], [9.967687557870276, 53.546652024713545], [9.967674472411012, 53.54684088326306], [9.967208298084197, 53.54682229988792], [9.967063216704048, 53.546680252491285]], [[9.965707958916258, 53.54791957958954], [9.966182415182068, 53.54773144300491], [9.966359257518551, 53.54794932949007], [9.965707958916258, 53.54791957958954]], [[9.965991413110336, 53.54682819620205], [9.965944925347708, 53.54676357938452], [9.966364297529589, 53.54672787036627], [9.966351992649589, 53.546788103598786], [9.965991413110336, 53.54682819620205]], [[9.964288366017053, 53.54729731946873], [9.964973549311908, 53.547364621629], [9.96495190592352, 53.54749793575479], [9.964255998477963, 53.54745687287525], [9.964288366017053, 53.54729731946873]], [[9.965173715297905, 53.54683542176669], [9.965246676986778, 53.54690243060386], [9.965227443916632, 53.54690129022977], [9.965173715297905, 53.54683542176669]], [[9.968496675280477, 53.54967041374534], [9.967862033025256, 53.54964097478556], [9.967912339263723, 53.54952041311889], [9.968397625238326, 53.54958886883712], [9.968496675280477, 53.54967041374534]], [[9.968235826554718, 53.548665658221545], [9.968282862204562, 53.548596687433495], [9.968452790071522, 53.548821787669795], [9.968411643108448, 53.54883375252802], [9.968235826554718, 53.548665658221545]], [[9.968336187655924, 53.5478167718701], [9.968341765922679, 53.54780383159223], [9.96834889509483, 53.54781813147534], [9.968336187655924, 53.5478167718701]], [[9.968347816231518, 53.54761992637529], [9.968374942739034, 53.547604516273424], [9.968343960752739, 53.54768672937014], [9.968347816231518, 53.54761992637529]], [[9.968447585059817, 53.547073384047366], [9.96843149666266, 53.546814751384616], [9.968472377838586, 53.5468153671846], [9.968447585059817, 53.547073384047366]], [[9.96784352222019, 53.549134248761014], [9.967843667660242, 53.5491329047631], [9.967846367090095, 53.54913512667992], [9.96784352222019, 53.549134248761014]]]}, "properties": {"aed_id": "3590738351", "time_s": 240, "minutes": 4}}, {"type": "Feature", "geometry": {"type": "Polygon", "coordinates": [[[10.019849845434722, 53.54510192248679], [10.019173879641672, 53.54498433747662], [10.018977393733454, 53.54508039174921], [10.01877158669638, 53.54560838876294], [10.018923743890515, 53.545777820523845], [10.019673081863374, 53.54597998784455], [10.019540242272644, 53.546225648305615], [10.01934006861451, 53.54629802064813], [10.01923896332936, 53.546448308872435], [10.019314717115417, 53.54663452386741], [10.019623164726202, 53.54673201811168], [10.02018492105808, 53.54671247343639], [10.02044756308292, 53.54653989752585], [10.020827406031842, 53.54645497669942], [10.020898844188793, 53.54628834311072], [10.020766958442096, 53.546148044109316], [10.021282841686435, 53.54549334967009], [10.021629102788943, 53.545371185071296], [10.021603054388235, 53.545098675868736], [10.022510897778227, 53.54530928926091], [10.02276201473585, 53.54522439416081], [10.022913176395004, 53.54500633749621], [10.022752440637289, 53.54481735514268], [10.021992691473704, 53.54461343861005], [10.022244069145092, 53.54417030924117], [10.022067429808878, 53.54397725657761], [10.021804325616806, 53.54390641170632], [10.021334559008338, 53.54404439058719], [10.020929976588183, 53.54453107530991], [10.020658909681996, 53.5446343047077], [10.020536986828846, 53.545030983775526], [10.020143253800592, 53.54496313613248], [10.019849845434722, 53.54510192248679]]]}, "properties": {"aed_id": "3603697380", "time_s": 120, "minutes": 2}}, {"type": "Feature", "geometry": {"type": "Polygon", "coordinates": [[[10.017184415976908, 53.5448939136737], [10.016456114366527, 53.545084437961215], [10.016361926343832, 53.54548448651822], [10.016535410227853, 53.54562196637528], [10.016826313272828, 53.54565292242405], [10.016678409018077, 53.54582268189364], [10.016778476375684, 53.545984004537], [10.017453781649438, 53.54618800746865], [10.017215698709853, 53.54650616030349], [10.017307723427693, 53.5466903230084], [10.01760513051717, 53.54676478670092], [10.017910283565739, 53.546657622950995], [10.01863168281335, 53.54687728972383], [10.018270110684893, 53.54731548121458], [10.017834056059007, 53.54752597195663], [10.017679788475634, 53.54773281076179], [10.017770785949725, 53.54789602828935], [10.018151562153275, 53.54796613874509], [10.018203231049917, 53.548140750114925], [10.018558622254881, 53.54834372109533], [10.01889075083751, 53.548297105412736], [10.019225896103375, 53.54834274224034], [10.019446273479314, 53.548267270387306], [10.019530317228696, 53.548081758928234], [10.019360994704998, 53.54793212613612], [10.019985123086935, 53.54712577813676], [10.020283456364972, 53.547133526124526], [10.020497902694302, 53.547008314354976], [10.021744419374008, 53.5473512110546], [10.021814604263277, 53.547545425783774], [10.022083697611453, 53.54765142303378], [10.022363476050922, 53.54760885019787], [10.02256231126555, 53.547418052208904], [10.02250181527921, 53.54708271403902], [10.023407491713662, 53.54731401660194], [10.023722168140042, 53.54727163408571], [10.023864118226504, 53.54712186858454], [10.023786680286799, 53.546956188326725], [10.022979556526746, 53.546716904415526], [10.023106871730779, 53.54655311881423], [10.02349185833141, 53.54661932593156], [10.023777273357952, 53.546492900112725], [10.02375934286973, 53.54628132154367], [10.023429570563335, 53.54614688471278], [10.023752239476055, 53.54573114596584], [10.023864264615106, 53.54594062880375], [10.024384513818601, 53.54608943335527], [10.024634031942133, 53.546060505026944], [10.024796081910571, 53.54594581907595], [10.025544341091853, 53.54611048075395], [10.02585253825595, 53.545941235398864], [10.025632813443098, 53.545603957009426], [10.025264065865965, 53.545537270058475], [10.025329673176453, 53.54504538370176], [10.025150388098936, 53.544885642795585], [10.024762480784778, 53.54488568959727], [10.02452878358505, 53.54509152724258], [10.024325627733827, 53.54503517379002], [10.024338695796665, 53.54468710725485], [10.023986486726383, 53.54459029698128], [10.023733129084881, 53.54467279244537], [10.023470336985726, 53.54500737172704], [10.021992691473704, 53.54461343861005], [10.02237583004473, 53.544132752337354], [10.022711057069273, 53.544187710636535], [10.023360621690957, 53.54402637770985], [10.02339859751735, 53.543815740703884], [10.02313482850981, 53.54366613539742], [10.02470978409472, 53.54327463071404], [10.024880058695228, 53.543162221720166], [10.02489195793523, 53.543010987763665], [10.024740081268286, 53.54288958593264], [10.02390153128554, 53.54287627972107], [10.02349829745011, 53.54262528401818], [10.02245315983886, 53.54284865119894], [10.022143736544551, 53.54271562503382], [10.021684335200243, 53.54280219540822], [10.021511977672649, 53.5429177809007], [10.02145766799448, 53.54317084553852], [10.021149221487171, 53.54314196296652], [10.02062545723455, 53.54331820270421], [10.01982323497846, 53.54378517549931], [10.019859248259465, 53.54423562709069], [10.020097537797495, 53.544392903360844], [10.02038596382381, 53.54438483545144], [10.021302579414922, 53.544060010973794], [10.020929976588183, 53.54453107530991], [10.020640766243655, 53.544653526552224], [10.020660825974964, 53.54487479116434], [10.020536986828844, 53.54503098377553], [10.020143253800592, 53.54496313613248], [10.019849845434722, 53.54510192248679], [10.01924561944873, 53.544973631661996], [10.018915260919968, 53.54516540539677], [10.018036731791398, 53.54477436097879], [10.017184415976908, 53.5448939136737]], [[10.022326360414748, 53.54626283094732], [10.022386532956881, 53.546288869312086], [10.022304662295166, 53.54629120382278], [10.022326360414748, 53.54626283094732]], [[10.021935703059954, 53.54584824356932], [10.021741542997924, 53.54594596391929], [10.0214425126758, 53.54633282854151], [10.020772045863058, 53.5461415190131], [10.021282841686435, 53.54549334967009], [10.021629102788943, 53.545371185071296], [10.021603054388237, 53.545098675868736], [10.02236389393596, 53.545306779862806], [10.021935703059954, 53.54584824356932]], [[10.022794704229227, 53.545893831605746], [10.023047128221076, 53.545498807740636], [10.023091709607769, 53.545511165752075], [10.022794704229227, 53.545893831605746]]]}, "properties": {"aed_id": "3603697380", "time_s": 240, "minutes": 4}}, {"type": "Feature", "geometry": {"type": "Polygon", "coordinates": [[[9.986700022096421, 53.55172601661103], [9.986096096707405, 53.551810662147155], [9.985918172889878, 53.551994110679196], [9.9860759368101, 53.552340685993016], [9.986402510397701, 53.55243992395502], [9.986642201263892, 53.552856954525225], [9.986623918766833, 53.553092604317555], [9.986886248271313, 53.55320448382408], [9.98734390031445, 53.5531524489961], [9.98751377038196, 53.55301336396879], [9.987477996237166, 53.55285358141739], [9.987758588535304, 53.55264210126348], [9.98768096849815, 53.552888478697525], [9.987766890549961, 53.55309964868106], [9.988714270454699, 53.553898160794326], [9.988439702140674, 53.55409775377352], [9.988459318059732, 53.554289544151786], [9.98868470943725, 53.554397078556406], [9.98903132561873, 53.55439878148214], [9.989287515016281, 53.554484240863765], [9.989534870782173, 53.554449216133634], [9.989698192057094, 53.554307374820475], [9.989759783121858, 53.55379783984575], [9.990361124970647, 53.553186499448614], [9.990271494386537, 53.55301650850817], [9.989824690623424, 53.55282681094183], [9.9899336857873, 53.55259777020242], [9.98966344026563, 53.55243711778994], [9.989993040324043, 53.552140943613836], [9.989950933457193, 53.55195044097538], [9.989581684747648, 53.55173007029971], [9.988651632155987, 53.55144471703944], [9.988238116249981, 53.551389396311606], [9.98786497464227, 53.551503241255794], [9.987912696199338, 53.5517615619976], [9.987628068503756, 53.55201697864765], [9.987322030333702, 53.551782317873624], [9.986700022096421, 53.55172601661103]], [[9.988459078933312, 53.552844821120445], [9.988859927492507, 53.55298129631863], [9.9887330892473, 53.553096037903344], [9.988459078933312, 53.552844821120445]], [[9.989056263225638, 53.552110885600314], [9.988777011515605, 53.55240562733131], [9.988737477654333, 53.552389763570055], [9.989056263225638, 53.552110885600314]]]}, "properties": {"aed_id": "3953506978", "time_s": 120, "minutes": 2}}, {"type": "Feature", "geometry": {"type": "Polygon", "coordinates": [[[9.984890745269274, 53.55066230556568], [9.984618314554771, 53.550852087015166], [9.984767842753216, 53.551059593431674], [9.984668856823191, 53.55155034577158], [9.984557625605236, 53.551527252150194], [9.984615709064412, 53.55116449724149], [9.984304746738523, 53.55102634210488], [9.983975703775844, 53.55110685843969], [9.98383749215043, 53.55138050885782], [9.983414765081235, 53.55132356440789], [9.98311938019388, 53.551473354313245], [9.983138785751695, 53.5516449459502], [9.98351179973503, 53.55178936502064], [9.983488390988109, 53.55195305990775], [9.983666413198533, 53.55208847931754], [9.984022065169752, 53.55209335627835], [9.984226146860044, 53.551934366727764], [9.984981993658044, 53.552092282602], [9.983524211162308, 53.552852152867175], [9.983485039531763, 53.55310073751133], [9.983674208323203, 53.553201893222194], [9.9839282023538, 53.55320862397515], [9.984756833083676, 53.55281435051519], [9.984989760956912, 53.552829780205016], [9.984745345048678, 53.553541330951745], [9.984849724066525, 53.553679384194396], [9.985114430752931, 53.553748163580806], [9.985467355414219, 53.553613363700286], [9.98568702269024, 53.55303480829896], [9.986755932415516, 53.55321275878162], [9.987052796128026, 53.55408781326069], [9.98677687926713, 53.55399953097441], [9.986667425740231, 53.553805354062725], [9.986399183615989, 53.553741616095124], [9.986040653940057, 53.553906268508406], [9.985740152673879, 53.553948866269835], [9.98559635895259, 53.554098015177836], [9.985782724533161, 53.55432167276004], [9.986413331464608, 53.554405007198156], [9.98620073522808, 53.55487274948564], [9.986244841868555, 53.55502185431743], [9.986472982957672, 53.55512731566068], [9.986726502232514, 53.55511579221779], [9.986910197643295, 53.55501111543761], [9.987039487284097, 53.554746460996675], [9.98745434032502, 53.55472406456529], [9.987800932505325, 53.5549109053421], [9.987359928075923, 53.555439478922246], [9.987554488676416, 53.55571854171038], [9.988037261355847, 53.555827036041705], [9.988346558430708, 53.555757221006594], [9.988621943435927, 53.55585668369245], [9.988999417539151, 53.55573227098384], [9.989220854382067, 53.55583046213652], [9.989507446048815, 53.555809127169056], [9.989698133665629, 53.555607912895546], [9.989458473184348, 53.5553403839031], [9.98995833425851, 53.55512470687388], [9.990795379955047, 53.55454645206875], [9.991125192393802, 53.55449604713027], [9.992056531844515, 53.55392902485679], [9.992378983396533, 53.5539139350672], [9.992673971129435, 53.553700127138406], [9.992741497371103, 53.5529687507699], [9.99242009778565, 53.55283933215959], [9.99201130130403, 53.55298336366076], [9.991827510833906, 53.55291675941239], [9.992073805122068, 53.55277526828502], [9.992060109020828, 53.55257911648638], [9.991483858275709, 53.55227680084436], [9.99185228062344, 53.55211140428075], [9.992146973896297, 53.55167107300983], [9.992021977613085, 53.551491536877535], [9.991228941503545, 53.55117681356832], [9.991406349738641, 53.55105802015431], [9.991396036620927, 53.550883867531354], [9.991655069281212, 53.55075149870256], [9.99163862956019, 53.55055960248355], [9.991416904925055, 53.55043545306005], [9.99116719306522, 53.550414097454784], [9.99078622227051, 53.55061557145223], [9.99043687771906, 53.55066879106991], [9.990320544494018, 53.55086451350532], [9.990026356306226, 53.55075125906369], [9.990313520851023, 53.55050398485181], [9.99063599981942, 53.5505225707218], [9.990873863725438, 53.55036504689466], [9.990744609776671, 53.549971313083184], [9.990415138060646, 53.54984932670865], [9.99014657536745, 53.54991254691777], [9.98944945771845, 53.55045832796311], [9.988830342560826, 53.550219487985785], [9.988480916388653, 53.55025919506514], [9.988348518834588, 53.550388443927645], [9.988391950570648, 53.55054655974212], [9.98817418909169, 53.5506200749143], [9.987554268387267, 53.551149011151274], [9.987358700809922, 53.55092290940007], [9.986972161679269, 53.55089879685193], [9.987028951293897, 53.550429221447565], [9.986769535619706, 53.55025742838892], [9.986482033049615, 53.55027361802465], [9.986283991776727, 53.55040635587747], [9.985974849272743, 53.55027118866149], [9.98565513804481, 53.55029704891761], [9.98550120053512, 53.55041753918493], [9.985432210167602, 53.55077278428555], [9.984890745269274, 53.55066230556568]], [[9.98779616545969, 53.554009960232115], [9.988305632898259, 53.55393866265299], [9.988646778988743, 53.55395029492277], [9.988629942281552, 53.55396330049762], [9.98779616545969, 53.554009960232115]], [[9.987932708455961, 53.553475003720095], [9.987861022814732, 53.55334663536437], [9.988063979291898, 53.553307632424804], [9.988217087773124, 53.55344800517176], [9.987932708455961, 53.553475003720095]], [[9.987682512853825, 53.552909973196385], [9.98749724741007, 53.55283907205165], [9.987758588535304, 53.55264210126349], [9.987682512853825, 53.552909973196385]], [[9.987561339247314, 53.55200648040753], [9.987535733975582, 53.551952264668316], [9.987770000705119, 53.55175735949525], [9.987870864841547, 53.55179910048088], [9.987561339247314, 53.55200648040753]], [[9.9865636348058, 53.5527202601962], [9.985966992881524, 53.55261543723002], [9.986053393525118, 53.55239401179489], [9.986402611792101, 53.55244010036979], [9.9865636348058, 53.5527202601962]], [[9.986343139185863, 53.55177456619231], [9.986217070789474, 53.551678239876786], [9.9863535644871, 53.551677227439356], [9.986343139185863, 53.55177456619231]], [[9.989771920048234, 53.5544504837925], [9.989759783121858, 53.55379783984575], [9.990116130598587, 53.55348797414209], [9.990852212242723, 53.553786942985305], [9.989771920048234, 53.5544504837925]], [[9.989047539850032, 53.55156957889984], [9.98926119802709, 53.551383267519455], [9.989484402562782, 53.55147794089572], [9.98927438944333, 53.551658568532154], [9.989047539850032, 53.55156957889984]], [[9.988459078933312, 53.552844821120445], [9.98885992749251, 53.55298129631863], [9.988733089247297, 53.553096037903344], [9.988459078933312, 53.552844821120445]], [[9.989056263225637, 53.552110885600314], [9.988777011515605, 53.55240562733131], [9.988737477654327, 53.552389763570055], [9.989056263225637, 53.552110885600314]], [[9.988200616467644, 53.55134378621592], [9.988550673766131, 53.55108220122046], [9.98864620684811, 53.55112264822699], [9.988330477657085, 53.551396068802596], [9.988200616467644, 53.55134378621592]], [[9.989870036845344, 53.552845153745444], [9.98993884812861, 53.55271096510454], [9.990159108663214, 53.55255312780692], [9.989870036845344, 53.552845153745444]], [[9.989901872930785, 53.55190894755893], [9.990146808155444, 53.55175691509229], [9.990833023657261, 53.55204648963608], [9.990646183314098, 53.55220356996874], [9.989901872930785, 53.55190894755893]], [[9.991040996655407, 53.55315781310196], [9.99149552483573, 53.55332253284484], [9.991326077623631, 53.55343541968636], [9.990900493112303, 53.55326256524653], [9.991040996655407, 53.55315781310196]]]}, "properties": {"aed_id": "3953506978", "time_s": 240, "minutes": 4}}, {"type": "Feature", "geometry": {"type": "Polygon", "coordinates": [[[9.993842570047196, 53.55077944969798], [9.993725771369599, 53.55104682335607], [9.994108729911387, 53.551310330512244], [9.993968413564474, 53.551427977714], [9.993947004543132, 53.55168232074404], [9.993678190856896, 53.551719969781026], [9.993522141811683, 53.55186468135456], [9.993589979709213, 53.552144180789455], [9.993462621413117, 53.5524051959405], [9.9937290740211, 53.55257313314218], [9.99408351526233, 53.55257016069129], [9.994383401552113, 53.55242759441923], [9.994588956518283, 53.55242753820718], [9.994951793790818, 53.55257598617634], [9.995696747905392, 53.55262459329816], [9.995884650107376, 53.55246839036114], [9.99591832543335, 53.552126190295674], [9.995738979451515, 53.5519550538519], [9.995857529824402, 53.55190369580301], [9.996683527594925, 53.55238201319021], [9.996393773469045, 53.55260440484518], [9.996499726860952, 53.55282666328932], [9.99673283574281, 53.552887098550706], [9.997022030225683, 53.55282312187217], [9.99745371334871, 53.55284460471449], [9.99766494277098, 53.55276034391245], [9.997912716738556, 53.55248278651964], [9.997756614649912, 53.55226880906169], [9.997155478724606, 53.55202845840329], [9.997557911353958, 53.5517310527018], [9.997454226052541, 53.55149353467831], [9.998316180911004, 53.55198596393739], [9.998638250250648, 53.55197435096162], [9.998902990818834, 53.55181114408315], [9.998873752019074, 53.55155287154891], [9.998266095163142, 53.55128246066469], [9.998232355168872, 53.55108864027521], [9.998854042988917, 53.550888216877276], [9.998959531419695, 53.550722275799316], [9.9988970089718, 53.55053100425511], [9.99864476909862, 53.55041119126155], [9.997719679020959, 53.55034258200381], [9.997660639511396, 53.55019802060108], [9.997462485326514, 53.550103171652], [9.997141732952956, 53.55012395333211], [9.99668961224282, 53.550397526273606], [9.996372420843414, 53.5502040171035], [9.995994908466376, 53.55019771408407], [9.995639191794986, 53.55038134125466], [9.995282059973674, 53.5504521673473], [9.995229847301411, 53.55070640649319], [9.995064228137782, 53.55083670360683], [9.994316276896635, 53.55043104681885], [9.993997862355108, 53.5504000247292], [9.99374260112678, 53.550547575275715], [9.993842570047196, 53.55077944969798]], [[9.995121815570561, 53.55160144341311], [9.995155165609257, 53.551506564975284], [9.995218906497433, 53.55154143515417], [9.995121815570561, 53.55160144341311]], [[9.996589439820848, 53.55170068140247], [9.996530293510139, 53.55160934750754], [9.996689450002368, 53.55154074959626], [9.996589439820848, 53.55170068140247]], [[9.996464132058202, 53.5510014100049], [9.995874954555129, 53.551290084957024], [9.995615098340917, 53.55114792884565], [9.995784049575603, 53.551015009120604], [9.996125515397154, 53.55105728807856], [9.996464132058202, 53.5510014100049]], [[9.997170399880632, 53.551362394930976], [9.997154179134828, 53.55134002517069], [9.99720580663257, 53.551369947024654], [9.997170399880632, 53.551362394930976]]]}, "properties": {"aed_id": "3966894112", "time_s": 120, "minutes": 2}}, {"type": "Feature", "geometry": {"type": "Polygon", "coordinates": [[[9.991747984150075, 53.54903175733019], [9.991501256495253, 53.54915556871742], [9.991490826803473, 53.549327436765495], [9.992144288071984, 53.54974735825188], [9.991852049395751, 53.54996912641953], [9.991884926752995, 53.55016027205564], [9.99219075842881, 53.55026847367157], [9.9924337486369, 53.550223958597435], [9.992683464304454, 53.55006283987793], [9.9928526790884, 53.550161024862646], [9.992760104176545, 53.55031503941377], [9.992432458092555, 53.550396592018856], [9.992301726642149, 53.55061466753978], [9.992017316961263, 53.5507107990508], [9.991370252173022, 53.550444458345076], [9.991088560396236, 53.550482344419855], [9.99093435761203, 53.5506277545547], [9.991020791236313, 53.550812877514396], [9.991692965633549, 53.5511299539757], [9.991070985571136, 53.551745800305724], [9.991094016240929, 53.55210957122102], [9.99242315797571, 53.55271317546801], [9.991584350627775, 53.55330227590569], [9.991586097698866, 53.5535248313655], [9.99196065343457, 53.55389707923387], [9.992378983396533, 53.5539139350672], [9.993088307032114, 53.55347141229706], [9.993344099880321, 53.55358600181762], [9.993708063349029, 53.553562202721295], [9.99397507452335, 53.55366492574122], [9.99457355501655, 53.55358608054051], [9.994802415263981, 53.55342388711325], [9.99471628556271, 53.55315297538154], [9.99543466939867, 53.55341273973883], [9.996044811034425, 53.553287152132235], [9.996271846185241, 53.55335942506219], [9.996689712026091, 53.55370093271075], [9.996977929114761, 53.55375409324964], [9.997535595894151, 53.55409400483733], [9.998051714583001, 53.55417516832746], [10.000287918878819, 53.55299341046705], [10.00095059044343, 53.55311626818483], [10.001267226272887, 53.55301969115845], [10.001320153185802, 53.55283014817063], [10.00101461417914, 53.55239850546363], [10.000393953779799, 53.55224822624268], [10.000565353645328, 53.551967812777015], [10.000928210484265, 53.551726409760064], [10.001273356433133, 53.55180296872047], [10.001550473638408, 53.55170454946966], [10.001804287584543, 53.550978924404035], [10.001417819698668, 53.55081999041123], [10.001517801918332, 53.550641537966214], [10.001378445923223, 53.55049090675668], [10.000523643586053, 53.55036936166926], [10.00070205238466, 53.55012396388191], [10.000612884524362, 53.54978614095391], [9.99995997937536, 53.54968334205324], [9.999675927840144, 53.549248269352205], [9.998931875648056, 53.54914337419975], [9.998640974256853, 53.548956341622684], [9.998340503577143, 53.54889629969866], [9.9981735729343, 53.54859752861732], [9.997028921798682, 53.54860004955563], [9.996602823042686, 53.54853487458575], [9.996394466827832, 53.548653952245495], [9.996240888603975, 53.54902680518161], [9.995572132721293, 53.54871490926807], [9.995319671782768, 53.54873268008526], [9.995041506426283, 53.54888512220153], [9.99474960230136, 53.54872034991102], [9.994463802586996, 53.54869572957837], [9.994134296992469, 53.54890462296073], [9.993964951091778, 53.54876134824576], [9.993680020495363, 53.54873338124312], [9.993401325600324, 53.548894103005246], [9.99341423777553, 53.54927796336141], [9.992521102171443, 53.549338556981816], [9.992065211539208, 53.54906679605944], [9.991747984150075, 53.54903175733019]], [[9.996533725829446, 53.55244879479217], [9.995738979451522, 53.5519550538519], [9.995857529824399, 53.55190369580301], [9.996683527594923, 53.55238201319021], [9.996533725829446, 53.55244879479217]], [[9.995658050982374, 53.55117142648605], [9.995835260819042, 53.55103299314297], [9.996464132058206, 53.5510014100049], [9.995874954555127, 53.55129008495702], [9.995658050982374, 53.55117142648605]], [[9.995660723098508, 53.550322226045736], [9.995421153036647, 53.550359240134185], [9.995197150722113, 53.550331858848175], [9.995241788175003, 53.55021295928346], [9.995622030048194, 53.550208620555736], [9.995660723098508, 53.550322226045736]], [[9.993628166248982, 53.55147167953781], [9.993641354057631, 53.55141925941097], [9.993986165242696, 53.551639244547474], [9.993628166248982, 53.55147167953781]], [[9.994167862210068, 53.549708003240596], [9.99449918006853, 53.549697782368], [9.994501032241374, 53.54977389218642], [9.99416737710841, 53.54977945686332], [9.994167862210068, 53.549708003240596]], [[9.994173297527581, 53.54911449017009], [9.994349662045758, 53.549197340109664], [9.994376094040565, 53.5492515794518], [9.994168809533255, 53.54925797253125], [9.994173297527581, 53.54911449017009]], [[9.993413100921439, 53.54972770150779], [9.993304274705622, 53.549797214929136], [9.99319603089076, 53.549732481743575], [9.993413100921439, 53.54972770150779]], [[9.994569879657407, 53.553000978287315], [9.994550896671983, 53.55296408528005], [9.994561205029694, 53.552946059216175], [9.994569879657407, 53.553000978287315]], [[9.994577168416296, 53.552875761488096], [9.994399597394802, 53.55269059542295], [9.994628111560774, 53.55254941281898], [9.994975617896973, 53.55271764440064], [9.994577168416296, 53.552875761488096]], [[9.995198607669922, 53.55153033045935], [9.995121815570565, 53.55160144341311], [9.995113532878134, 53.5515967875959], [9.995198607669922, 53.55153033045935]], [[9.995150226039044, 53.549227736260995], [9.995125765325104, 53.54917754406742], [9.995217568167112, 53.5492256775633], [9.995150226039044, 53.549227736260995]], [[9.99513261719164, 53.550782900197106], [9.995064228137782, 53.55083670360683], [9.994927557386973, 53.55075747484826], [9.99513261719164, 53.550782900197106]], [[9.997440424076776, 53.553130892290454], [9.997354098576052, 53.55294579505521], [9.99747376548274, 53.552861639777504], [9.998395849045746, 53.553444983109024], [9.998149719325419, 53.5535705887388], [9.997440424076776, 53.553130892290454]], [[9.997403483962803, 53.55208539171074], [9.997155478724608, 53.55202845840329], [9.997202973723477, 53.5519717670188], [9.997403483962803, 53.55208539171074]], [[9.997460116777615, 53.551495203552584], [9.99757653404064, 53.551511647953006], [9.997980813015364, 53.551741730981654], [9.997937176598324, 53.55176746129328], [9.997460116777615, 53.551495203552584]], [[9.99720580663257, 53.551369947024654], [9.997134469920516, 53.55135706251181], [9.99711806174112, 53.551355625020534], [9.99720580663257, 53.551369947024654]], [[9.997597359458794, 53.54902826313718], [9.997623952332761, 53.549142177257615], [9.997640623319988, 53.54928779985376], [9.997437853776335, 53.549233871307166], [9.997597359458794, 53.54902826313718]], [[9.996673830035027, 53.55038596112038], [9.996612122670944, 53.550271881720406], [9.996783381550527, 53.5502580829563], [9.996878435306213, 53.550316411664824], [9.996673830035027, 53.55038596112038]], [[9.996589439820848, 53.55170068140247], [9.996530293510139, 53.55160934750754], [9.996689450002368, 53.55154074959626], [9.996589439820848, 53.55170068140247]], [[9.99791224746164, 53.552478050751404], [9.997958886990531, 53.55239007947995], [9.999154652829757, 53.553027864961564], [9.998954572746419, 53.55314277289723], [9.99791224746164, 53.552478050751404]], [[9.998270213096955, 53.551276016346804], [9.998233354404945, 53.551089679680224], [9.998635057718799, 53.551120211783996], [9.998412030125893, 53.551365514388415], [9.998270213096955, 53.551276016346804]], [[9.998071356680711, 53.550306526296566], [9.998064777062138, 53.550367066556035], [9.998112615503056, 53.55018735253231], [9.998071356680711, 53.550306526296566]], [[9.998420857050489, 53.54947754401487], [9.99852238575877, 53.549524908781606], [9.9985865374146, 53.5495434983277], [9.998428627991668, 53.5495398829671], [9.998420857050489, 53.54947754401487]], [[9.999537414489195, 53.55262673584819], [9.999709238647041, 53.55270289697683], [9.9996934861241, 53.55271243995207], [9.999537414489195, 53.55262673584819]], [[9.999443230878263, 53.55251330037751], [9.999469720124896, 53.55249170191071], [9.999487562533256, 53.55254816143006], [9.999443230878263, 53.55251330037751]], [[9.999773203969525, 53.55029501426495], [9.999777276210237, 53.55029506480216], [9.999775924421597, 53.55030386019248], [9.999773203969525, 53.55029501426495]]]}, "properties": {"aed_id": "3966894112", "time_s": 240, "minutes": 4}}, {"type": "Feature", "geometry": {"type": "Polygon", "coordinates": [[[9.987595313805713, 53.552922311451084], [9.987089006914598, 53.55260991146204], [9.98683873378362, 53.552636557990965], [9.98645366042786, 53.55285254140689], [9.986377556054086, 53.5529969996746], [9.986498557202959, 53.55315315749679], [9.986755859870295, 53.55321254949544], [9.987148173175598, 53.55452730429514], [9.987529299711273, 53.5546693011722], [9.987868127253627, 53.55449334284211], [9.98779616545969, 53.554009960232115], [9.988923226409812, 53.55393824213573], [9.989166088340738, 53.553712955118655], [9.989008781622156, 53.55354518960206], [9.988533672990851, 53.55343989229619], [9.987931956107085, 53.55348768827246], [9.987861022814732, 53.55334663536437], [9.988200792422099, 53.553228184187], [9.988218365221792, 53.55301659430903], [9.987969007892577, 53.55289464926511], [9.987595313805713, 53.552922311451084]]]}, "properties": {"aed_id": "4002427708", "time_s": 120, "minutes": 2}}, {"type": "Feature", "geometry": {"type": "Polygon", "coordinates": [[[9.985112329548505, 53.55157492122204], [9.984661899132684, 53.55163451364687], [9.984486668768753, 53.55179585435113], [9.98458493464335, 53.55197887260804], [9.984987556120185, 53.552130339861634], [9.9837418184066, 53.55272665199155], [9.98365118267975, 53.55295130021645], [9.98380459944863, 53.55307203011624], [9.984051809603718, 53.553107397996754], [9.984756833083676, 53.55281435051519], [9.984989760956912, 53.552829780205016], [9.984467990382086, 53.55398296626387], [9.984493101782698, 53.5541336263463], [9.984707243487238, 53.554249025024085], [9.985508597534055, 53.55433055951863], [9.985458371528958, 53.55473163879076], [9.985776524570898, 53.554911864332695], [9.985818563001684, 53.55514848878088], [9.986181924742798, 53.555231072911354], [9.986188528180502, 53.55546022131214], [9.985981225438797, 53.55563300745962], [9.9860808140884, 53.55581577357236], [9.986597259557797, 53.55587707877082], [9.986881219316036, 53.55578107520994], [9.987349417988696, 53.55603864778939], [9.987889078423814, 53.55611396853526], [9.988290318462463, 53.55599671960503], [9.988437475507473, 53.55581382868527], [9.98865892006202, 53.55585789875167], [9.988898831026523, 53.555807755494676], [9.989034639770527, 53.55560279685748], [9.989288635060406, 53.55554821105119], [9.989416376887975, 53.555353988207045], [9.990029176157933, 53.55506624136729], [9.99021466895904, 53.55474477411305], [9.990051381743811, 53.55457904592378], [9.989733802048718, 53.55454890556647], [9.989759783121858, 53.55379783984575], [9.990322872557362, 53.55326430335791], [9.990344080866917, 53.55309278754017], [9.990086395707921, 53.55294672915781], [9.989736878795602, 53.5529945418949], [9.989601564141417, 53.55267366328812], [9.988737477654333, 53.552389763570055], [9.989328891627753, 53.551822713217994], [9.989269121770114, 53.551678930806474], [9.98904753985003, 53.55156957889984], [9.989113349486868, 53.55133917414646], [9.988913461800704, 53.55121504703066], [9.988590935923854, 53.55122045548188], [9.988330477657085, 53.551396068802596], [9.987915280473185, 53.55114772053589], [9.987554268387267, 53.551149011151274], [9.987185039251214, 53.55097253796689], [9.986934297941238, 53.5509475358037], [9.986691229015577, 53.55104040094315], [9.986629711809123, 53.55122273887786], [9.986302749661942, 53.551351166405], [9.98634313918586, 53.55177456619231], [9.986183155673395, 53.55165364711959], [9.986211940986568, 53.55130103232513], [9.985955469823242, 53.5511542247163], [9.985701839299063, 53.551164642311], [9.98542157529629, 53.55130555302517], [9.985310212161224, 53.55166416566627], [9.985112329548505, 53.55157492122204]], [[9.987677299567194, 53.55515959635402], [9.986942763942002, 53.555439435225885], [9.987039487284099, 53.554746460996675], [9.987454340325018, 53.55472406456529], [9.987800932505325, 53.5549109053421], [9.987677299567194, 53.55515959635402]], [[9.987796165459686, 53.554009960232115], [9.988305632898255, 53.55393866265299], [9.988646778988745, 53.55395029492277], [9.988629942281557, 53.55396330049762], [9.987796165459686, 53.554009960232115]], [[9.987682512853823, 53.552909973196385], [9.98749724741007, 53.55283907205165], [9.9877585885353, 53.55264210126349], [9.987682512853823, 53.552909973196385]], [[9.987530439013849, 53.55200048311081], [9.987770000705122, 53.55175735949525], [9.987870864841549, 53.55179910048088], [9.98762806850376, 53.55201697864765], [9.987530439013849, 53.55200048311081]], [[9.987052796128022, 53.55408781326069], [9.986777497223608, 53.5539996363501], [9.986892738666342, 53.55362901927886], [9.987052796128022, 53.55408781326069]], [[9.986734550516294, 53.55326184267943], [9.986446785823553, 53.5532472562266], [9.986244598980393, 53.55333904916182], [9.986040781839588, 53.55390055211121], [9.985373043689377, 53.553794849876724], [9.98568702269024, 53.55303480829896], [9.986755932415514, 53.55321275878162], [9.986734550516294, 53.55326184267943]], [[9.9865636348058, 53.5527202601962], [9.985966992881522, 53.55261543723002], [9.986053393525118, 53.55239401179489], [9.986402611792103, 53.55244010036979], [9.9865636348058, 53.5527202601962]], [[9.987930381867088, 53.55345299598312], [9.987861022814732, 53.55334663536437], [9.988063979291898, 53.553307632424804], [9.988217087773124, 53.55344800517176], [9.987930381867088, 53.55345299598312]], [[9.98889770685906, 53.55299654800852], [9.988733089247297, 53.553096037903344], [9.988466613139142, 53.55282298731436], [9.988661199358345, 53.552901068552025], [9.98889770685906, 53.55299654800852]]]}, "properties": {"aed_id": "4002427708", "time_s": 240, "minutes": 4}}, {"type": "Feature", "geometry": {"type": "Polygon", "coordinates": [[[9.963276339624755, 53.54674603758491], [9.962851618382496, 53.5468336912611], [9.962833646542144, 53.547126397921566], [9.963035259059296, 53.547216862290774], [9.963390267485487, 53.54724329485248], [9.963401854711567, 53.547539172595755], [9.963666727861469, 53.54765533478619], [9.963803286477898, 53.54784371983333], [9.964066097250113, 53.54789727747229], [9.964208940084534, 53.54818580322213], [9.96515611206812, 53.548343523816904], [9.96589708457072, 53.54837785079501], [9.966161415377158, 53.54830860508188], [9.966265095014561, 53.54817036813094], [9.966197989812846, 53.54802433740979], [9.965707958916262, 53.54791957958954], [9.966083227695444, 53.54772654033885], [9.966365156573907, 53.54788422825836], [9.966405812313853, 53.548039021185424], [9.966664984383513, 53.54814953479462], [9.966786922107977, 53.54831888051492], [9.967021261177619, 53.54837757046081], [9.96728768078768, 53.54833874300527], [9.967480885138464, 53.54821492933727], [9.967485863207447, 53.54806355761684], [9.966804857621161, 53.54747726162258], [9.968015395754316, 53.54758189571207], [9.968349487381474, 53.547402791016616], [9.96838344861379, 53.5470549537739], [9.96826668864844, 53.5469156079406], [9.967208298084199, 53.54682229988792], [9.966818079177253, 53.546566878249294], [9.966502076917033, 53.54660559454654], [9.966351992649589, 53.546788103598786], [9.965991413110336, 53.54682819620205], [9.965816555623656, 53.54668685651542], [9.965495597842311, 53.54666737685248], [9.965298548807546, 53.54676302808948], [9.965246676986778, 53.54690243060386], [9.964917120095613, 53.546742460303065], [9.964532133582756, 53.5468601166425], [9.963276339624755, 53.54674603758491]], [[9.96495190592352, 53.547497935754784], [9.964112734770573, 53.547448422112446], [9.964141008359482, 53.547288605880375], [9.964973549311908, 53.547364621629], [9.96495190592352, 53.547497935754784]]]}, "properties": {"aed_id": "4160068089", "time_s": 120, "minutes": 2}}, {"type": "Feature", "geometry": {"type": "Polygon", "coordinates": [[[9.962374891753013, 53.54581342619822], [9.96220523633151, 53.54611232176641], [9.961597596805913, 53.546080601894595], [9.961120542039128, 53.5459577372474], [9.960900745399487, 53.54603379704151], [9.960662634300634, 53.546280718911746], [9.960665474040402, 53.54647285802998], [9.960913206137375, 53.546592838871426], [9.96071861500929, 53.54680617787184], [9.960876545388018, 53.546989473923446], [9.960902422357934, 53.547232389456646], [9.96109169564253, 53.54733345907443], [9.96169601476115, 53.547405828656125], [9.961009163747786, 53.54741508437627], [9.96084380667091, 53.547530078161365], [9.960838473432771, 53.54768144570815], [9.961061770138434, 53.547820134138135], [9.96159850658303, 53.54785226627178], [9.961566872224902, 53.548103611784335], [9.961719482865595, 53.54824961392411], [9.962291260029758, 53.548307104894846], [9.962205476049386, 53.54871707406773], [9.962391670537123, 53.54889758406645], [9.96267776688653, 53.548920960685024], [9.962896851287505, 53.548827023223375], [9.96397648379549, 53.54888053290529], [9.964098092121016, 53.54900390636494], [9.964335065306157, 53.5490587226047], [9.96468337281342, 53.54893317224618], [9.964639389336439, 53.549104735974794], [9.963577079013215, 53.54902488823551], [9.96329319169261, 53.54911974824796], [9.963189410949797, 53.54928023930567], [9.963431004638936, 53.54948429195482], [9.964315568899616, 53.54952791417852], [9.964442327649651, 53.549608287409534], [9.964378749832962, 53.5501571512912], [9.964632200923088, 53.55033207386124], [9.96505902364742, 53.550248055819], [9.965404887380377, 53.54989553381915], [9.965408992293533, 53.549720498125076], [9.966717420170037, 53.54984941185411], [9.967177364643293, 53.55009704170066], [9.96775003231024, 53.55003527704568], [9.967892583098154, 53.54990318385921], [9.967912339263723, 53.54952041311889], [9.968386220218441, 53.54958874549569], [9.968775574181896, 53.54955532002775], [9.968951316144494, 53.54941801641116], [9.968905414186965, 53.54924136854987], [9.969454474111265, 53.5491234067129], [9.969639525742641, 53.548966007246506], [9.969552619737104, 53.54878096285942], [9.9691557492506, 53.54861659248412], [9.968411643108453, 53.54883375252802], [9.968224070468523, 53.54867698348705], [9.968308633774173, 53.54827721665766], [9.968846014240556, 53.54826568253629], [9.968984642862367, 53.54855270386061], [9.969397548965095, 53.54859592332006], [9.969771138234597, 53.54832981618045], [9.970300833922812, 53.54825717117689], [9.97067403406675, 53.54806905453626], [9.970862758574789, 53.547724416870814], [9.971113148274277, 53.54757684573191], [9.971084456887041, 53.54722969219126], [9.970773199861311, 53.547126761064845], [9.970603338701025, 53.54689636534424], [9.970266521039344, 53.54687302252471], [9.970183973961074, 53.54663864761349], [9.96981855634171, 53.54651070362438], [9.970036285845469, 53.546374457221354], [9.970060148447692, 53.546046144349376], [9.969446872448545, 53.545722648467915], [9.968621092783001, 53.54574488457703], [9.967783393588062, 53.54586054756668], [9.967594966783313, 53.54594912566423], [9.966308291583925, 53.54608102318038], [9.966018551550132, 53.546253969891396], [9.9654783919621, 53.54610153787964], [9.964220726544875, 53.54617874818811], [9.964519938303605, 53.545980569260315], [9.964517553042448, 53.54578842801138], [9.964266663976268, 53.54566763279155], [9.96380636979272, 53.54569089069771], [9.963884127029171, 53.5454871513645], [9.963810474957363, 53.54529536413058], [9.963456117937248, 53.545161968648195], [9.963113591122639, 53.54530590946337], [9.963041485413457, 53.54575782440353], [9.962374891753013, 53.54581342619822]], [[9.965441867675793, 53.5489521257625], [9.967098689817561, 53.54902941626265], [9.967064115271612, 53.54934886276857], [9.96538354314237, 53.54917964464063], [9.965441867675793, 53.5489521257625]], [[9.966359257518551, 53.547949329490066], [9.965707958916258, 53.54791957958954], [9.966083227695446, 53.54772654033885], [9.966365156573907, 53.54788422825836], [9.966359257518551, 53.547949329490066]], [[9.967063216704048, 53.546680252491285], [9.967687557870276, 53.546652024713545], [9.967674472411012, 53.54684088326306], [9.967208298084197, 53.54682229988792], [9.967063216704048, 53.546680252491285]], [[9.963068484725431, 53.54824192879382], [9.964812422328597, 53.548327994874036], [9.964786518967246, 53.54846971017669], [9.963035399827264, 53.54838292939024], [9.963068484725431, 53.54824192879382]], [[9.963288202583163, 53.547428960395116], [9.963271328668087, 53.547235974069395], [9.963320959723962, 53.54723902891684], [9.963288202583163, 53.547428960395116]], [[9.962226707862314, 53.54740531010236], [9.962284727763528, 53.54736058886472], [9.962490328833875, 53.54736190288181], [9.962475794752201, 53.5474384146262], [9.962226707862314, 53.54740531010236]], [[9.96495190592352, 53.547497935754784], [9.964255998477963, 53.54745687287525], [9.964288366017051, 53.54729731946875], [9.964973549311908, 53.547364621629], [9.96495190592352, 53.547497935754784]], [[9.96522744391663, 53.54690129022977], [9.965254695915212, 53.5468272091035], [9.965246676986778, 53.54690243060386], [9.96522744391663, 53.54690129022977]], [[9.965944925347705, 53.54676357938452], [9.966364297529589, 53.54672787036627], [9.966351992649589, 53.546788103598786], [9.965991413110336, 53.54682819620205], [9.965944925347705, 53.54676357938452]], [[9.968336187655924, 53.5478167718701], [9.968341765922679, 53.54780383159223], [9.96834889509483, 53.54781813147534], [9.968336187655924, 53.5478167718701]], [[9.96834785406127, 53.547621594754915], [9.968374942739034, 53.547604516273424], [9.968343960752739, 53.54768672937014], [9.96834785406127, 53.547621594754915]], [[9.968447585059817, 53.547073384047366], [9.96843149666266, 53.546814751384616], [9.968472377838586, 53.5468153671846], [9.968447585059817, 53.547073384047366]], [[9.96784352222019, 53.54913424876103], [9.967843667660244, 53.5491329047631], [9.967846367090102, 53.54913512667992], [9.96784352222019, 53.54913424876103]], [[9.96756347305588, 53.54811172694966], [9.966804857621158, 53.54747726162258], [9.967356107073028, 53.547512012688664], [9.967356182088857, 53.54768683339008], [9.967581434349224, 53.547811515825906], [9.96756347305588, 53.54811172694966]], [[9.966175599016179, 53.54850921135759], [9.966235526866445, 53.548394403826464], [9.966974314740582, 53.54839374489364], [9.967071535556574, 53.548475032064474], [9.967057455924786, 53.54857670932741], [9.966175599016179, 53.54850921135759]]]}, "properties": {"aed_id": "4160068089", "time_s": 240, "minutes": 4}}, {"type": "Feature", "geometry": {"type": "Polygon", "coordinates": [[[10.000347754754893, 53.54721748891095], [10.000029616717697, 53.54733782407435], [9.999841106959881, 53.547779833129404], [10.000356513850624, 53.54845167338495], [9.999809988506554, 53.54853157304786], [9.999559509805678, 53.54846341653798], [9.999315929000502, 53.54850675120692], [9.999166420732665, 53.54865388714895], [9.999173584916875, 53.54901344340033], [9.999639121234523, 53.54917191731148], [10.000002877569203, 53.549024927270935], [10.001055136520817, 53.54890781819249], [10.000009744927898, 53.549266963308575], [9.999924184527712, 53.54943122147428], [10.00005561450867, 53.54959346988202], [10.000419765314108, 53.5496731493854], [10.001083840024329, 53.54947697547313], [10.001349020998997, 53.54957274413927], [10.001956297124899, 53.549603846380265], [10.002060208335335, 53.54987348769292], [10.002473118570817, 53.549916731630866], [10.002911889827608, 53.54950296870575], [10.002889433976815, 53.54930850929358], [10.002595834717328, 53.549128735989555], [10.002615372602078, 53.54896260814362], [10.003027946951683, 53.54883553898091], [10.003421684328105, 53.54895530138767], [10.003930587076903, 53.54883693610047], [10.004313789901477, 53.54863036991946], [10.00431747143107, 53.54841853298534], [10.004130887131813, 53.5483157031313], [10.003660824241498, 53.54825454948082], [10.003681395684762, 53.54809244433126], [10.003536627560912, 53.547967991954], [10.002993199098071, 53.54786502175742], [10.00295655733642, 53.54780901468306], [10.00323279100494, 53.547829371183234], [10.003462874289006, 53.547725448160854], [10.003555339644848, 53.547495807062944], [10.003455793163043, 53.54735649779704], [10.002483523633423, 53.54723363487027], [10.00245769592658, 53.54707814368767], [10.002275577314288, 53.5469725158126], [10.001341951208953, 53.546970513664235], [10.001166968751678, 53.54713194207678], [10.001350281041885, 53.5473807708327], [10.00125266636779, 53.547393623658685], [10.000981288606061, 53.54721007928349], [10.000347754754893, 53.54721748891095]]]}, "properties": {"aed_id": "4386410528", "time_s": 120, "minutes": 2}}, {"type": "Feature", "geometry": {"type": "Polygon", "coordinates": [[[9.998541933845118, 53.54634935590533], [9.997412784495497, 53.54660423281984], [9.997305860417281, 53.54674158876831], [9.997557457812041, 53.5471401419479], [9.996889648749057, 53.5472350474936], [9.996615635657436, 53.54763457475369], [9.996625864650364, 53.54778585243303], [9.996898827620523, 53.54792168948995], [9.998811061751743, 53.54802432530658], [9.998457335387323, 53.54811917266254], [9.996639043126313, 53.54820015404537], [9.996488843349, 53.5483312088545], [9.996269848659233, 53.549100860971485], [9.996535424129084, 53.549268368919606], [9.996653450094946, 53.549519971583045], [9.997171204653027, 53.54965513735332], [9.997336983850872, 53.55005722066311], [9.998116074173662, 53.55017736232818], [9.99807300413632, 53.55040179740828], [9.9982607174199, 53.55054932658025], [9.998840182703491, 53.55054559336326], [9.99875906550542, 53.55072929121335], [9.999005941591124, 53.55110487864668], [9.999279804306436, 53.55115945608891], [9.999544572480044, 53.551077945063604], [9.999772627959647, 53.551218094955644], [10.000105965141517, 53.55119599121109], [10.0009298468747, 53.5513497578364], [10.001008732360255, 53.551588304150435], [10.00145832664872, 53.55166427171904], [10.001723250068931, 53.55152288620045], [10.001930653262763, 53.551140895144954], [10.0019205783142, 53.55088259912374], [10.002748213925402, 53.55090028164712], [10.003070186208005, 53.550972312284486], [10.003389689122908, 53.55081064846803], [10.003395149379276, 53.55061281195599], [10.003225915130848, 53.55048753558238], [10.002004235291732, 53.550434688992546], [10.002009946286373, 53.55033237878116], [10.004221788974156, 53.55037510538382], [10.00529187029722, 53.550298838767915], [10.005508045500804, 53.55021916279434], [10.00567232267209, 53.54997430356333], [10.005512680592243, 53.54978199802301], [10.0055665792467, 53.549591569981615], [10.005992620388175, 53.54954521630633], [10.006191134102972, 53.54939374626448], [10.006141781150223, 53.549224296475245], [10.005912146225958, 53.54912632429403], [10.00606248491898, 53.548987442410656], [10.006045748047338, 53.5487911194463], [10.006317727587074, 53.54869589937317], [10.00638155334503, 53.54852678806899], [10.006907497315538, 53.548444281932326], [10.00706427516283, 53.54810244628206], [10.006930284599477, 53.54795010087582], [10.006517192113536, 53.54782698245485], [10.006346398031171, 53.54753605184295], [10.005964628800431, 53.5474446360417], [10.00556124111459, 53.547234606824965], [10.005648289186642, 53.54708402955311], [10.005554949268657, 53.54694320468834], [10.005178306032054, 53.546873697793124], [10.005013139454666, 53.546762681174066], [10.005169256701155, 53.54645304371334], [10.004983924224199, 53.54622522595672], [10.00425238525045, 53.54620292463674], [10.003973925048525, 53.54633006506048], [10.003383028122391, 53.546030145753505], [10.003138754749816, 53.54607204573531], [10.002993705089807, 53.54619910783451], [10.002778057505527, 53.54613871357437], [10.002536066758395, 53.54616989864516], [10.002624087600534, 53.54605729643837], [10.002961248207061, 53.54596796233053], [10.003031885751733, 53.54580120747814], [10.002589485115871, 53.545481969436416], [10.002316630658452, 53.54542569242281], [10.002013433022823, 53.54553645874836], [10.001619362796793, 53.546178594636196], [10.000819149607501, 53.54609104272818], [10.000632064230775, 53.54619354292647], [10.000504697959359, 53.54645107412505], [10.000670393762856, 53.546680419941694], [10.001762925299468, 53.546830973655574], [10.001778576448869, 53.5469445721783], [10.000980500710218, 53.5469111429581], [9.99962986751657, 53.54651008921284], [9.998541933845118, 53.54634935590533]], [[10.001920063174948, 53.54973876944829], [10.0019562971249, 53.549603846380265], [10.001942543262139, 53.54973975808381], [10.001920063174948, 53.54973876944829]], [[9.999777276210233, 53.550295064802164], [9.999775924421597, 53.55030386019249], [9.999773203969525, 53.550295014264954], [9.999777276210233, 53.550295064802164]], [[9.999897283715926, 53.549147169921895], [10.0000028775692, 53.549024927270935], [10.00057145732084, 53.54894297310022], [9.999897283715926, 53.549147169921895]], [[9.999892667231341, 53.5484620295907], [10.000289161651018, 53.548350685844156], [10.000356513850628, 53.54845167338495], [9.999896056583712, 53.54851899044927], [9.999892667231341, 53.5484620295907]], [[9.999046039906533, 53.54809623834899], [9.99889210034755, 53.548035368895356], [9.999344261547545, 53.54808091500698], [9.999046039906533, 53.54809623834899]], [[9.999036678271077, 53.549161327398316], [9.998907040383152, 53.549133715976964], [9.998710975118826, 53.548994047698216], [9.999099615547564, 53.54900491737406], [9.999036678271077, 53.549161327398316]], [[9.997597359458796, 53.54902826313718], [9.997623952332761, 53.54914217725761], [9.997640623319988, 53.54928779985376], [9.997437853776336, 53.54923387130716], [9.997597359458796, 53.54902826313718]], [[9.998490554701013, 53.549512632789934], [9.998428627991668, 53.5495398829671], [9.998420857050487, 53.54947754401487], [9.998490554701013, 53.549512632789934]], [[9.999144040669979, 53.54855626098517], [9.998972102723544, 53.54855141077993], [9.999142250834932, 53.548542370079154], [9.999144040669979, 53.54855626098517]], [[10.001049752472161, 53.550351302809155], [10.001045641785806, 53.550427106139374], [10.000523643586053, 53.55036936166926], [10.000529004143566, 53.55033447928531], [10.001049752472161, 53.550351302809155]], [[10.000378462420159, 53.54970556353564], [10.000952901785103, 53.549517809828664], [10.000921185566284, 53.54971321194432], [10.000378462420159, 53.54970556353564]], [[10.004489626201568, 53.549693506304976], [10.004486609770991, 53.549794851350704], [10.003903245321899, 53.54978894747282], [10.003916145201666, 53.54967540767576], [10.004489626201568, 53.549693506304976]], [[10.002611564840958, 53.54899498509012], [10.002956438141664, 53.5488703127255], [10.002937122655675, 53.549008423907445], [10.002611564840958, 53.54899498509012]], [[10.003270703132683, 53.5479135780707], [10.00295655733642, 53.54780901468306], [10.003310367637436, 53.54784354424791], [10.003270703132683, 53.5479135780707]], [[10.002553462290049, 53.54682221761475], [10.002500008474433, 53.54668566590294], [10.002968336709912, 53.54653814464336], [10.003098999401631, 53.54641841390218], [10.003328657512391, 53.54657367699686], [10.002553462290049, 53.54682221761475]], [[10.002936913551059, 53.54978189260719], [10.002893822260042, 53.54963969477551], [10.002957187798902, 53.549642104289674], [10.002936913551059, 53.54978189260719]], [[10.003785741838621, 53.54697248157993], [10.003823468151834, 53.546997229082585], [10.003732298747538, 53.54698802035027], [10.003785741838621, 53.54697248157993]], [[10.00413208324907, 53.549050450042806], [10.004332156330035, 53.54890457206715], [10.004398750975215, 53.549047749845734], [10.00413208324907, 53.549050450042806]], [[10.005462605252339, 53.54914641565241], [10.005515035235682, 53.549142359133356], [10.005515342888387, 53.549142445390466], [10.005462605252339, 53.54914641565241]]]}, "properties": {"aed_id": "4386410528", "time_s": 240, "minutes": 4}}, {"type": "Feature", "geometry": {"type": "Polygon", "coordinates": [[[9.965514642168783, 53.546924612966244], [9.965268245101349, 53.54714852032984], [9.965587772470716, 53.547387572779336], [9.965245883290788, 53.54734389852919], [9.964959541144017, 53.54749838519328], [9.964629695270602, 53.54753022268147], [9.964462278820044, 53.547786584709115], [9.964203571380569, 53.547838421289114], [9.964074891392421, 53.547968992910874], [9.964238881632518, 53.548198775633104], [9.964825495150258, 53.54825647411912], [9.96481233564033, 53.548840347660324], [9.96508097007352, 53.54893518409897], [9.967098689817561, 53.54902941626265], [9.967057439507801, 53.54956096196744], [9.96732754049339, 53.54972681000353], [9.967580892393439, 53.54971427340459], [9.967763380734448, 53.54960886440007], [9.967843667660244, 53.5491329047631], [9.968358145062346, 53.549539822460666], [9.968807641618527, 53.549542920140034], [9.968958959356193, 53.54939643996264], [9.968905414186967, 53.54924136854988], [9.969157384998029, 53.54909892566213], [9.969155494730986, 53.548947529144925], [9.968764485617653, 53.54878691175171], [9.968411643108446, 53.54883375252802], [9.968224070468523, 53.54867698348705], [9.968309152357742, 53.548268560440626], [9.968545313025446, 53.54822888033454], [9.968692925153448, 53.548105617709815], [9.968639657764674, 53.547916108333425], [9.96839661279256, 53.547823236915505], [9.967848922382116, 53.54781958262202], [9.96761930921225, 53.54792387526342], [9.967563473055879, 53.54811172694966], [9.966804847610232, 53.54747725325278], [9.967245272800419, 53.54732107855965], [9.967176973625595, 53.54705647528752], [9.96663395516234, 53.546975115494604], [9.966328359694598, 53.54678854202266], [9.965514642168783, 53.546924612966244]], [[9.967057455924786, 53.54857670932741], [9.96614398385908, 53.54853409772444], [9.966235526866445, 53.548394403826464], [9.966974314740584, 53.54839374489364], [9.967071535556574, 53.548475032064474], [9.967057455924786, 53.54857670932741]], [[9.966359257518551, 53.547949329490066], [9.965707958916258, 53.54791957958954], [9.96608322769544, 53.54772654033885], [9.966365156573907, 53.54788422825836], [9.966359257518551, 53.547949329490066]]]}, "properties": {"aed_id": "4739944574", "time_s": 120, "minutes": 2}}, {"type": "Feature", "geometry": {"type": "Polygon", "coordinates": [[[9.963624182219004, 53.54659848138443], [9.963003232075183, 53.546435634130326], [9.962723626510499, 53.54647248852693], [9.962469011101023, 53.5467307118175], [9.96222618973697, 53.54676508007614], [9.962071159009168, 53.546885066836275], [9.962158725615694, 53.547110145405604], [9.962521257227621, 53.547186636520145], [9.962464998325464, 53.54749119067322], [9.96231192197259, 53.54764873792991], [9.962394374756693, 53.54783755341536], [9.962163998178045, 53.54772913219244], [9.961527032725073, 53.547698676216484], [9.961006274197471, 53.54779033955616], [9.960819960224832, 53.54789334266402], [9.960780355246634, 53.5480798586867], [9.96091363502042, 53.54820878362419], [9.96162537744496, 53.54827884840097], [9.96144922990708, 53.548470527925296], [9.961533164328829, 53.54869808131444], [9.961755392240619, 53.548771607677274], [9.962213977891759, 53.54875165659172], [9.962530814801756, 53.548926218267056], [9.962896851287505, 53.548827023223375], [9.963976483795488, 53.54888053290529], [9.964098092121016, 53.54900390636494], [9.964335065306157, 53.5490587226047], [9.96468337281342, 53.54893317224618], [9.96463938933644, 53.549104735974794], [9.963577079013215, 53.54902488823551], [9.96329319169261, 53.54911974824796], [9.963189410949797, 53.54928023930567], [9.963431004638936, 53.54948429195482], [9.964315568899615, 53.54952791417852], [9.964442327649651, 53.549608287409534], [9.964376678567028, 53.5503308803419], [9.964451547299143, 53.55054987808488], [9.964633436730297, 53.55065565610327], [9.967177932285786, 53.5507053649199], [9.967313308999868, 53.55087335385509], [9.967589044916947, 53.55092447618019], [9.968063393785302, 53.55070687192524], [9.968050004163217, 53.550397771589644], [9.968994713476723, 53.55042475744279], [9.969173155103215, 53.55062731989839], [9.968772667448244, 53.550850613412365], [9.968873795343196, 53.551092918550744], [9.969145527073357, 53.551151152559406], [9.969459925499933, 53.55105990520842], [9.969619123372508, 53.55122276517547], [9.969850357872739, 53.551285691802434], [9.970345850452086, 53.55114881208908], [9.970603655850192, 53.55092321951328], [9.970627927646873, 53.550653815368406], [9.971168657939074, 53.55049696666359], [9.971588266779431, 53.550114718520106], [9.971555430366356, 53.549859553904895], [9.971205153732086, 53.54964228370067], [9.971345491739484, 53.54954173988051], [9.97178298093358, 53.54955045328531], [9.971961192066097, 53.549367106781474], [9.971859775784814, 53.54920608062979], [9.97122382457485, 53.54892506679502], [9.971463516728111, 53.548464575739736], [9.97125001600977, 53.54829860526347], [9.971311048668033, 53.5481211881293], [9.97115144509016, 53.547851504768886], [9.970860951637421, 53.547730874567726], [9.970892646084424, 53.54746824189786], [9.970768511839315, 53.54725998352536], [9.969815814517858, 53.54715071153707], [9.969753875047093, 53.54682954576305], [9.969235713125748, 53.546736994948226], [9.96919717207518, 53.54633324776618], [9.968868001698747, 53.54625296924427], [9.96847597641285, 53.546365870336615], [9.968551888856682, 53.54615038588067], [9.968261340603027, 53.54599730181787], [9.96765613496222, 53.54604104377153], [9.96744938299432, 53.546206330921386], [9.967155541350866, 53.54622823035731], [9.96695701856326, 53.54635311937434], [9.966951493177385, 53.546504484407876], [9.967108450706379, 53.54662357874042], [9.967687557870276, 53.546652024713545], [9.967674472411012, 53.54684088326306], [9.967208298084197, 53.54682229988792], [9.966980336514391, 53.54661772282405], [9.966744849809988, 53.54656069970304], [9.966473610284496, 53.54661969481549], [9.966351992649589, 53.546788103598786], [9.965991413110336, 53.54682819620205], [9.965816555623656, 53.54668685651542], [9.965495597842311, 53.54666737685248], [9.965298548807546, 53.54676302808948], [9.965246676986778, 53.54690243060386], [9.964917120095613, 53.546742460303065], [9.964532133582756, 53.5468601166425], [9.963872183722962, 53.54682106849678], [9.963624182219004, 53.54659848138443]], [[9.968486152974798, 53.549670096688324], [9.967862033025256, 53.54964097478556], [9.967850598171768, 53.5495620398471], [9.968397625238323, 53.54958886883712], [9.968486152974798, 53.549670096688324]], [[9.968245718468493, 53.548697179706956], [9.968282862204562, 53.548596687433495], [9.968452790071526, 53.548821787669795], [9.968411643108452, 53.54883375252802], [9.968245718468493, 53.548697179706956]], [[9.965441867675793, 53.5489521257625], [9.967098689817561, 53.54902941626265], [9.967064115271612, 53.54934886276857], [9.96538354314237, 53.54917964464063], [9.965441867675793, 53.5489521257625]], [[9.966143983859075, 53.54853409772444], [9.966235526866445, 53.548394403826464], [9.96697431474058, 53.54839374489364], [9.967071535556574, 53.548475032064474], [9.967057455924786, 53.54857670932741], [9.966143983859075, 53.54853409772444]], [[9.965707958916258, 53.54791957958954], [9.966083227695444, 53.54772654033885], [9.966365156573907, 53.54788422825836], [9.966359257518551, 53.547949329490066], [9.965707958916258, 53.54791957958954]], [[9.963068484725431, 53.54824192879382], [9.964812422328595, 53.548327994874036], [9.964786518967246, 53.54846971017669], [9.963035399827264, 53.54838292939024], [9.963068484725431, 53.54824192879382]], [[9.96495190592352, 53.54749793575479], [9.964255998477963, 53.54745687287525], [9.964288366017053, 53.54729731946873], [9.964973549311908, 53.547364621629], [9.96495190592352, 53.54749793575479]], [[9.963238102392703, 53.54742568664345], [9.963320959723962, 53.54723902891684], [9.963288202583163, 53.547428960395116], [9.963238102392703, 53.54742568664345]], [[9.965127926393919, 53.55013215724773], [9.966273960849469, 53.55024480616968], [9.965128709640815, 53.550230788223345], [9.965127926393919, 53.55013215724773]], [[9.967846367090102, 53.54913512667992], [9.96784352222019, 53.549134248761014], [9.967843667660244, 53.5491329047631], [9.967846367090102, 53.54913512667992]], [[9.96756347305588, 53.54811172694966], [9.966804857621161, 53.54747726162259], [9.967356107073027, 53.547512012688685], [9.967356182088857, 53.54768683339008], [9.967581434349228, 53.547811515825906], [9.96756347305588, 53.54811172694966]], [[9.968337660920636, 53.54779212447376], [9.968348948854139, 53.547817742373766], [9.96834889509483, 53.54781813147534], [9.968336187655924, 53.5478167718701], [9.968337660920636, 53.54779212447376]], [[9.96834785406127, 53.547621594754915], [9.968374942739032, 53.547604516273424], [9.968343960752739, 53.54768672937013], [9.96834785406127, 53.547621594754915]], [[9.968447585059817, 53.547073384047366], [9.96843149666266, 53.546814751384616], [9.968472377838586, 53.5468153671846], [9.968447585059817, 53.547073384047366]], [[9.968941265325356, 53.549233200926885], [9.969154932010584, 53.549162504797586], [9.969550274523497, 53.54911329782511], [9.969251105163561, 53.549524747937184], [9.968941265325356, 53.549233200926885]], [[9.970236345370763, 53.549691961581225], [9.970504629605095, 53.54929930596211], [9.970678297695017, 53.54957403590876], [9.970905496282235, 53.549672349146334], [9.970236345370763, 53.549691961581225]]]}, "properties": {"aed_id": "4739944574", "time_s": 240, "minutes": 4}}, {"type": "Feature", "geometry": {"type": "Polygon", "coordinates": [[[10.002107815403917, 53.49745802930982], [10.001525538781506, 53.49762503747545], [10.001490500721523, 53.497948334013124], [10.001611666887053, 53.49808138542831], [10.001957608340028, 53.4981837679295], [10.002059023551992, 53.4984168898976], [10.002288561741205, 53.49848162264086], [10.002544204383524, 53.49844070675185], [10.002986868097517, 53.49864222180067], [10.0036394401793, 53.498448150810404], [10.004174638857046, 53.49881881344838], [10.00453312118006, 53.498850210486374], [10.004583155454286, 53.49905535310963], [10.004865323177592, 53.499148168135136], [10.005208566026363, 53.49909214154572], [10.005423171571952, 53.49891434266765], [10.005291441254595, 53.497848723896745], [10.006032248039118, 53.49787622071233], [10.006720255902072, 53.49804231884493], [10.007066100816154, 53.49791622381288], [10.007180969003922, 53.49778120109149], [10.007126108202172, 53.49763337585985], [10.006877767954597, 53.4975037771115], [10.006525440839313, 53.497521467524486], [10.006208953646706, 53.497433526639675], [10.005307185466888, 53.49737249325656], [10.005864754353103, 53.49720342155199], [10.005913987178172, 53.49695481073555], [10.005670363338789, 53.496829043506864], [10.005219398325018, 53.496853005002784], [10.004788087452942, 53.49636412091733], [10.004512460635228, 53.496264580982604], [10.004171334919793, 53.49635452148284], [10.003782437971276, 53.49633206489734], [10.003529993589025, 53.49652183885264], [10.003142354864533, 53.49628539674997], [10.002759425513084, 53.49632064362761], [10.00251788518447, 53.49646310669863], [10.00249223836638, 53.4966332932358], [10.003182476774812, 53.497150772409064], [10.002614565990422, 53.49730397664275], [10.00232473262502, 53.49730564351182], [10.002107815403917, 53.49745802930982]]]}, "properties": {"aed_id": "5377857522", "time_s": 120, "minutes": 2}}, {"type": "Feature", "geometry": {"type": "Polygon", "coordinates": [[[10.00016120613531, 53.4966534469669], [9.999839995888827, 53.4966687883742], [9.999656109096362, 53.49682657820052], [9.999928696144451, 53.49734231070196], [9.999524688266218, 53.49728400008942], [9.999279938913341, 53.497463116274595], [9.999742937626856, 53.4981143311705], [9.998781826459641, 53.49837100549007], [9.998613353664567, 53.4985348028207], [9.998866137935835, 53.498910993688035], [9.999252854806112, 53.49898684911385], [9.999270635809529, 53.499147006440666], [9.999474645555415, 53.49928246207814], [9.999532231991196, 53.49957132265936], [9.99973117974616, 53.49966540369708], [10.000100606216776, 53.49964228798283], [10.000375115193824, 53.49977438168978], [10.00066346660738, 53.49977008883439], [10.000862269783367, 53.499645481535076], [10.000865384306358, 53.49948947860049], [10.001108071326282, 53.49936437808578], [10.0036394401793, 53.498448150810404], [10.003243244122855, 53.49863468468577], [10.00319289147091, 53.498909360233625], [10.002454101823481, 53.49910074226306], [10.002389168079839, 53.49930902439771], [10.002675568356803, 53.49946146048161], [10.002763531641504, 53.499706565284676], [10.00300441032366, 53.49980117057997], [10.003390223337613, 53.499704106857926], [10.003421355997661, 53.499392875078335], [10.003950733326615, 53.49953070514799], [10.003943594124479, 53.49982232010394], [10.00363824317829, 53.50000415991434], [10.00364063726312, 53.500252724824264], [10.003816851979321, 53.500368154194646], [10.004117920675238, 53.50039371502679], [10.00439867299893, 53.50068212262809], [10.004857397240217, 53.50084172753748], [10.005135635812866, 53.500796376093334], [10.00527859395081, 53.5006470027092], [10.005110378567293, 53.499122446399575], [10.00543083644971, 53.49888110357303], [10.005291441254595, 53.497848723896745], [10.00603224803911, 53.49787622071233], [10.006273890408101, 53.49794872792705], [10.006350122820683, 53.49816041775683], [10.006656933424981, 53.49824771970755], [10.006970643756834, 53.49897744433679], [10.007235522520128, 53.49908786190654], [10.007553812734827, 53.49907317000823], [10.007690881501645, 53.49920054886781], [10.007932448068999, 53.49924720079341], [10.008273393943659, 53.49910224414683], [10.008251054803177, 53.498764404859145], [10.008044573786998, 53.49861855346464], [10.007606507769605, 53.498568706872796], [10.0075528869621, 53.49839559443854], [10.007944877419028, 53.498382037033444], [10.008084427817796, 53.498504425575], [10.008546422451072, 53.49863646095766], [10.008868312963296, 53.498627341983074], [10.009068053960657, 53.49842936152094], [10.009042503996604, 53.498156735635476], [10.008913490001232, 53.498028318123396], [10.009861309675465, 53.49797281680738], [10.010158490809765, 53.49761929079838], [10.010103507599872, 53.49747148181129], [10.009871422670347, 53.49734121829653], [10.00894805064039, 53.49735813453885], [10.008903577811166, 53.4970022598876], [10.00869866671186, 53.496912855516904], [10.008474462299127, 53.496914876932216], [10.008447755905262, 53.4967446573449], [10.00901466018542, 53.4968475898066], [10.009453965694709, 53.49659804849252], [10.009429019741576, 53.49644737962353], [10.009203812895105, 53.49627949303396], [10.008762018645518, 53.49614137669429], [10.008037606830106, 53.496144557185424], [10.007209487609767, 53.49631041104354], [10.006824186907556, 53.49603927261019], [10.006504615508033, 53.496014622853885], [10.006285111924253, 53.49612618286007], [10.006037201109011, 53.49661893922322], [10.005193540236023, 53.49677724564248], [10.005151586565995, 53.496143754319036], [10.004934974287005, 53.49558400438796], [10.00458281662948, 53.4954066066303], [10.004492796143804, 53.49502202319232], [10.00421387718855, 53.49489080884928], [10.00390287537026, 53.494941080586415], [10.003733566152365, 53.49517672631008], [10.003370103813769, 53.49536010775888], [10.003105553104938, 53.495080786049655], [10.002668083511187, 53.494880937426004], [10.002219682327754, 53.4948941316739], [10.002110689900713, 53.495153835522764], [10.002790679298558, 53.49564753709922], [10.002477285782149, 53.495802862459506], [10.001054157150373, 53.49482003665635], [10.000816216024045, 53.494767213526025], [10.000576088544042, 53.49481639288074], [10.000440906531738, 53.495032916901884], [10.000774429423636, 53.495324163330324], [10.000576659610333, 53.49545379526486], [10.000573064087416, 53.49561586097096], [10.00148435097508, 53.49628426997916], [10.00130850178062, 53.4963648235182], [10.001060830157247, 53.49628508390455], [10.000783761743394, 53.49633285404236], [10.000644491333317, 53.496483456360416], [10.000706107527241, 53.49663338712038], [10.000377758439567, 53.49677973414535], [10.00016120613531, 53.4966534469669]], [[10.004024007812719, 53.49898001303032], [10.003990632832382, 53.49896043290486], [10.003989969950414, 53.49895251454585], [10.004024007812719, 53.49898001303032]], [[10.000389363142414, 53.49756719402886], [10.000120277041223, 53.497554931850274], [10.00002065090726, 53.49743305987803], [10.000389363142414, 53.49756719402886]], [[10.000119519677519, 53.498690012308366], [10.000283720632407, 53.49884165437315], [10.00000840884423, 53.49896459228461], [9.999603427763253, 53.49882820951878], [10.000119519677519, 53.498690012308366]], [[10.003529993589025, 53.49652183885264], [10.002985434094887, 53.49613538958048], [10.003286592896716, 53.495986127068306], [10.0034434208778, 53.49601590057238], [10.003466571401525, 53.496194376216074], [10.003742306594255, 53.49634547736428], [10.003529993589025, 53.49652183885264]], [[10.006494133678393, 53.497511999205386], [10.005518198167774, 53.497419528456156], [10.005307185466886, 53.49737249325656], [10.006296307355903, 53.49713961847945], [10.006494133678393, 53.497511999205386]]]}, "properties": {"aed_id": "5377857522", "time_s": 240, "minutes": 4}}, {"type": "Feature", "geometry": {"type": "Polygon", "coordinates": [[[10.005498810938061, 53.55264911950064], [10.005244594673886, 53.55264698759135], [10.005027896804032, 53.55276067599541], [10.004825063972298, 53.553201235116184], [10.004586211356123, 53.55339652067933], [10.004644965068248, 53.5535854539567], [10.00530820185065, 53.55375140018861], [10.005538438139714, 53.553687173003105], [10.005663258900103, 53.55353565927316], [10.005986764403895, 53.5536330186174], [10.006174710300272, 53.55380274285634], [10.00660703701435, 53.553861962502516], [10.006523486591737, 53.55426556393006], [10.00613713676427, 53.5545496853327], [10.006314842430697, 53.554795594432555], [10.006670387393742, 53.554803096470856], [10.00707037381127, 53.554575723929204], [10.007485385355903, 53.55460818499886], [10.007785838842112, 53.55477782627408], [10.008304932713486, 53.55475399233514], [10.008435420569143, 53.554544892161], [10.008680452715359, 53.55450171349623], [10.008830100954922, 53.55435462093767], [10.008767305620315, 53.554113839593526], [10.008615417350239, 53.55399923164534], [10.008907381043352, 53.55339357850092], [10.008595055844129, 53.55319962767765], [10.008705372866205, 53.55281795187148], [10.00894357636256, 53.552734464127845], [10.00902321770051, 53.55259068405334], [10.008747225936403, 53.552264870396066], [10.0082389406015, 53.55199854963017], [10.007718305568137, 53.5521266839428], [10.007571985432465, 53.55227495639255], [10.007674577942698, 53.55250452078695], [10.007521561366245, 53.55284919058473], [10.007224389684177, 53.55284917673224], [10.007023781883916, 53.55296741881046], [10.006007821105113, 53.55276266555438], [10.00577071231662, 53.55277933291642], [10.005498810938061, 53.55264911950064]]]}, "properties": {"aed_id": "5454323974", "time_s": 120, "minutes": 2}}, {"type": "Feature", "geometry": {"type": "Polygon", "coordinates": [[[10.003916133699931, 53.552015259750846], [10.00281868867582, 53.55169588465046], [10.002510558077534, 53.55179768746877], [10.002331752877923, 53.55201133752622], [10.002400925619002, 53.55217831139035], [10.003457098638734, 53.5525519771906], [10.00337366613465, 53.55273403947075], [10.003558414099473, 53.55289157129072], [10.00392664087956, 53.55291314450083], [10.004364005731418, 53.55282018786123], [10.00453480571811, 53.5528822471196], [10.003627450339, 53.55351867105384], [10.002992289227857, 53.553315959326824], [10.002626851667596, 53.55339357462772], [10.002548131882584, 53.55357991432879], [10.00284291308396, 53.55403986943726], [10.0025984238668, 53.55422263718336], [10.002579220408421, 53.55437360475298], [10.00275645854302, 53.55450939258135], [10.003088682500518, 53.554521156084455], [10.003378261377716, 53.554627596246654], [10.003849436439191, 53.55462144958542], [10.00417869502744, 53.55444753313194], [10.004462268069334, 53.55447461517137], [10.005676002431766, 53.554881350881345], [10.004268031221093, 53.55580400563565], [10.004403490071414, 53.55599989768001], [10.004716343932174, 53.55604697632188], [10.005489777708847, 53.55567017765837], [10.005569606707594, 53.55585209457951], [10.005234090648036, 53.5562713460118], [10.005443003611763, 53.556487826301435], [10.006055554927109, 53.556450539455], [10.006284074321544, 53.55634536405659], [10.006328708347441, 53.55619631509836], [10.006227334285551, 53.556077354085254], [10.00674156978155, 53.55507435115905], [10.007338337051722, 53.555149832825386], [10.007446898568658, 53.55526092495273], [10.00716271872049, 53.55554979402017], [10.00721006296757, 53.55574487522596], [10.006984983944257, 53.55584891650844], [10.006911406464717, 53.55599383878216], [10.007063791296531, 53.55616320985254], [10.007354844575472, 53.55620355115467], [10.007530258803248, 53.55646335888116], [10.007799085660727, 53.556496920534904], [10.008216040191794, 53.55639552007112], [10.008392670798818, 53.55617579254195], [10.008838330472873, 53.55596466706852], [10.009210454843984, 53.55621332348061], [10.009566214292704, 53.556215593049224], [10.009762782119267, 53.55597482571267], [10.00935265698963, 53.5556283096116], [10.00992633312103, 53.555333103436816], [10.009806161009436, 53.554907616772816], [10.01001580861067, 53.55466903422805], [10.010593611110105, 53.55480885946683], [10.010823156578263, 53.55474375443656], [10.01093123579817, 53.55460671427596], [10.010794193122205, 53.55441121444858], [10.010023466480149, 53.55416265283481], [10.010081075202297, 53.553970758944764], [10.011688572594775, 53.5544505122711], [10.011942775696854, 53.55444754038462], [10.012152922386838, 53.5543295663634], [10.012172870548739, 53.5541786331962], [10.012027493487144, 53.55405442448318], [10.01010487967326, 53.55348142354693], [10.009928171535107, 53.55287383120432], [10.010310420618659, 53.55283623492788], [10.010682977326148, 53.552651248241226], [10.011023877019646, 53.55272031424611], [10.01147536675889, 53.55262198531117], [10.011678190210295, 53.55238306977617], [10.011421358211944, 53.552028270714445], [10.010959446970368, 53.551955732584176], [10.011083662910291, 53.55181674515852], [10.011008560866912, 53.551650682458074], [10.010410255546704, 53.55151347343009], [10.01039400110007, 53.55134095489204], [10.01021390146792, 53.55123409559739], [10.009773157737017, 53.551286803927695], [10.009558189522913, 53.551691864737904], [10.008968265681572, 53.55162990279821], [10.00932300972112, 53.550794375969744], [10.009111894076682, 53.550578664406196], [10.008823650967138, 53.55056812032583], [10.00860731169801, 53.55068204345584], [10.008220908738352, 53.55155716141306], [10.006520380994806, 53.55131781198275], [10.006555391068726, 53.551034704805616], [10.006197678466846, 53.55090448030937], [10.005890967280441, 53.55101180017729], [10.005736602579004, 53.55132845290927], [10.004746556256677, 53.551212173248366], [10.004411167077091, 53.55137731329561], [10.0039615483563, 53.55140174673382], [10.00381687456171, 53.55157349418075], [10.004029738630798, 53.551780687378255], [10.003916133699931, 53.552015259750846]], [[10.006954728608482, 53.5546427846647], [10.007070373811267, 53.554575723929204], [10.007485385355903, 53.55460818499886], [10.007571110979116, 53.554696263009944], [10.006954728608482, 53.5546427846647]], [[10.007517395749463, 53.552848362405435], [10.007224389684177, 53.55284917673224], [10.007023781883916, 53.55296741881046], [10.006068932774122, 53.55277297021971], [10.006240723067236, 53.55247543672749], [10.007601041791697, 53.55264769402696], [10.007517395749463, 53.552848362405435]], [[10.005370064604357, 53.55424063580989], [10.005708821827032, 53.55370177454309], [10.005675757470454, 53.55354336913323], [10.005986764403895, 53.5536330186174], [10.006174710300272, 53.55380274285634], [10.00660703701435, 53.553861962502516], [10.006547229321251, 53.55405461655509], [10.005918922683184, 53.55445042866098], [10.005370064604357, 53.55424063580989]], [[10.008920591059375, 53.555240233253016], [10.008512807877525, 53.554801678329724], [10.0085916729908, 53.5545303013263], [10.008799604988159, 53.55441458200905], [10.009306822119425, 53.55447457631931], [10.009096785611664, 53.55473373365212], [10.008920591059375, 53.555240233253016]], [[10.009360037474318, 53.553818797232694], [10.009147364050571, 53.55399753147371], [10.008759905830686, 53.553951700460175], [10.00881712681866, 53.55375847392295], [10.009360037474318, 53.553818797232694]], [[10.00908618480902, 53.55286778429722], [10.009162487977742, 53.552874608149445], [10.009302255485812, 53.55335521624115], [10.008952105722322, 53.5533163104548], [10.00908618480902, 53.55286778429722]]]}, "properties": {"aed_id": "5454323974", "time_s": 240, "minutes": 4}}, {"type": "Feature", "geometry": {"type": "Polygon", "coordinates": [[[10.02252372102944, 53.54522790392385], [10.021741542997924, 53.54594596391929], [10.021442512675799, 53.54633282854151], [10.02041773099297, 53.5460359925534], [10.020109043596833, 53.54614124638331], [10.020076212514025, 53.54635030243819], [10.020247164207039, 53.5464889043772], [10.022095360676703, 53.547045549916255], [10.022677658038187, 53.547128774026056], [10.02236307294351, 53.547222042628555], [10.022304668169815, 53.547411013149414], [10.022503203405886, 53.547562931297406], [10.022647019838818, 53.547924664359044], [10.023042525387, 53.54800745870832], [10.023544979589671, 53.54784347054083], [10.02352103236303, 53.547590481679414], [10.024410989837792, 53.54643327077769], [10.024383492346209, 53.546282759280196], [10.024201918738193, 53.54617680168863], [10.023948699594243, 53.546163500101244], [10.023753203482089, 53.546238212310655], [10.023429570563335, 53.54614688471278], [10.02405944499499, 53.54534172654004], [10.024049002617408, 53.545169859281465], [10.02380228914958, 53.545046055216595], [10.023346534151033, 53.54505082224997], [10.023111265253267, 53.54510814880477], [10.02295541328614, 53.545273635845156], [10.02252372102944, 53.54522790392385]], [[10.023095165124769, 53.5455067135713], [10.02274664000012, 53.54588124498027], [10.023052595556383, 53.545484191356365], [10.023095165124769, 53.5455067135713]], [[10.022326360414745, 53.54626283094732], [10.022386532956881, 53.546288869312086], [10.022304662295165, 53.54629120382278], [10.022326360414745, 53.54626283094732]]]}, "properties": {"aed_id": "5524205382", "time_s": 120, "minutes": 2}}, {"type": "Feature", "geometry": {"type": "Polygon", "coordinates": [[[10.018481012308126, 53.54553270631935], [10.018477746801466, 53.54526030861619], [10.018288624720011, 53.54513035110814], [10.018036267288428, 53.54511217460054], [10.01761059474684, 53.54521849806302], [10.01751293907821, 53.545473404088135], [10.017825681007752, 53.54579280444348], [10.017594601531405, 53.545856484464416], [10.017482034643917, 53.54601485802469], [10.017898701715469, 53.546373818168995], [10.017819914966934, 53.54652697805529], [10.017921836818562, 53.54666567597482], [10.01911098904141, 53.54699938817769], [10.0188535926495, 53.54732900103984], [10.018557696526699, 53.54746249634703], [10.018633686123646, 53.5477080363407], [10.018985193941427, 53.54781214609947], [10.019269177177698, 53.54778097125951], [10.019878979603483, 53.54708159633119], [10.020212106158782, 53.54714512673767], [10.020497902694302, 53.547008314354976], [10.02176852399965, 53.54738269268271], [10.021719328736422, 53.54758399176618], [10.021953695940693, 53.54783735233567], [10.020982992869342, 53.54759303714106], [10.020712480011559, 53.54765321177026], [10.020592641723992, 53.54780968259656], [10.020780231746242, 53.54801191464948], [10.022072600723622, 53.54837214637552], [10.021945319803994, 53.548531770232934], [10.021140070454976, 53.54881007186145], [10.02100284201083, 53.54893751873835], [10.021281419335278, 53.549528835769586], [10.021499359072228, 53.54965914025649], [10.021908192154191, 53.549603847482096], [10.022445127689068, 53.54895732164661], [10.022812375712366, 53.548847654523016], [10.022859304064351, 53.54869885665655], [10.022748154995346, 53.548572561397464], [10.022954593457852, 53.54831291827126], [10.023814576496646, 53.548478060827414], [10.0238052855738, 53.54866494604938], [10.024046064922768, 53.54879284114028], [10.024299868691708, 53.54878420370951], [10.024500746327604, 53.54866586170612], [10.025266699567558, 53.548861244483014], [10.02564162910863, 53.54874953217115], [10.025666147914361, 53.548557942678386], [10.0253368104049, 53.5483080560224], [10.024968388964874, 53.5482992764397], [10.023474064109962, 53.5478991839902], [10.02368451817252, 53.547651944206585], [10.023616606270684, 53.54746768558669], [10.024108750674065, 53.5468332646481], [10.025515011248148, 53.54721738980388], [10.025161203010116, 53.54770587465038], [10.025270650332935, 53.54785543221941], [10.02555508107468, 53.54794392132855], [10.025905325597908, 53.54790692840066], [10.026122743446741, 53.547677882476044], [10.026491947560123, 53.54772891214102], [10.02680765782303, 53.54757142908482], [10.027503858940152, 53.547732389410164], [10.027837678049657, 53.54758135359945], [10.027834744112303, 53.54742996389878], [10.027671218503649, 53.547314046473865], [10.024425166108715, 53.54642527923645], [10.024796081910573, 53.54594581907595], [10.026193425189929, 53.546330261890475], [10.026481712584138, 53.54632045852343], [10.02668438804752, 53.54617096389964], [10.02654543518131, 53.54593915978669], [10.026731668520489, 53.545768138083425], [10.026699038370534, 53.54552697813591], [10.026411011422752, 53.545402677464345], [10.026131710072066, 53.54544631407138], [10.025806122066008, 53.54569363500171], [10.025738390640992, 53.54541438848132], [10.025535729761623, 53.54529603631715], [10.025776811897352, 53.54509518816647], [10.025611181025097, 53.544893081940394], [10.026042584335013, 53.54454250585786], [10.025825441936941, 53.54430810941184], [10.025534324034643, 53.54424755515207], [10.02529144929906, 53.54429341622459], [10.02452878358505, 53.54509152724258], [10.024325627733829, 53.54503517379002], [10.024888558746664, 53.544263586130974], [10.02484371191781, 53.54411456120029], [10.02465031872081, 53.54401630877811], [10.024217805923916, 53.54408914048003], [10.023470336985728, 53.545007371727046], [10.021992691473704, 53.54461343861005], [10.022246169439809, 53.544178861736555], [10.022103024325391, 53.54402950367366], [10.02182449108128, 53.543984178844006], [10.021573728975746, 53.544069437625694], [10.021413473688902, 53.544292258206035], [10.021126401712516, 53.544336176724634], [10.020929976588183, 53.54453107530991], [10.020680128997867, 53.544616234632116], [10.020536986828843, 53.54503098377553], [10.020106986949664, 53.54496757076709], [10.019808085537308, 53.54515535603946], [10.019356307714913, 53.545032922431865], [10.019070691576829, 53.54505818530249], [10.018891504624783, 53.545217965706485], [10.018913859809853, 53.54564962084757], [10.018481012308126, 53.54553270631935]], [[10.022326360414748, 53.54626283094732], [10.022452599591407, 53.54629513029543], [10.022304662295166, 53.54629120382278], [10.022326360414748, 53.54626283094732]], [[10.021970974577805, 53.54584153957118], [10.021741542997924, 53.54594596391929], [10.0214425126758, 53.54633282854151], [10.02077204586306, 53.5461415190131], [10.021282841686435, 53.54549334967009], [10.021629102788943, 53.545371185071296], [10.021603054388232, 53.545098675868736], [10.02236389393596, 53.545306779862806], [10.021970974577805, 53.54584153957118]], [[10.023741624842872, 53.54623492640744], [10.023429570563335, 53.54614688471278], [10.023699372020832, 53.54579926299491], [10.023943434804671, 53.54597404518115], [10.023741624842872, 53.54623492640744]], [[10.023091709607765, 53.545511165752075], [10.02274664000012, 53.54588124498027], [10.023047128221078, 53.545498807740636], [10.023091709607765, 53.545511165752075]]]}, "properties": {"aed_id": "5524205382", "time_s": 240, "minutes": 4}}, {"type": "Feature", "geometry": {"type": "Polygon", "coordinates": [[[10.009558189522913, 53.551691864737904], [10.008330595734188, 53.55162536719096], [10.008162049055429, 53.55173871424929], [10.008063256410361, 53.55196595289487], [10.008188331283536, 53.55229372718464], [10.008659368754513, 53.5525450691999], [10.009030908983414, 53.552560535441536], [10.009168603602632, 53.55282366406122], [10.009506006297821, 53.5529008407523], [10.010272714250375, 53.55284561735652], [10.01068297732615, 53.552651248241226], [10.010949913771194, 53.5527196802702], [10.011197399592085, 53.552685010423474], [10.011648802775566, 53.552425253825966], [10.01174953188105, 53.552177470936364], [10.011548982479885, 53.55200249525923], [10.01111018788183, 53.55196270971252], [10.011673012791228, 53.551916865330284], [10.01184195617335, 53.551701254813764], [10.012793562892025, 53.55174935439201], [10.013073523545708, 53.551480330415124], [10.012950812231287, 53.551324648395806], [10.01269977213009, 53.55126372516012], [10.012546511399641, 53.550969120756676], [10.012269284700462, 53.550878060241544], [10.012361061093403, 53.550713657950915], [10.012259477749767, 53.550574869444866], [10.01191156623284, 53.55050857846309], [10.011088298578327, 53.55011046159361], [10.010711385873835, 53.55006289765105], [10.010022944135498, 53.55021444484336], [10.009575404258264, 53.55041831466466], [10.008974514037613, 53.55033437959144], [10.008644733802313, 53.55045528273975], [10.008504289211992, 53.55091482264317], [10.008598236706886, 53.551077447801354], [10.008857765929521, 53.551152879805336], [10.009212320876955, 53.55103545491534], [10.00967414956655, 53.551115690017596], [10.009387362800563, 53.551316755728664], [10.009613534214422, 53.55155926101632], [10.009558189522913, 53.551691864737904]], [[10.010507709866642, 53.551283665302115], [10.010538278555575, 53.55128752330166], [10.01060700398564, 53.55130090146862], [10.010507709866642, 53.551283665302115]]]}, "properties": {"aed_id": "6420593928", "time_s": 120, "minutes": 2}}, {"type": "Feature", "geometry": {"type": "Polygon", "coordinates": [[[10.006204496404065, 53.54964593114339], [10.00558463128012, 53.549796431043184], [10.00542656062599, 53.55000350937783], [10.00507308338949, 53.550217578536056], [10.005206016325966, 53.55046837333132], [10.005711859286578, 53.55054325150451], [10.005729109782713, 53.550728467141134], [10.00602894479142, 53.551003053733524], [10.005736602579004, 53.55132845290927], [10.005395999670613, 53.55138093301458], [10.00511816333059, 53.551637333569154], [10.005151657891219, 53.55198444296369], [10.005308314937166, 53.552103686095315], [10.005552019691068, 53.55213687673826], [10.005607735252434, 53.55232894969435], [10.005781328517019, 53.552439564324786], [10.007601041791697, 53.55264769402696], [10.007521561366245, 53.55284919058473], [10.007077452626493, 53.55291450370373], [10.006712881084512, 53.55335684195329], [10.00692416153527, 53.55362337137797], [10.007212215184966, 53.553713076797685], [10.00734885403148, 53.553859990750524], [10.007588774650397, 53.55391009801857], [10.007888084887307, 53.5538692070662], [10.007874743212783, 53.55412401827595], [10.0081866262059, 53.55434122264933], [10.008440783075564, 53.55434535412654], [10.008641649792589, 53.55425253608659], [10.008817126818663, 53.55375847392295], [10.009360037474318, 53.553818797232694], [10.009017080978902, 53.554133427964025], [10.008991828775093, 53.554295922789485], [10.009121803907384, 53.554425350898896], [10.009623804835668, 53.55462474784463], [10.010085791853149, 53.55464825460345], [10.010340100917318, 53.554566737668985], [10.010408478764479, 53.55435883945177], [10.01002346648015, 53.55416265283481], [10.010081075202299, 53.553970758944764], [10.010744476749192, 53.554106175612034], [10.010980377283786, 53.554006957307934], [10.011035745951807, 53.55385919109887], [10.010862746416436, 53.553696996398024], [10.01010487967326, 53.55348142354693], [10.009928171535107, 53.55287383120432], [10.010038191404647, 53.55286673368941], [10.012847721502585, 53.55412538479959], [10.013202935307222, 53.55413714345988], [10.013409240533, 53.553989401561005], [10.013325022626553, 53.5537835751779], [10.010966902258975, 53.552720715636625], [10.012836795178172, 53.55283083740374], [10.012846391686418, 53.55321683769291], [10.013255396375193, 53.55332796128658], [10.013471651883622, 53.55324834804773], [10.013854064668926, 53.55291495820522], [10.01436190493907, 53.55292861102884], [10.01460624369591, 53.552822616705015], [10.014653127734231, 53.552673813352214], [10.014497455394446, 53.552474222593865], [10.014575406806308, 53.55228685271869], [10.014428059254362, 53.55214350058735], [10.014490218071595, 53.552010642475274], [10.015660686581542, 53.55222565739441], [10.016033876458613, 53.552076393213206], [10.016033267166627, 53.55192499377936], [10.015863463279038, 53.55177387149061], [10.01515778866391, 53.551485959919596], [10.01497815262, 53.5512999831386], [10.013217895031271, 53.55097995390652], [10.012170416813206, 53.550526935414666], [10.012357986716133, 53.55040884880338], [10.012414450917976, 53.55012918061306], [10.012947109860448, 53.55027102026479], [10.013488433731396, 53.55007933442585], [10.013985932135284, 53.55008318013234], [10.014212828973594, 53.549920021174884], [10.014022447766097, 53.549677505346295], [10.01332291638182, 53.549621349064864], [10.012666856423376, 53.54911604736382], [10.012412818263428, 53.549110320662756], [10.012210343166704, 53.54920187188831], [10.012166595127779, 53.549392242724956], [10.012430906536027, 53.54965133628384], [10.012024637014747, 53.54971086700026], [10.01161115682541, 53.54989783701827], [10.011445877911639, 53.55025709901069], [10.011055205263231, 53.550100569852184], [10.010707759819521, 53.55006309087602], [10.010022944135498, 53.55021444484336], [10.009575404258264, 53.55041831466466], [10.009402006608164, 53.550376081190464], [10.011022718039506, 53.5498156757394], [10.011187796573148, 53.549650585170674], [10.01105072717609, 53.549455095814466], [10.010653102768824, 53.549377677672915], [10.0098355951408, 53.549696336278494], [10.009727141414857, 53.54963215851282], [10.010036552980267, 53.54914963210781], [10.009933285588431, 53.549011286000955], [10.009706089600956, 53.54894335828138], [10.009374341610481, 53.54901981017389], [10.009102459397788, 53.54936219915514], [10.008355664478797, 53.54914567528306], [10.008082370212058, 53.54924779933372], [10.007986716913795, 53.54947879484407], [10.007378858724673, 53.54945846566744], [10.007212785666724, 53.54959916120717], [10.007191553012019, 53.54995096349461], [10.007099337592864, 53.54993109933931], [10.007064396278652, 53.549498118547014], [10.006833696871283, 53.549363792325565], [10.006353653974982, 53.549432653099274], [10.006204496404065, 53.54964593114339]], [[10.008952105722322, 53.5533163104548], [10.009086184809018, 53.55286778429722], [10.009162487977743, 53.552874608149445], [10.009302255485812, 53.55335521624115], [10.008952105722322, 53.5533163104548]], [[10.008968265681574, 53.55162990279821], [10.009222990289567, 53.551037308573065], [10.00967414956655, 53.551115690017596], [10.009387362800563, 53.551316755728664], [10.009613534214424, 53.55155926101632], [10.009558189522913, 53.551691864737904], [10.008968265681574, 53.55162990279821]], [[10.008220908738352, 53.55155716141306], [10.00667583706669, 53.55132725579211], [10.006955315777319, 53.550622041638924], [10.008498671151592, 53.550910566877505], [10.008220908738352, 53.55155716141306]], [[10.010509300985762, 53.55127991935032], [10.010559344327618, 53.551291909885045], [10.010607003985667, 53.55130090146863], [10.010509300985762, 53.55127991935032]]]}, "properties": {"aed_id": "6420593928", "time_s": 240, "minutes": 4}}, {"type": "Feature", "geometry": {"type": "Polygon", "coordinates": [[[9.966012614261427, 53.50448208350674], [9.965730552831715, 53.504518145373595], [9.965568994361352, 53.50468440947538], [9.965756496139722, 53.50625529248786], [9.965542952153838, 53.506621925436974], [9.965569231310095, 53.50750386709419], [9.965712550020084, 53.507675975295534], [9.966148095569531, 53.50779868041678], [9.966412963176838, 53.50773051404948], [9.966518129511476, 53.50759270231577], [9.966506528384551, 53.50619370766422], [9.966810524743492, 53.50613475820313], [9.966942359320056, 53.505981785065295], [9.966828854528185, 53.50580194636933], [9.966537257530986, 53.50573963402047], [9.966645905765633, 53.50509085193544], [9.967189232334414, 53.50501937565012], [9.967370265023629, 53.50481508956133], [9.967153402389071, 53.50462360699246], [9.966401914953574, 53.50465661020784], [9.966267428921963, 53.50453576590001], [9.966012614261427, 53.50448208350674]]]}, "properties": {"aed_id": "6549441022", "time_s": 120, "minutes": 2}}, {"type": "Feature", "geometry": {"type": "Polygon", "coordinates": [[[9.965567729997074, 53.50470644812162], [9.965756496139724, 53.50625529248786], [9.965541872772274, 53.50663447891882], [9.965623296820139, 53.508878136331866], [9.965919305855872, 53.50946652825456], [9.966291561992579, 53.50958097492654], [9.96658412150867, 53.50946069841415], [9.966589155882684, 53.50922907905706], [9.966868659834564, 53.509176798608884], [9.967000398810562, 53.50902379339481], [9.96684513048208, 53.50871567597243], [9.966524164789584, 53.50859712845199], [9.966506528384551, 53.50619370766422], [9.966810524743492, 53.50613475820313], [9.96694357310126, 53.50595974541541], [9.966828854528185, 53.50580194636933], [9.966537257530986, 53.50573963402047], [9.966645905765631, 53.50509085193544], [9.967548830778972, 53.50499289120004], [9.967789316212315, 53.504788478644755], [9.967684972636464, 53.50462814124323], [9.967457912919606, 53.504560331738894], [9.966442382357567, 53.50465284478159], [9.966847118990177, 53.503310914790916], [9.967150639807864, 53.50305891738924], [9.96709290397846, 53.50291148043464], [9.966751692739441, 53.50267750933395], [9.966463264370828, 53.502680137635345], [9.966156456209108, 53.50283420508694], [9.965567729997074, 53.50470644812162]]]}, "properties": {"aed_id": "6549441022", "time_s": 240, "minutes": 4}}, {"type": "Feature", "geometry": {"type": "Polygon", "coordinates": [[[10.007171682478708, 53.55726557787117], [10.006882560288789, 53.55718023586717], [10.006613721209071, 53.557243107658394], [10.006498285759902, 53.557400755024524], [10.006583286374951, 53.5575470625389], [10.00627217844801, 53.557789227948774], [10.005807346072432, 53.5576273383744], [10.005467544012847, 53.55769013423754], [10.0053756775192, 53.557914605931856], [10.005648406274192, 53.558082692665465], [10.005513967943076, 53.55820270089095], [10.0055352817079, 53.55835356796508], [10.007626247583868, 53.55914725456365], [10.007273569505644, 53.559707627480876], [10.007441671616338, 53.55993636429304], [10.007890240972788, 53.55991794495673], [10.00837874950648, 53.55946273666395], [10.008923754672, 53.559729671160355], [10.009246410524764, 53.55972590747116], [10.00955332261912, 53.559585069219686], [10.009736764267792, 53.55936902757393], [10.00962433485737, 53.55910901354584], [10.01004314165531, 53.55887246390197], [10.010062526770245, 53.5586609307705], [10.009883703561378, 53.55855329587751], [10.009630790243435, 53.5585376386662], [10.008942809189755, 53.558839052549146], [10.009389866651098, 53.55848770859499], [10.009300215776612, 53.55832422272575], [10.009042670666409, 53.55824636540342], [10.008797372039696, 53.558286237885376], [10.008304180760732, 53.5585862894965], [10.008231436158079, 53.55855734550305], [10.008207976602277, 53.55840267837339], [10.007964432394571, 53.558214094483006], [10.007579035456816, 53.558140584074444], [10.007991792796782, 53.55797003390061], [10.00801917624869, 53.55773956979523], [10.007621846312889, 53.55761052596031], [10.007171682478708, 53.55726557787117]]]}, "properties": {"aed_id": "8548381603", "time_s": 120, "minutes": 2}}, {"type": "Feature", "geometry": {"type": "Polygon", "coordinates": [[[10.00340017393654, 53.5564767600876], [10.003059226132603, 53.55641622525476], [10.002502358851578, 53.556608125361976], [10.002334372389289, 53.55688387326375], [10.002437284171114, 53.557049039628836], [10.002257764455926, 53.55715872252176], [10.002219699411208, 53.55736988264729], [10.002382071341021, 53.55753593273646], [10.002982460597282, 53.55757804988011], [10.0030815122493, 53.55774508409623], [10.003375235776797, 53.55781786760318], [10.003416321039161, 53.55815533178862], [10.003558492996637, 53.55828085474593], [10.003837639514275, 53.55833048887661], [10.004076096846326, 53.55827792299184], [10.0042327788657, 53.5581212485381], [10.004214925716399, 53.557947789768626], [10.00522657849375, 53.55837367733831], [10.005721636524886, 53.55846475099501], [10.00762624758387, 53.55914725456365], [10.00718797860156, 53.55967177728203], [10.00731423896138, 53.559890245251125], [10.007603530192688, 53.55997043497767], [10.007860935122284, 53.55993142848855], [10.00837874950648, 53.55946273666395], [10.008460513108345, 53.559502984248425], [10.00827481238725, 53.55969883060903], [10.008387401692344, 53.559857207605155], [10.008692084314514, 53.5599205438834], [10.009055536858526, 53.55980560294526], [10.009970011325436, 53.56024285919962], [10.010140413193131, 53.56045627367112], [10.010940073631327, 53.56086742372517], [10.01144225438781, 53.560875658948376], [10.011968857151357, 53.56061965671863], [10.012304375928645, 53.56070569602149], [10.012595092589038, 53.560622267701056], [10.012676905843906, 53.560457330572305], [10.012503829701993, 53.56017802976967], [10.01158614764361, 53.55980841156612], [10.012550465172014, 53.55945482543401], [10.01263548530026, 53.55921033531142], [10.012005361820508, 53.55882723131714], [10.01205482346492, 53.55865158455964], [10.011790417874778, 53.55848946383732], [10.011871298481191, 53.55834031128203], [10.011774867791997, 53.55820022117828], [10.011477189173666, 53.558126028877616], [10.011176404699624, 53.55821080197363], [10.010739600833704, 53.55787735217886], [10.01113839051998, 53.557680274645975], [10.0115906747133, 53.55802715308573], [10.01186561208712, 53.55807986172722], [10.012145180043238, 53.55798388971292], [10.012197938636815, 53.55779432986158], [10.010925606643417, 53.556827339014255], [10.01061310162638, 53.55677943316934], [10.010352657189845, 53.556892881203126], [10.010334713046488, 53.55708472911563], [10.010654611686267, 53.557335325077936], [10.010267193173334, 53.55752678204145], [10.00927517566592, 53.55682911957424], [10.008991651495695, 53.55679631013146], [10.008774136391686, 53.55687471511587], [10.008691508306716, 53.55703950712686], [10.008859909188942, 53.55722811935198], [10.008603067456276, 53.5574498691301], [10.008594057964816, 53.55775178310077], [10.008793329489238, 53.55784582476555], [10.009047565189617, 53.557843248025584], [10.009355358978702, 53.55756717297762], [10.009692128292764, 53.55781818497569], [10.008304180760732, 53.5585862894965], [10.007964432394571, 53.558214094483006], [10.007579035456816, 53.558140584074444], [10.007991792796782, 53.55797003390061], [10.00801917624869, 53.55773956979523], [10.00762184631289, 53.55761052596031], [10.007279485818279, 53.55734680199634], [10.007557569062694, 53.55744931630248], [10.007841064679504, 53.55741640669596], [10.008009974134072, 53.55722995450946], [10.007819039186295, 53.55702931706639], [10.008190082897748, 53.55701643598761], [10.008443639497097, 53.55686686652617], [10.008397057184379, 53.556656842253844], [10.008041211477007, 53.556534255546985], [10.00805558985364, 53.55644417190174], [10.008385468513312, 53.55625623906696], [10.008233506921954, 53.55599546101594], [10.007848486011126, 53.55596684041603], [10.006800441993455, 53.556390443302895], [10.006207140544623, 53.55606579884183], [10.00605066839395, 53.55587349134311], [10.005601123840563, 53.55587738096798], [10.00533276893467, 53.5561608555823], [10.005344967935773, 53.55633268190916], [10.005523526256077, 53.556440467243014], [10.005797534229327, 53.556452610861264], [10.00636082944348, 53.55675930872464], [10.00518833948355, 53.55736531374968], [10.00465446438859, 53.55715483421461], [10.004920603028124, 53.55693324799899], [10.00533655935121, 53.55678335887262], [10.005351379865402, 53.55656125613471], [10.005217694269462, 53.556432471638296], [10.00479988007596, 53.55641139524973], [10.003927467298434, 53.55684641041942], [10.003632897605293, 53.55672670970388], [10.00340017393654, 53.5564767600876]], [[10.006583286374951, 53.5575470625389], [10.00627217844801, 53.557789227948774], [10.005855293078879, 53.55762597474293], [10.006370531840858, 53.557387865720614], [10.006583286374951, 53.5575470625389]], [[10.009625670123507, 53.55910830079991], [10.010412943095137, 53.558667822097206], [10.010415282263125, 53.55847426608963], [10.010520193762842, 53.55844127086799], [10.011622038732673, 53.5592637041551], [10.010801269461409, 53.559571744168686], [10.009625670123507, 53.55910830079991]], [[10.009937078823988, 53.55836029174329], [10.008975334211339, 53.55885187806689], [10.008942809189751, 53.558839052549146], [10.009876308302703, 53.55831941053305], [10.009937078823988, 53.55836029174329]]]}, "properties": {"aed_id": "8548381603", "time_s": 240, "minutes": 4}}, {"type": "Feature", "geometry": {"type": "Polygon", "coordinates": [[[10.007621846312889, 53.55761052596031], [10.007159455431847, 53.557352275478095], [10.00690958118636, 53.55738030468205], [10.00627217844801, 53.557789227948774], [10.005807346072432, 53.5576273383744], [10.005467544012847, 53.55769013423754], [10.0053756775192, 53.557914605931856], [10.005824953058275, 53.558151959406054], [10.00580705172649, 53.5584647414708], [10.007626247583866, 53.55914725456365], [10.007388946224907, 53.55947419430047], [10.007631598168409, 53.55970033642874], [10.008018993473907, 53.5597136863262], [10.00837874950648, 53.55946273666395], [10.008923754672, 53.559729671160355], [10.009246410524764, 53.55972590747116], [10.0095758509682, 53.559567566689324], [10.009763228188396, 53.55930499644775], [10.009653248559736, 53.559124353637564], [10.008942809189751, 53.558839052549146], [10.009350100807346, 53.55857212545191], [10.009359140576576, 53.55838005566969], [10.009184448083492, 53.55827004284577], [10.00893219506018, 53.55825098763905], [10.008304180760732, 53.5585862894965], [10.008231436158079, 53.55855734550305], [10.008207976602277, 53.55840267837339], [10.007964432394571, 53.558214094483006], [10.007579035456818, 53.558140584074444], [10.007991792796782, 53.55797003390061], [10.00801917624869, 53.55773956979523], [10.007621846312889, 53.55761052596031]]]}, "properties": {"aed_id": "8548381604", "time_s": 120, "minutes": 2}}, {"type": "Feature", "geometry": {"type": "Polygon", "coordinates": [[[10.003030530253719, 53.55650808042122], [10.002758479972117, 53.556565840706774], [10.00246159918774, 53.5568270162097], [10.002490902504272, 53.5569981086402], [10.002680273688577, 53.55709947470974], [10.00244779667892, 53.55723295415804], [10.002493741810612, 53.55744302835369], [10.002982460597282, 53.55757804988011], [10.0030815122493, 53.55774508409623], [10.003375235776797, 53.55781786760318], [10.003428075697741, 53.55813194061358], [10.003608617989018, 53.558266183586376], [10.004026391238789, 53.558244696122074], [10.004202018057269, 53.558111664455474], [10.004214925716399, 53.557947789768626], [10.00522657849375, 53.55837367733831], [10.005721636524898, 53.55846475099501], [10.00762624758387, 53.55914725456365], [10.00718797860156, 53.55967177728203], [10.007343715435061, 53.55990359627514], [10.007615540264231, 53.55997111193527], [10.007860935122284, 53.55993142848855], [10.00837874950648, 53.55946273666395], [10.008460513108345, 53.559502984248425], [10.00827481238725, 53.55969883060903], [10.00841503451196, 53.5598718900428], [10.008728676846316, 53.559917140319804], [10.009055536858526, 53.55980560294526], [10.009970011325436, 53.56024285919962], [10.010057450524323, 53.560396307877255], [10.010606648349125, 53.56073688595648], [10.01110228284551, 53.560897631233004], [10.011476172339025, 53.560866801472145], [10.011897131541593, 53.56058374032106], [10.012153133726834, 53.560582965284496], [10.012501630682046, 53.56044573634382], [10.012576635542942, 53.56030107249631], [10.012480474260903, 53.5601609157317], [10.011586147643612, 53.55980841156612], [10.012550465172014, 53.55945482543401], [10.01263548530026, 53.55921033531142], [10.01165646096081, 53.558558434328326], [10.0118673931233, 53.55838429919677], [10.011774867791997, 53.55820022117828], [10.011477189173666, 53.558126028877616], [10.011176404699624, 53.55821080197363], [10.010739600833704, 53.55787735217886], [10.01113839051998, 53.557680274645975], [10.011463744849063, 53.55791415331007], [10.0117815435814, 53.55794752798795], [10.012009738050851, 53.55784209677606], [10.012045888225057, 53.55767146946513], [10.01089600586207, 53.55681408755209], [10.01061310162638, 53.55677943316934], [10.010352657189845, 53.556892881203126], [10.010334713046488, 53.55708472911563], [10.010654611686267, 53.557335325077936], [10.010267193173334, 53.55752678204145], [10.00927517566592, 53.55682911957424], [10.008991651495695, 53.55679631013146], [10.008774136391686, 53.55687471511587], [10.008691508306716, 53.55703950712686], [10.008859909188942, 53.55722811935198], [10.008603067456276, 53.5574498691301], [10.008594057964816, 53.55775178310077], [10.008793329489238, 53.55784582476555], [10.009047565189617, 53.557843248025584], [10.009355358978693, 53.557567172977606], [10.009692128292766, 53.55781818497569], [10.008304180760732, 53.5585862894965], [10.007964432394571, 53.558214094483006], [10.007579035456816, 53.558140584074444], [10.007991792796782, 53.55797003390061], [10.00801917624869, 53.55773956979523], [10.007621846312889, 53.55761052596031], [10.007279485818279, 53.55734680199634], [10.007557569062694, 53.55744931630248], [10.007841064679504, 53.55741640669596], [10.008009974134072, 53.55722995450946], [10.007819039186295, 53.55702931706639], [10.008190082897748, 53.55701643598761], [10.008443639497097, 53.55686686652617], [10.008397057184379, 53.556656842253844], [10.008041211477007, 53.556534255546985], [10.008255822084786, 53.55627046327808], [10.008097085734784, 53.556059641761316], [10.0077438020322, 53.556034597629555], [10.006800441993454, 53.556390443302895], [10.005946030478661, 53.55595480730432], [10.005527721151877, 53.55597201428945], [10.005390691504733, 53.55609954598225], [10.005438741850393, 53.55626912910675], [10.006360829443478, 53.55675930872464], [10.00518833948355, 53.55736531374968], [10.004654464388588, 53.55715483421461], [10.004921854836377, 53.55691412417444], [10.004678369153597, 53.556676712235074], [10.004323963560159, 53.5566580831707], [10.003927467298439, 53.55684641041942], [10.003474807682837, 53.55658986772032], [10.003030530253719, 53.55650808042122]], [[10.006370531840858, 53.557387865720614], [10.00658328637495, 53.5575470625389], [10.00627217844801, 53.557789227948774], [10.005855293078879, 53.55762597474293], [10.006370531840858, 53.557387865720614]], [[10.009625670123508, 53.55910830079991], [10.010412943095137, 53.558667822097206], [10.010415282263127, 53.55847426608963], [10.010520193762842, 53.558441270868], [10.01162203873267, 53.5592637041551], [10.01080126946141, 53.559571744168686], [10.009625670123508, 53.55910830079991]], [[10.008975334211339, 53.55885187806689], [10.009274585907722, 53.558633004917], [10.009876308302701, 53.55831941053305], [10.009937078823988, 53.55836029174329], [10.008975334211339, 53.55885187806689]]]}, "properties": {"aed_id": "8548381604", "time_s": 240, "minutes": 4}}, {"type": "Feature", "geometry": {"type": "Polygon", "coordinates": [[[10.004082332746513, 53.498413358600345], [10.003780925534421, 53.498402991341024], [10.003326942242001, 53.49857354638361], [10.003192891470912, 53.498909360233625], [10.002535107063158, 53.49905584805915], [10.002373846299841, 53.49926593233382], [10.002675568356803, 53.49946146048161], [10.002868190271327, 53.49976815215067], [10.00315145329174, 53.499800593748795], [10.003368388106376, 53.49972190485462], [10.003421355997661, 53.499392875078335], [10.003950733326617, 53.49953070514799], [10.003987384609372, 53.49985253170373], [10.00435378198089, 53.4999734191595], [10.004632576166888, 53.49987704233679], [10.00474233022344, 53.49962721297818], [10.005099452985574, 53.49950000632847], [10.005135407817757, 53.4989434536186], [10.00499918818933, 53.49879186004173], [10.004082332746513, 53.498413358600345]], [[10.003989489309523, 53.49897995861678], [10.003989969950414, 53.49895251454585], [10.004024007812722, 53.49898001303032], [10.003989489309523, 53.49897995861678]]]}, "properties": {"aed_id": "9357732421", "time_s": 120, "minutes": 2}}, {"type": "Feature", "geometry": {"type": "Polygon", "coordinates": [[[10.003806867468784, 53.49775903142618], [10.003464092435495, 53.4979247767312], [10.003417903449797, 53.49807365212268], [10.003862293435981, 53.49839109786209], [10.00331064116926, 53.498582402570015], [10.003192891470912, 53.498909360233625], [10.002535107063158, 53.49905584805915], [10.002373846299841, 53.49926593233382], [10.002675568356803, 53.49946146048161], [10.002868190271327, 53.49976815215067], [10.00315145329174, 53.499800593748795], [10.003368388106376, 53.49972190485462], [10.003421355997661, 53.499392875078335], [10.003950733326615, 53.49953070514799], [10.003943594124479, 53.49982232010395], [10.002699977316306, 53.499885851127765], [10.002498712554564, 53.49997816459376], [10.002447421322886, 53.50014740515242], [10.002712657685763, 53.500315842428776], [10.003704586091905, 53.50031511642142], [10.004117920675238, 53.50039371502679], [10.004435988594167, 53.500700417291995], [10.003950205876121, 53.500926735035684], [10.003911912507467, 53.50113735109778], [10.004148567613369, 53.501267779039516], [10.004468055566848, 53.501242590949616], [10.004593607376052, 53.50143021806747], [10.004903180812853, 53.50148363085233], [10.005168821819819, 53.50137483725757], [10.005280839589872, 53.50112370433564], [10.005110378567291, 53.499122446399575], [10.005426739772288, 53.498903019327145], [10.00526839609339, 53.4979503254977], [10.005289718950038, 53.49783967608782], [10.005571804975835, 53.49769614174889], [10.005601395980316, 53.497545771998915], [10.005455382184412, 53.49741437055532], [10.004911265232307, 53.49724877692121], [10.004657999894803, 53.497259558592994], [10.004479340785323, 53.497357784858764], [10.004067825337208, 53.497267316083374], [10.003853199990706, 53.49734821341409], [10.003724516876304, 53.49751063236205], [10.003806867468784, 53.49775903142618]], [[10.004587547871163, 53.49867369930825], [10.004049336297657, 53.49840455173856], [10.004253150143652, 53.49834802294645], [10.00448276701357, 53.498145019443655], [10.004577155190779, 53.49815617157737], [10.004587547871163, 53.49867369930825]], [[10.003989489309523, 53.49897995861678], [10.003989969950414, 53.49895251454585], [10.004024007812722, 53.49898001303032], [10.003989489309523, 53.49897995861678]]]}, "properties": {"aed_id": "9357732421", "time_s": 240, "minutes": 4}}, {"type": "Feature", "geometry": {"type": "Polygon", "coordinates": [[[10.02321451903506, 53.5471994355064], [10.022362761926924, 53.5474335851217], [10.022278782451599, 53.547655525438934], [10.022516793248169, 53.54780995297972], [10.022162811113544, 53.54787598122544], [10.022014651346407, 53.54799900917669], [10.022046471082804, 53.54817848907138], [10.022334804733378, 53.54845149090378], [10.0226493646734, 53.54849420199695], [10.02295459345785, 53.54831291827126], [10.023286466804942, 53.54834067040524], [10.023814576496648, 53.548478060827414], [10.0238052855738, 53.54866494604938], [10.024011104193612, 53.548785578471545], [10.024299868691708, 53.54878420370951], [10.024500746327604, 53.54866586170612], [10.026252117291156, 53.5491393015697], [10.026469966430668, 53.549280248833796], [10.026905300746106, 53.54921352409517], [10.026995904044968, 53.548755318060955], [10.026768405277966, 53.548642321425824], [10.026498686545516, 53.54826901524814], [10.025862054299196, 53.54810067517103], [10.025689136812645, 53.547867636125495], [10.025198983568998, 53.54772999419625], [10.024698910416156, 53.547712655746395], [10.024464772736922, 53.54777162298108], [10.024380328080287, 53.54803456655934], [10.02489492420665, 53.5481938172538], [10.024886237312778, 53.548276785118716], [10.02347406410996, 53.5478991839902], [10.023693072136009, 53.5476127306527], [10.023486957773128, 53.54725644061774], [10.02321451903506, 53.5471994355064]]]}, "properties": {"aed_id": "9899959560", "time_s": 120, "minutes": 2}}, {"type": "Feature", "geometry": {"type": "Polygon", "coordinates": [[[10.022020432793116, 53.54637574432686], [10.021772100351626, 53.54628798542056], [10.021492311359996, 53.546330513380106], [10.021265941759541, 53.54655889762399], [10.021280539499157, 53.54672858215892], [10.020341617513061, 53.54640204254529], [10.019964512689754, 53.5464512709728], [10.019742616896231, 53.54661419780003], [10.01991557477604, 53.54686129615971], [10.02174441937401, 53.5473512110546], [10.021729603978837, 53.54760517684863], [10.021981970605408, 53.54780290870575], [10.020982992869342, 53.54759303714106], [10.020612737007477, 53.547744836394685], [10.020749163996639, 53.547999918644514], [10.022072600723622, 53.54837214637552], [10.021945319803994, 53.548531770232934], [10.021026443282237, 53.54889577209377], [10.021006296553177, 53.54904669577453], [10.021232629294873, 53.549425334159416], [10.020975255373136, 53.549723358588274], [10.020599921323567, 53.54987187296319], [10.020732400489809, 53.55027613340205], [10.021051228929451, 53.55037009181843], [10.021636668420854, 53.55023731592782], [10.021789999217622, 53.550046123067716], [10.02169041275313, 53.54987814702263], [10.021858440785195, 53.54968470747874], [10.022169294913676, 53.54982995174204], [10.022524307061639, 53.54973678618307], [10.022600612671074, 53.54945248908594], [10.022192513858881, 53.54928165660606], [10.022436870398128, 53.548967869298224], [10.02322225912297, 53.549182911410014], [10.023422453384383, 53.54932100121255], [10.023734385075006, 53.54932311584298], [10.02391652693051, 53.5494581983201], [10.024263573855022, 53.5494685742921], [10.024683774096074, 53.549671122751214], [10.025554749189002, 53.5498953430684], [10.025344934512848, 53.55016063015931], [10.024942178307901, 53.550138559260745], [10.024675160065412, 53.550351168593885], [10.02469409515722, 53.55050214783653], [10.024959043592602, 53.550630239833545], [10.025125707486865, 53.550919378019465], [10.025405148748092, 53.550962778819645], [10.025677998403863, 53.55086724864709], [10.026289420592011, 53.550021107379536], [10.026394082899678, 53.55004925706078], [10.02617286475177, 53.55063245458076], [10.026428045186897, 53.550780054460006], [10.026746477876847, 53.55074909316069], [10.02758727950555, 53.54944292133589], [10.028766897106614, 53.54798772494728], [10.028733341225335, 53.547796621948365], [10.02846401346657, 53.5476908355078], [10.028155848877189, 53.54774771739994], [10.02751276339038, 53.54849625806442], [10.02706562793806, 53.54838495724726], [10.026805738329335, 53.54841242899941], [10.02664825318367, 53.548295139836284], [10.025862054299196, 53.54810067517103], [10.02571710674767, 53.547882085044364], [10.025235197167252, 53.54773458716315], [10.024523853505338, 53.54774512288454], [10.024199117700832, 53.548088713287264], [10.023474064109962, 53.5478991839902], [10.02368451817252, 53.547651944206585], [10.023616606270682, 53.54746768558669], [10.024852389871668, 53.54586290633795], [10.024806003250525, 53.54569166232249], [10.024558009553505, 53.545584330448484], [10.024130058790623, 53.54566619542528], [10.023741624842872, 53.54623492640744], [10.022793323776213, 53.5459322763102], [10.022503168023913, 53.546054811256056], [10.022473191967592, 53.54629862873771], [10.022020432793116, 53.54637574432686]], [[10.022757373689009, 53.548560999891045], [10.02295459345785, 53.54831291827126], [10.023286466804942, 53.54834067040524], [10.023814576496648, 53.548478060827414], [10.0238052855738, 53.54866494604938], [10.024011104193612, 53.548785578471545], [10.024299868691708, 53.54878420370951], [10.024500746327604, 53.54866586170612], [10.025787200342803, 53.549012184854064], [10.02545041069888, 53.54922125223744], [10.025102411448753, 53.54920309822659], [10.024450405177788, 53.549025254461306], [10.024256892294503, 53.54889943978396], [10.023966205831178, 53.548891969492715], [10.022757373689009, 53.548560999891045]], [[10.024886237312778, 53.54827678511871], [10.024883023524103, 53.54827453806022], [10.02488696974452, 53.548269789730455], [10.024886237312778, 53.54827678511871]]]}, "properties": {"aed_id": "9899959560", "time_s": 240, "minutes": 4}}, {"type": "Feature", "geometry": {"type": "Polygon", "coordinates": [[[10.038146127739271, 53.54092341789557], [10.035164150799458, 53.54118711754638], [10.034915275688897, 53.541388019515615], [10.035098948933078, 53.54159151369971], [10.035547445037494, 53.54160280370675], [10.035693957664877, 53.542143039938644], [10.036090192763101, 53.54231755029791], [10.036594114630722, 53.54231151763507], [10.036811342583032, 53.54223290466635], [10.037287402653805, 53.541446992145325], [10.03825155994503, 53.54135969007771], [10.038502695290848, 53.54115978874552], [10.038406595261465, 53.54099761531298], [10.038146127739271, 53.54092341789557]]]}, "properties": {"aed_id": "11186145844", "time_s": 120, "minutes": 2}}, {"type": "Feature", "geometry": {"type": "Polygon", "coordinates": [[[10.032872809303397, 53.54066484744698], [10.032464963995906, 53.54083303825545], [10.032376178836222, 53.54099668449865], [10.032580392055326, 53.54132404475935], [10.032579040711228, 53.541938552561284], [10.03293654942575, 53.5422650244974], [10.033198313794392, 53.5423375953339], [10.03349557557306, 53.54226297074764], [10.03384276415092, 53.54181639981545], [10.03402970434921, 53.54172881499874], [10.034952060778673, 53.54165574985486], [10.034966066363395, 53.541809279537354], [10.035138922092782, 53.54192027884844], [10.035390761094442, 53.54194076399398], [10.03559431322113, 53.541870138441816], [10.035679686813074, 53.542124173420575], [10.035890598694674, 53.54228047764782], [10.036629971409722, 53.54230603137643], [10.037046497290183, 53.541963650707196], [10.037287402653805, 53.54144699214533], [10.038417220543163, 53.54134706811626], [10.038482134529417, 53.541981581135616], [10.038732290186847, 53.54208482001683], [10.039264062455612, 53.54207668369189], [10.039554488823818, 53.541875777574944], [10.03940160616178, 53.541251035076506], [10.039849045169483, 53.541207396138596], [10.040012325425165, 53.54147750973094], [10.040424927430172, 53.54152150817152], [10.040636927023646, 53.541376686145874], [10.040587342663729, 53.54111482166639], [10.041593195773203, 53.54085464832639], [10.041770062667757, 53.54067085470346], [10.04164084174184, 53.540494800940195], [10.041330397245092, 53.54044261375089], [10.040225889458112, 53.54071524509732], [10.035468488559511, 53.541155409845246], [10.034901844651136, 53.539974175213], [10.034656180707149, 53.539682012412605], [10.034364635527826, 53.53959979768459], [10.034016045874916, 53.53973843505489], [10.034079603725967, 53.54000206213425], [10.033616153771206, 53.540218908478245], [10.03326778533047, 53.54020022417091], [10.0330383375515, 53.54030461184658], [10.03300000866902, 53.54047506933039], [10.033214864419048, 53.54069297614035], [10.032872809303397, 53.54066484744698]], [[10.034273354343894, 53.541156813033325], [10.033896273065494, 53.54049854309659], [10.034243801588687, 53.54045325747438], [10.03450583082038, 53.540836297688756], [10.0345318647311, 53.5412180415103], [10.034273354343894, 53.541156813033325]]]}, "properties": {"aed_id": "11186145844", "time_s": 240, "minutes": 4}}, {"type": "Feature", "geometry": {"type": "Polygon", "coordinates": [[[10.02963571811807, 53.54476507080676], [10.029291793498682, 53.54481909233606], [10.029124255044131, 53.54503949339887], [10.029219378331527, 53.54522309596188], [10.029816388495599, 53.545407872375144], [10.02987883717646, 53.54550448581769], [10.02934278238708, 53.54620011707068], [10.029441586179882, 53.546411362173146], [10.028759444469735, 53.5472948865053], [10.028803626583096, 53.54746484114364], [10.02907301111667, 53.547570574989614], [10.029407156333974, 53.5474979401114], [10.029719175094687, 53.54712142513062], [10.030031678917315, 53.54728702265405], [10.030409225733514, 53.547178499342166], [10.030877214734359, 53.54657895042283], [10.030784267886295, 53.546385723120856], [10.030411861869583, 53.54623452406204], [10.03087038671862, 53.546031056411465], [10.030807794218946, 53.5457833213799], [10.032067060973317, 53.5461156408122], [10.032346075496926, 53.546071348680556], [10.03249078217707, 53.54592252345373], [10.032384725170486, 53.54562439192916], [10.03208956784287, 53.5455226050788], [10.031946461725926, 53.54536552781704], [10.031263182389427, 53.545144456395974], [10.031498223007343, 53.54480286966637], [10.031344066307092, 53.54461195320961], [10.03089460435842, 53.54461368891542], [10.030601091379797, 53.54492667412533], [10.030218860741378, 53.544919346488875], [10.02963571811807, 53.54476507080676]]]}, "properties": {"aed_id": "11304389068", "time_s": 120, "minutes": 2}}, {"type": "Feature", "geometry": {"type": "Polygon", "coordinates": [[[10.026368065572717, 53.54392991214558], [10.026098631240641, 53.544035580835924], [10.026019105832491, 53.54429161267735], [10.02618250522711, 53.54440758749235], [10.026795093524145, 53.544538372654834], [10.026672690626391, 53.54476801216853], [10.026816923367736, 53.54489267997435], [10.027079802400706, 53.5449332994339], [10.026959640159095, 53.545145356026616], [10.027110993000582, 53.54531504245167], [10.027560470584405, 53.545315721126016], [10.027822381206176, 53.54503149807931], [10.028404312445868, 53.54519493061994], [10.028222145619957, 53.54549234738495], [10.028474589551527, 53.54569167483378], [10.029091138471506, 53.545673269733854], [10.029328814582538, 53.54527220715926], [10.029816388495599, 53.545407872375144], [10.029878837176462, 53.54550448581769], [10.029027926190256, 53.5465924192066], [10.027804914235682, 53.54625846495461], [10.027372638738761, 53.546234549243415], [10.027162257211463, 53.54635234906779], [10.027199130703751, 53.54657480995362], [10.026807839609454, 53.54707843623928], [10.026489262257343, 53.54706502082868], [10.026278805897924, 53.5471827758486], [10.026347724416619, 53.54742905457999], [10.0269804327995, 53.547618518661594], [10.026850251221875, 53.54802911494503], [10.027002196604531, 53.54819861661685], [10.027420910075914, 53.548210989975466], [10.027791905756848, 53.54784036303429], [10.027887477029669, 53.547866493419214], [10.02794728796842, 53.547973937400506], [10.02750079921307, 53.54850900236391], [10.027283098350528, 53.548541269108476], [10.027123185870037, 53.54865896315623], [10.027124941046104, 53.54881035931333], [10.02728756853077, 53.54892672687679], [10.028311387938007, 53.54896792551207], [10.028824345497448, 53.5486610844705], [10.028895081027986, 53.54833499434967], [10.029139631084035, 53.54836117794089], [10.029381630763828, 53.548274028465386], [10.02974471273674, 53.5483738672974], [10.02966357506376, 53.54853629745306], [10.029759782215095, 53.54867643659961], [10.03021451651268, 53.54880762608445], [10.030500347914577, 53.54878313884794], [10.03067801149816, 53.54864103383829], [10.030989370492025, 53.54867252841671], [10.03122150474529, 53.54857023315774], [10.031221933143524, 53.54833919338325], [10.030819842199715, 53.548183898575324], [10.030941810542615, 53.54795049169484], [10.030797788532215, 53.547778554273854], [10.030447537877244, 53.54774158718884], [10.030138691240126, 53.54798720867829], [10.029924889469854, 53.547928418815516], [10.029960472191727, 53.54775113442778], [10.030870632432121, 53.546600650370564], [10.030788573111117, 53.54638909566421], [10.030411861869583, 53.54623452406204], [10.03087038671862, 53.546031056411465], [10.030807794218946, 53.5457833213799], [10.031724050963826, 53.54600831270379], [10.031557184077814, 53.54625589010081], [10.031635073705703, 53.546429461535034], [10.031821999665116, 53.54652961845959], [10.031718101070345, 53.546678668331424], [10.031252433500248, 53.546671424015116], [10.030942567820375, 53.54686861163656], [10.030968191236381, 53.5470192402964], [10.031182691043146, 53.54713437797297], [10.031958321476736, 53.54716237042936], [10.032188885940728, 53.54709860895926], [10.03251633195498, 53.54671991710427], [10.032696174001742, 53.54630203691342], [10.03332316969868, 53.546474398881614], [10.033075127782713, 53.546841182473344], [10.033330663340616, 53.5470614240269], [10.0337099068125, 53.5470128144281], [10.034007402786658, 53.546663899114925], [10.034281338073738, 53.54684203737551], [10.03470960554614, 53.54694671768183], [10.0352558141443, 53.54678671205977], [10.035296691245662, 53.546616464477395], [10.035014162392365, 53.54644729641463], [10.03498138666115, 53.54620509902605], [10.033825035640401, 53.54586073494355], [10.033829001911293, 53.54567831524937], [10.033576245576478, 53.54554757915616], [10.033614845700939, 53.54539224648365], [10.034061474919826, 53.54544445795565], [10.034306736753202, 53.545265458826414], [10.034235805337172, 53.54509874899723], [10.033943760040144, 53.54498775230791], [10.03395212661331, 53.54461284326619], [10.033797713377936, 53.54446752141607], [10.03340234960258, 53.544453097232754], [10.032407080760452, 53.54490777652507], [10.032068495597112, 53.54538994865561], [10.031263182389427, 53.545144456395974], [10.032417072481188, 53.54366702317028], [10.032925179670723, 53.54377679220559], [10.033259019382223, 53.54362579710892], [10.033179037100513, 53.543399721943246], [10.032734767268584, 53.543259394909064], [10.032813452379436, 53.54306607802411], [10.032630921438967, 53.542907650141025], [10.032344810268787, 53.54288452477818], [10.03149923942704, 53.543097418821496], [10.03140525360213, 53.54326003232672], [10.031519189971949, 53.54340724461061], [10.030942939347343, 53.5441440904399], [10.030475119580364, 53.544015404275456], [10.030633445951329, 53.543774799600754], [10.030527410555436, 53.543564779531486], [10.02971522396563, 53.54332334689545], [10.029442722785124, 53.543380203404084], [10.029317284985359, 53.543557227680026], [10.029438991554553, 53.54371318284708], [10.029789751675745, 53.54382743142496], [10.029179489765012, 53.543664438666724], [10.028926001826271, 53.543680584059786], [10.028382659292985, 53.54425750029819], [10.02746411409988, 53.54410980759494], [10.027229406277318, 53.543984200250144], [10.026853812893375, 53.54403861089905], [10.026368065572717, 53.54392991214558]], [[10.030218860741382, 53.544919346488875], [10.029556090867516, 53.54475721158143], [10.029714050749549, 53.54456711038713], [10.029687757752127, 53.54441652267518], [10.029226505812668, 53.54424204745905], [10.029274274289723, 53.54418073619456], [10.029939243079076, 53.54436327639169], [10.030151399222168, 53.544515675047684], [10.030624481338425, 53.54455150702981], [10.030357083792902, 53.54489380802413], [10.030218860741382, 53.544919346488875]], [[10.028352837324741, 53.5474175013116], [10.028205574067266, 53.54745896640328], [10.027494646117628, 53.547264594982344], [10.02787318804518, 53.5467773679922], [10.02870926518497, 53.54699984408725], [10.028352837324741, 53.5474175013116]]]}, "properties": {"aed_id": "11304389068", "time_s": 240, "minutes": 4}}, {"type": "Feature", "geometry": {"type": "Polygon", "coordinates": [[[9.981445141064185, 53.55429858861357], [9.9815885532361, 53.555138508148175], [9.981842842969256, 53.55522005135569], [9.982609271435898, 53.55520503565489], [9.982587156027302, 53.555411443768726], [9.982205719617282, 53.5554179498726], [9.982007709884599, 53.555512924414025], [9.982004165884742, 53.55574395565052], [9.982270823478864, 53.55585216065738], [9.983355780563883, 53.55587497811603], [9.983851699352055, 53.5561721809191], [9.983846186771862, 53.55665847600342], [9.98409097296349, 53.55681221332088], [9.984379063905394, 53.556799921552724], [9.984554776421318, 53.55669048928664], [9.984609362727314, 53.556112762893406], [9.984763365931697, 53.555895397749275], [9.984922239817063, 53.55620213213469], [9.9853708717875, 53.556219659166594], [9.985525670007968, 53.55609955105208], [9.985547508149402, 53.555896184103794], [9.985859301303334, 53.55587817872561], [9.986062535956071, 53.55575598142457], [9.986073778474283, 53.55560472923315], [9.985933551961002, 53.55548890713924], [9.986002391323895, 53.555404088722064], [9.986472937598625, 53.5551757345997], [9.986449758702078, 53.55496468299457], [9.986262037771763, 53.55483975020217], [9.984870068354484, 53.554595792951616], [9.98507088225111, 53.55428687680138], [9.985686427126423, 53.5543313290309], [9.98597484264775, 53.554150104414035], [9.985834370056796, 53.553934737651396], [9.985337487023145, 53.55385718107975], [9.985497284116827, 53.553503084991696], [9.985233633404286, 53.553308947683156], [9.984946021937281, 53.5533245721209], [9.984521585566307, 53.55355313853461], [9.98457137232363, 53.55380295206971], [9.984003249208824, 53.5547127335047], [9.983831395716201, 53.55472941703321], [9.982245863391707, 53.55436301938404], [9.982183232665625, 53.554214309199594], [9.981981664056317, 53.55412203205856], [9.981693796961126, 53.554135928225044], [9.981445141064185, 53.55429858861357]], [[9.985045960762026, 53.55544762454403], [9.984637332462732, 53.55521611864196], [9.984654576172177, 53.555026572369165], [9.985111226403848, 53.555102983168815], [9.985045960762026, 53.55544762454403]]]}, "properties": {"aed_id": "11739444440", "time_s": 120, "minutes": 2}}, {"type": "Feature", "geometry": {"type": "Polygon", "coordinates": [[[9.979601555250785, 53.554435326964224], [9.979182695598245, 53.55492240602], [9.979330582824502, 53.55512882254283], [9.978933976336272, 53.55522697176997], [9.97876494211454, 53.555462825618775], [9.978800721751306, 53.555612719465145], [9.979121364177407, 53.55573233908723], [9.979228438936055, 53.55592736749771], [9.979437496990768, 53.55601354115711], [9.979926652937564, 53.55596121069291], [9.980476837453065, 53.556036846720254], [9.980864391387936, 53.5559731533108], [9.981381546820906, 53.55633849013259], [9.980922208043326, 53.556359069313125], [9.98079154224382, 53.556615224813044], [9.981460621594362, 53.55699953608943], [9.981713641273775, 53.557014521508286], [9.981925193374042, 53.556930529285225], [9.981999237110964, 53.556785690536195], [9.981916587286412, 53.556656247916436], [9.982048671659408, 53.55656807686498], [9.982472518857653, 53.55677748259586], [9.982142439281803, 53.55708528226692], [9.98211157893992, 53.55723556332946], [9.982519614242083, 53.55770138410163], [9.982999401261942, 53.55786171431904], [9.983011036552488, 53.558074686199966], [9.982845380991895, 53.558363596253315], [9.983159609937774, 53.55855507444289], [9.98344058831748, 53.55851521949092], [9.983817706449278, 53.55824738469038], [9.98405038021644, 53.55832870697195], [9.984622758697538, 53.55834273162082], [9.98535521348154, 53.55803304601073], [9.985365480055613, 53.55777882336961], [9.985765516509828, 53.557783222235315], [9.986183201458651, 53.55760718672762], [9.986217676501765, 53.55745718455612], [9.986084508207641, 53.557328208802275], [9.984565871654834, 53.55695090888408], [9.984576754926293, 53.55684012912056], [9.985169179244942, 53.55690180198364], [9.985454345143685, 53.5567959950455], [9.987062169965249, 53.556758935710825], [9.987376082509535, 53.556593404156786], [9.987336994101838, 53.556423006266655], [9.987107002585782, 53.556318974333315], [9.985121886938563, 53.556353708651265], [9.984991971310055, 53.556256083840445], [9.98648967902257, 53.55623738141397], [9.986696021621684, 53.556117044005696], [9.986774633572686, 53.55586908145246], [9.9871981332066, 53.55593128080071], [9.987421565085567, 53.556059102050504], [9.98762185087877, 53.55650045987163], [9.98804170246594, 53.556596222055575], [9.988314839624977, 53.55640678244788], [9.988184623603061, 53.55603832783425], [9.988376036642746, 53.5559312563747], [9.988474342678698, 53.555729501878034], [9.988747130083171, 53.55568663523635], [9.988894600995206, 53.55553876312569], [9.988727926801348, 53.55525320670254], [9.988463629937014, 53.555161127318684], [9.98854441694975, 53.55499861580357], [9.98878726497713, 53.55485369406315], [9.98876441152349, 53.55468225317196], [9.988062046191454, 53.55444545392101], [9.988644727307511, 53.554343005486466], [9.988726904896486, 53.554178134090726], [9.988589234270052, 53.55402695035977], [9.988349337173442, 53.55397680111821], [9.987796225370444, 53.554010147078685], [9.98776696124605, 53.5537187975182], [9.987431298837562, 53.553602920922], [9.987009298086033, 53.55375021517172], [9.987052796128026, 53.55408781326069], [9.986777497223608, 53.5539996363501], [9.986936103612027, 53.553436411998696], [9.986824360848596, 53.55330041823362], [9.98659310431861, 53.55323750667454], [9.986225983999967, 53.55335811177877], [9.986040781839588, 53.55390055211121], [9.985373043689377, 53.553794849876724], [9.98568702269024, 53.55303480829896], [9.986968647209965, 53.55320792663146], [9.987299200251204, 53.553135302980536], [9.987431086031116, 53.55298230244538], [9.987193583775202, 53.552755000171395], [9.986801771605373, 53.552762107003254], [9.985966992881522, 53.55261543723002], [9.986283042960595, 53.551781868127165], [9.986171055216223, 53.551645947066625], [9.985830813177115, 53.551515737807954], [9.985143946622422, 53.55173595176059], [9.984987556120183, 53.552130339861634], [9.98409935589105, 53.55255090813492], [9.983931639671548, 53.5524572011412], [9.98365204281342, 53.55243655843815], [9.983102734441868, 53.55265083069064], [9.982974425107042, 53.552804905649204], [9.98306336509358, 53.553077377895534], [9.982272321049118, 53.55308458885501], [9.982256141228879, 53.55299003593052], [9.982614489467588, 53.55284876008205], [9.98257820476034, 53.55263801625451], [9.982156910732792, 53.55254428681388], [9.981906643883528, 53.55237291126462], [9.981555817738954, 53.55240803194667], [9.981147708431207, 53.5528255287357], [9.98123530639474, 53.55298940720486], [9.9815135524668, 53.5530835433756], [9.98101697079723, 53.55308265135396], [9.98080831353359, 53.55330101027136], [9.981001987699553, 53.55350120731187], [9.981529579879085, 53.55353318206261], [9.981502942931098, 53.55424280499397], [9.980311257305818, 53.554856720574534], [9.980169336817523, 53.554742056171165], [9.980214838890717, 53.55451445829485], [9.979979475287612, 53.55438301485072], [9.979601555250785, 53.554435326964224]], [[9.984273537746539, 53.5574952150539], [9.984353842302713, 53.55738711312025], [9.984893987817388, 53.55753295957622], [9.984917052791376, 53.55764449681], [9.984273537746539, 53.5574952150539]], [[9.983826369813631, 53.55673719579269], [9.983818121756846, 53.55666519187611], [9.983830472355255, 53.55664608083329], [9.983826369813631, 53.55673719579269]], [[9.983836675093862, 53.55645167609661], [9.9836571816181, 53.55630061861584], [9.983230366815505, 53.55615399196604], [9.982899424569535, 53.55615152641099], [9.98261933287052, 53.55626778780549], [9.982364281880518, 53.55612780768433], [9.982668459806602, 53.55606492660244], [9.982782476566399, 53.55586471839877], [9.983355780563883, 53.55587497811603], [9.983851699352055, 53.5561721809191], [9.983836675093862, 53.55645167609661]], [[9.984640671714976, 53.55506975793252], [9.985111226403848, 53.555102983168815], [9.985045960762028, 53.55544762454403], [9.984801478450208, 53.55537649160077], [9.984637332462732, 53.55521611864196], [9.984640671714976, 53.55506975793252]], [[9.98401964986224, 53.5546787827633], [9.983831395716207, 53.55472941703321], [9.982306282217941, 53.554376898096834], [9.982589701582434, 53.55418259278816], [9.983367131992079, 53.55437622220724], [9.983704565417062, 53.55430909592583], [9.983806818984569, 53.55417047938666], [9.983738186049523, 53.55402469953874], [9.983092022727526, 53.55383721548362], [9.983363794607243, 53.55364879607576], [9.984548060971985, 53.55384381561348], [9.98401964986224, 53.5546787827633]], [[9.983905509833365, 53.553275174569706], [9.984756833083681, 53.55281435051519], [9.984989760956912, 53.552829780205016], [9.984775392341145, 53.553414097669105], [9.983905509833365, 53.553275174569706]], [[9.982246596401984, 53.55521180091858], [9.982609271435898, 53.55520503565489], [9.982587156027302, 53.555411443768726], [9.98223594580028, 53.55540339515494], [9.982246596401984, 53.55521180091858]], [[9.98093027357278, 53.5552447842616], [9.981205401468086, 53.55504591763854], [9.98150023172525, 53.55505410928586], [9.98148228038544, 53.55537693461109], [9.98093027357278, 53.5552447842616]], [[9.982284291476528, 53.55353393858162], [9.982537970674851, 53.55353162666287], [9.982281527568068, 53.55370864020356], [9.982284291476528, 53.55353393858162]], [[9.98330289034679, 53.55721874161349], [9.983223826446057, 53.557155203967355], [9.983587702030308, 53.55730748075876], [9.98330289034679, 53.55721874161349]], [[9.985437830940459, 53.554693183055], [9.984870068354484, 53.554595792951616], [9.98507088225111, 53.55428687680138], [9.985508597534055, 53.55433055951863], [9.985437830940459, 53.554693183055]], [[9.987800932505323, 53.5549109053421], [9.987480992458584, 53.55529174461307], [9.98694193248732, 53.5554106005489], [9.987039487284099, 53.554746460996675], [9.98745434032502, 53.55472406456529], [9.987800932505323, 53.5549109053421]]]}, "properties": {"aed_id": "11739444440", "time_s": 240, "minutes": 4}}, {"type": "Feature", "geometry": {"type": "Polygon", "coordinates": [[[9.99270811667001, 53.54233974068308], [9.992531201869772, 53.54247565527666], [9.992546477256987, 53.54264575059216], [9.992247314105214, 53.54280009058103], [9.992185357370136, 53.5431096776647], [9.99234226335808, 53.54334428370501], [9.992790377906855, 53.5435881397353], [9.99282740624775, 53.54376102558693], [9.99299550118008, 53.54387459442188], [9.993351144530044, 53.543877508849725], [9.993656962671789, 53.54368496900315], [9.99394129911688, 53.54384649061981], [9.99488348375531, 53.543834294409095], [9.996421235406398, 53.54422115384225], [9.997268638804611, 53.54395012585732], [9.997263470789099, 53.54370046813709], [9.996796765699992, 53.54354853427683], [9.997343426895569, 53.543359212397355], [9.997436963943342, 53.54315482098133], [9.997120862053368, 53.54298220733528], [9.996963028332772, 53.5427422062923], [9.996683842320122, 53.542698818609196], [9.996437175057526, 53.54277699864546], [9.996206754206245, 53.54269268604801], [9.996706926056635, 53.54220475209229], [9.996251712730958, 53.541723591117155], [9.996004676341919, 53.541687958706184], [9.99574985039346, 53.541751316554745], [9.995500608505008, 53.542010153350596], [9.994968194898057, 53.54192136840229], [9.99354666649828, 53.54187796418221], [9.993091027434012, 53.542016100763774], [9.992985385657581, 53.542316938125474], [9.99270811667001, 53.54233974068308]], [[9.99434698062295, 53.54250324303836], [9.994263548972551, 53.54243651867771], [9.994433459395736, 53.54238834246988], [9.994443738126586, 53.54241156143511], [9.99434698062295, 53.54250324303836]]]}, "properties": {"aed_id": "11916037969", "time_s": 120, "minutes": 2}}, {"type": "Feature", "geometry": {"type": "Polygon", "coordinates": [[[9.991469661153527, 53.54132612717366], [9.991071375280729, 53.541385122431635], [9.990924742039686, 53.54154301153752], [9.990494226944847, 53.541564419547974], [9.990204727892847, 53.541771854958625], [9.990121578866136, 53.541914925336], [9.990233495869013, 53.5420722698703], [9.989941048403304, 53.54218704669965], [9.989892128619195, 53.54247214624065], [9.98944521117138, 53.54245180885711], [9.989220867846173, 53.54253099025567], [9.989094427979614, 53.54305410446855], [9.989244206129257, 53.543176428745234], [9.98967108572367, 53.54329255529489], [9.989570894234289, 53.54371912222822], [9.98984613935756, 53.5439074346475], [9.990192815273348, 53.543860075948785], [9.990337228946425, 53.54365696317171], [9.99077517101118, 53.543636984531574], [9.990907921377962, 53.54340572013916], [9.99261176789133, 53.54352106933705], [9.992790377906854, 53.5435881397353], [9.99265275521448, 53.54440451181586], [9.991822937132953, 53.544387505685286], [9.991606592261071, 53.544501404398545], [9.99157852738819, 53.54465187925205], [9.991780063062235, 53.544801917012656], [9.992542844684031, 53.54486606659311], [9.993446860065824, 53.5452344087748], [9.993423034917198, 53.54543901081758], [9.993591640328244, 53.54557862760374], [9.9944544012542, 53.54562805755963], [9.994764235518696, 53.54553814652977], [9.99489225195753, 53.5453229357129], [9.995575735449426, 53.545290970738485], [9.995721047325375, 53.5451194205302], [9.995567520180842, 53.54493294699772], [9.995975215993594, 53.544580348684924], [9.997034694692754, 53.544885174347115], [9.996903117734574, 53.545384400125464], [9.997241005962334, 53.545560948375545], [9.997607461047679, 53.54543970061993], [9.997951915969145, 53.54470417446166], [9.998271436807158, 53.5447576413493], [9.998538791793717, 53.544675136040446], [9.999293740314183, 53.54493272182123], [9.999530687944683, 53.544877903257806], [9.999657912281721, 53.54474048373606], [10.000018407722175, 53.5448050915074], [10.000290208152736, 53.54470158924858], [10.000321562634307, 53.54449039063887], [10.000043669720277, 53.54418094844637], [10.000272007812026, 53.543969617653346], [10.000177459218905, 53.543742871284756], [9.999749621416933, 53.543674597671455], [9.999639129960343, 53.54354650000557], [9.999407511371857, 53.54348413306227], [9.998862399941538, 53.54366149268855], [9.999449529345586, 53.54290086849166], [9.99931667030793, 53.542754639622764], [9.999194482879089, 53.54213903091296], [9.998999530088883, 53.54202041535714], [9.99862537457599, 53.54198359823447], [9.99872994525624, 53.54177768449756], [9.998502756880246, 53.541615576166805], [9.999062926240665, 53.54151923707412], [9.99915475499517, 53.54127562556352], [9.998988731258097, 53.54116098626218], [9.998557395018258, 53.54107035445618], [9.998509501244628, 53.540867423162396], [9.998240773857805, 53.54076113463315], [9.997882857339988, 53.540850165644656], [9.99779829491453, 53.54109042441875], [9.997311195796511, 53.541145644087656], [9.997796581245579, 53.54042390541937], [9.997448984970584, 53.540061241640345], [9.996993862816957, 53.540060760095535], [9.99684607235159, 53.540275072010985], [9.996612476424874, 53.540395799124596], [9.996164196565974, 53.54033608908567], [9.99589040054256, 53.540437681622976], [9.99589918217794, 53.54074292184102], [9.996367726497692, 53.54083994305817], [9.996044501776737, 53.54130359432253], [9.995244757320176, 53.54127644839579], [9.995038050764133, 53.5410913100915], [9.995178800984398, 53.540960018450015], [9.99512721922462, 53.54079080492376], [9.994925629282255, 53.5406985939007], [9.99429822597787, 53.5406501271931], [9.994215407631476, 53.540594051107085], [9.994250640045603, 53.540170288079494], [9.99390515471172, 53.54002891530088], [9.993664763638526, 53.540078081587076], [9.993361208296772, 53.54030944733129], [9.993092346410618, 53.540353144929625], [9.992654215013877, 53.54058785463579], [9.992545371384468, 53.54089495495028], [9.991897721865943, 53.54089663340935], [9.991538568588242, 53.54114257023219], [9.991469661153527, 53.54132612717366]], [[9.994695113774164, 53.54514477307821], [9.993383772015262, 53.54460222515808], [9.99356168066951, 53.544117491597525], [9.993547678450405, 53.543730166458026], [9.993656962671789, 53.54368496900315], [9.99394129911688, 53.54384649061981], [9.994355503141355, 53.54388131139921], [9.994612170245954, 53.54379732461531], [9.995904915662182, 53.544095350640006], [9.995757167269979, 53.544130335482606], [9.994316901550773, 53.543960177407115], [9.99399198695106, 53.54404636202394], [9.993902855679309, 53.54425589147737], [9.994068671144918, 53.54447285710025], [9.995123091300453, 53.54452495034567], [9.994933082123353, 53.5446893037109], [9.99459577124933, 53.5448062212114], [9.994556242463917, 53.54495577982582], [9.994695113774164, 53.54514477307821]], [[9.99554094943919, 53.5419505753457], [9.99488389062515, 53.541877804368866], [9.995623330400292, 53.54183560055085], [9.99554094943919, 53.5419505753457]], [[9.99280452214528, 53.54136786820948], [9.992538528819253, 53.54134587006715], [9.992828023363845, 53.541369104038004], [9.99280452214528, 53.54136786820948]], [[9.991855821852372, 53.54225664552613], [9.991421744856654, 53.5423051905718], [9.99127181577127, 53.54217871214349], [9.991830510440165, 53.542208009423824], [9.991855821852372, 53.54225664552613]], [[9.990768347136088, 53.54253314096244], [9.99064169081226, 53.54252411018851], [9.990649996518655, 53.542487508333764], [9.990707692301829, 53.54248197265113], [9.990768347136088, 53.54253314096244]], [[9.994601916435975, 53.541133093168476], [9.994546469778204, 53.54117567741519], [9.994187225090746, 53.54115561965658], [9.994198526658732, 53.54109563811126], [9.994601916435975, 53.541133093168476]], [[9.996905231356816, 53.544340530886], [9.997050860561686, 53.54423046116791], [9.997280757684937, 53.54432706907912], [9.997229254028818, 53.54444206000752], [9.996905231356816, 53.544340530886]], [[9.996854429854627, 53.54203050744967], [9.996983665530824, 53.541825375693364], [9.997212002168945, 53.541803601046865], [9.99703796904774, 53.54190965220301], [9.997021027928445, 53.54207331363402], [9.996854429854627, 53.54203050744967]], [[9.996279388519234, 53.54270522724388], [9.996359718098038, 53.542480457027885], [9.996530267813624, 53.54252432128872], [9.996380761707735, 53.54274173999462], [9.996279388519234, 53.54270522724388]]]}, "properties": {"aed_id": "11916037969", "time_s": 240, "minutes": 4}}, {"type": "Feature", "geometry": {"type": "Polygon", "coordinates": [[[10.053603701689566, 53.5228757878414], [10.050393567295464, 53.52470909101162], [10.050370496721799, 53.524880520495486], [10.051218688048333, 53.52536141829802], [10.051601205224625, 53.52532366880899], [10.051719506234324, 53.52509121531937], [10.052193735674042, 53.524833940735725], [10.0523897726237, 53.52502383413856], [10.053190832376432, 53.52509042987633], [10.053753961534186, 53.52539040593141], [10.0540079150409, 53.525395122891986], [10.054310444044232, 53.52527564206246], [10.054515668763807, 53.525115586630164], [10.054468938280024, 53.52494002081807], [10.054827939792295, 53.52492965832161], [10.055008717695092, 53.52472526859792], [10.054065898587453, 53.523929069619875], [10.054453832875193, 53.52362748558541], [10.054380385137623, 53.52348437922146], [10.05402147066585, 53.52326355338581], [10.054219432169335, 53.52308652392656], [10.054135272442757, 53.52290103915766], [10.053878262886219, 53.522822808079205], [10.053603701689566, 53.5228757878414]]]}, "properties": {"aed_id": "11950553556", "time_s": 120, "minutes": 2}}, {"type": "Feature", "geometry": {"type": "Polygon", "coordinates": [[[10.051779019394232, 53.52394056507161], [10.0481570625152, 53.52580408566943], [10.04805964454897, 53.52596597262144], [10.048182866385353, 53.52612149077882], [10.048417540857436, 53.526179524277964], [10.048660731693428, 53.526135673370824], [10.050761889890756, 53.525090139410175], [10.051184973007116, 53.52535232758555], [10.051540441966932, 53.52534875552199], [10.0517078699278, 53.52523487678059], [10.051719506234324, 53.52509121531937], [10.052193735674042, 53.524833940735725], [10.052455174980299, 53.525043419762845], [10.05319083237643, 53.52509042987633], [10.053354463073457, 53.525184502028765], [10.053361094792377, 53.5253853427866], [10.053688144655439, 53.525654506085765], [10.053938282881676, 53.52568106616279], [10.054177215782932, 53.52560055675505], [10.054503411368248, 53.52577061786923], [10.054931106342364, 53.52574192447296], [10.055048612562848, 53.52550226783921], [10.054711602562476, 53.52528304829853], [10.05724738201308, 53.52369311163734], [10.057135121178943, 53.5234933969031], [10.055268280590084, 53.52246659815554], [10.055971804013657, 53.522010600416436], [10.055932147375817, 53.521743935385125], [10.055709273608821, 53.52167126291541], [10.05542866090318, 53.52171141572022], [10.053686808582015, 53.52281833432702], [10.052231555451929, 53.5232107619496], [10.051595045664527, 53.523671674987725], [10.05160194655008, 53.52382301910574], [10.051779019394232, 53.52394056507161]], [[10.054568936933332, 53.523595585104104], [10.054154278153481, 53.52334409888838], [10.054911805885022, 53.52288053974251], [10.055352134377397, 53.52311822640335], [10.054568936933332, 53.523595585104104]], [[10.055558625704302, 53.524155956612695], [10.055110184716192, 53.52390853936886], [10.055906962665938, 53.523422899379085], [10.056340696402762, 53.523665442282415], [10.055558625704302, 53.524155956612695]]]}, "properties": {"aed_id": "11950553556", "time_s": 240, "minutes": 4}}, {"type": "Feature", "geometry": {"type": "Polygon", "coordinates": [[[9.986644808276496, 53.54361705105911], [9.986368645584061, 53.54371636603415], [9.98630669543815, 53.54389381985043], [9.98642794628984, 53.544144153611015], [9.986665435821958, 53.544248409417065], [9.98700830716948, 53.544230037361714], [9.987204773640572, 53.54413350565823], [9.988739083560617, 53.54425152646574], [9.989040924740905, 53.544348747893494], [9.989414474973135, 53.54422699701485], [9.989505954166152, 53.544391740451054], [9.98980147018169, 53.54446880823083], [9.99014250222277, 53.544324924547105], [9.990640093346698, 53.544331621034644], [9.990864530349457, 53.54416727376505], [9.990732254716152, 53.543950080791944], [9.990274587300455, 53.54388222527582], [9.990302220161972, 53.543618168829816], [9.990042394560232, 53.543473498105335], [9.98969608868295, 53.543521799718576], [9.989544365453533, 53.54375748146053], [9.989193684543583, 53.54373217570363], [9.989183361643878, 53.5435313352862], [9.988886694186036, 53.54341447663292], [9.988640421131926, 53.54345196076587], [9.988213717791568, 53.54366116062635], [9.987428210925708, 53.543587533174275], [9.987467774703875, 53.54321243731327], [9.987184467092424, 53.543054625662435], [9.986775210543978, 53.5431652934173], [9.986644808276496, 53.54361705105911]]]}, "properties": {"aed_id": "11956338029", "time_s": 120, "minutes": 2}}, {"type": "Feature", "geometry": {"type": "Polygon", "coordinates": [[[9.985117769456242, 53.542214989508764], [9.98425433218907, 53.542659393658624], [9.98434234348422, 53.54294037345298], [9.984182404373069, 53.54330853041445], [9.983940874611513, 53.543443844350016], [9.983635241555938, 53.54325756623871], [9.983218063891078, 53.54326162912193], [9.982884121207013, 53.54353291983004], [9.982860362652277, 53.543704317205595], [9.983345273115436, 53.543954650748326], [9.983740742457906, 53.543882335774775], [9.986375459396436, 53.54404780588628], [9.986443416823969, 53.544301336098115], [9.985031243568194, 53.54421330134859], [9.984791361164568, 53.54426338204274], [9.984667078559605, 53.5445018332751], [9.984971462510009, 53.544679936747244], [9.98466668943693, 53.54474688773582], [9.984536823018535, 53.54495789985226], [9.984703180372351, 53.5452812873548], [9.985133457943814, 53.54553382327142], [9.986355085225302, 53.54528245357469], [9.98668700274487, 53.54583622908872], [9.986895230091115, 53.54595537877366], [9.98724844284654, 53.54593039672565], [9.98740970207569, 53.54574360410446], [9.987748768737735, 53.54565870992021], [9.987891777995998, 53.54553354129498], [9.987782317726852, 53.545311889124164], [9.987548301370188, 53.54525276878593], [9.987257418339139, 53.54529499654278], [9.98722433779563, 53.545199280304196], [9.987880192268406, 53.54515376498036], [9.988032722675378, 53.54563038541021], [9.988398449504105, 53.545752412944665], [9.988737397337376, 53.545576585269664], [9.988647721066163, 53.545183843156984], [9.989129535407791, 53.545163715344735], [9.988955570136993, 53.545729107543245], [9.988640301199814, 53.545816287879816], [9.988581726133312, 53.546025244315494], [9.988739393943465, 53.546144004108825], [9.989131173557931, 53.54624362852801], [9.989851873399823, 53.54626512763061], [9.990083274719147, 53.54605693506048], [9.989971627619015, 53.54589833012774], [9.989691217813457, 53.545831373883956], [9.98978752681942, 53.54551850757668], [9.991025102513163, 53.54550862691005], [9.991601648652868, 53.5454222183393], [9.99178346325775, 53.545267078525136], [9.992101900260762, 53.54518781100019], [9.992183842557276, 53.5449972911774], [9.992641659850241, 53.54481872225716], [9.992731758558598, 53.54459164362516], [9.992622007816712, 53.54444245236433], [9.992859121549438, 53.54439132761443], [9.993336782212875, 53.54447749809868], [9.993747739007626, 53.54436172871689], [9.993900299186866, 53.54424062853696], [9.993873603036457, 53.54406938482213], [9.993615567227597, 53.54395406295453], [9.992264160456008, 53.543871674801295], [9.990274587300455, 53.54388222527582], [9.990337228946427, 53.54365696317171], [9.990675526205752, 53.54368953594569], [9.990945934421104, 53.543632410275116], [9.991184066424688, 53.54342445875004], [9.991587771486358, 53.54342505411709], [9.991817469387142, 53.543263308477194], [9.991741646201417, 53.543074826162325], [9.991913241551641, 53.542812536636745], [9.991806626955663, 53.542654551040606], [9.99064169081226, 53.54252411018851], [9.991077383818029, 53.54245756425978], [9.99125057457328, 53.54234674819215], [9.99123903895571, 53.54215472501146], [9.991004376576939, 53.54203436885073], [9.989504034366199, 53.5421435350326], [9.989291127054454, 53.54225970176798], [9.989278182862169, 53.54243093856217], [9.988835391180004, 53.542401310390666], [9.988851696626925, 53.54222046714026], [9.988653741148795, 53.542095270371824], [9.9874756899838, 53.54198440464427], [9.987137445989665, 53.54207462836305], [9.986792442068907, 53.542485681536746], [9.985730609345433, 53.54241589932637], [9.985612160201802, 53.54224557402905], [9.985364614902783, 53.54217888298383], [9.985117769456242, 53.542214989508764]], [[9.987170279970973, 53.54416246351641], [9.988739083560617, 53.54425152646574], [9.989040924740905, 53.544348747893494], [9.98941163912414, 53.54422861272434], [9.989342750968103, 53.544449312855996], [9.987947376163312, 53.544537555081], [9.987657559032156, 53.54443830089339], [9.987251021876112, 53.544463803522554], [9.987170279970973, 53.54416246351641]], [[9.984974912397456, 53.5431287496645], [9.984960718033044, 53.54303907125862], [9.985655064505883, 53.543151687033124], [9.98633397804405, 53.54313065792571], [9.986610017934495, 53.54318368232494], [9.98661188584745, 53.54325473401885], [9.984974912397456, 53.5431287496645]], [[9.989544365453533, 53.54375748146053], [9.989193684543585, 53.54373217570363], [9.989183361643878, 53.5435313352862], [9.988886694186036, 53.54341447663292], [9.988640421131926, 53.54345196076587], [9.988213717791567, 53.54366116062635], [9.987428210925708, 53.543587533174275], [9.987500271256785, 53.54317763119532], [9.989664213928071, 53.54332198244065], [9.989544365453533, 53.54375748146053]], [[9.990148859110343, 53.5443254734416], [9.99223538612439, 53.5443207845799], [9.992351324626275, 53.54437550021757], [9.990116656988342, 53.54442864685145], [9.990148859110343, 53.5443254734416]]]}, "properties": {"aed_id": "11956338029", "time_s": 240, "minutes": 4}}, {"type": "Feature", "geometry": {"type": "Polygon", "coordinates": [[[9.980684425625348, 53.55480078426358], [9.979871256423127, 53.554981064274855], [9.97971545979199, 53.555180355877376], [9.97974459409676, 53.55531969646546], [9.97950726714799, 53.55541687942708], [9.979447223583374, 53.555563997651575], [9.97957479748427, 53.555774570490954], [9.980303200329399, 53.55616036164484], [9.980684436167142, 53.556198437735254], [9.980512217947831, 53.55636680547951], [9.980622870070006, 53.55654730179924], [9.982028049191868, 53.55725283411567], [9.982345243488792, 53.557217492857895], [9.982500586873831, 53.557049075612866], [9.982406379148353, 53.556886500778056], [9.981921514100758, 53.55665299816622], [9.982048671659408, 53.55656807686498], [9.982573369587062, 53.55681971990436], [9.98252670897237, 53.557042796700145], [9.982776614038428, 53.55722031050371], [9.98309921772065, 53.55721562666044], [9.98329171974549, 53.55707722818319], [9.983556698601685, 53.55713467059664], [9.983825380574798, 53.55707156102777], [9.98393923107712, 53.55689177109739], [9.98375405899461, 53.55671641577586], [9.983849010057208, 53.55650013899282], [9.98370657720574, 53.55632740130831], [9.983194851692694, 53.55614774313116], [9.982869069958424, 53.55615752461608], [9.98261933287052, 53.55626778780549], [9.982364281880523, 53.55612780768433], [9.982668459806602, 53.55606492660244], [9.982782476566399, 53.55586471839877], [9.983971334293143, 53.55588532756027], [9.984273534069771, 53.55577352679568], [9.984267334890857, 53.55554251546798], [9.98385176637734, 53.55543439915778], [9.98341657613047, 53.55493415581594], [9.983121596981107, 53.55485626382016], [9.982716469913074, 53.55493486246043], [9.982548500652879, 53.55479447849922], [9.98228907401594, 53.55476139187036], [9.982330510520082, 53.55445281325007], [9.98210208575087, 53.55425089691003], [9.981798165802404, 53.55416363632425], [9.981529315473376, 53.55422646334385], [9.981416323060976, 53.55436209127346], [9.98155704046069, 53.554564755829084], [9.98148228038544, 53.55537693461109], [9.980930136414454, 53.55525233606043], [9.98110542822616, 53.55504127777647], [9.980962486271464, 53.554847280503424], [9.980684425625348, 53.55480078426358]], [[9.981153127930707, 53.556227497617755], [9.980751307443931, 53.55617819353205], [9.980925968201289, 53.556011233620744], [9.981381546820906, 53.55633849013259], [9.981153127930707, 53.556227497617755]], [[9.982246596401984, 53.55521180091858], [9.982615630367421, 53.555143607630555], [9.9825871560273, 53.55541144376872], [9.98223594580028, 53.55540339515494], [9.982246596401984, 53.55521180091858]]]}, "properties": {"aed_id": "12116959301", "time_s": 120, "minutes": 2}}, {"type": "Feature", "geometry": {"type": "Polygon", "coordinates": [[[9.978046131028787, 53.55468543372796], [9.9779454690269, 53.554888625619526], [9.978289275083366, 53.55529412613753], [9.978069539879403, 53.555411951535774], [9.977734860734106, 53.555432225515034], [9.97731578540899, 53.55557307874484], [9.977150988171525, 53.55569381353414], [9.97713947890678, 53.555835732042574], [9.976756249831729, 53.55600513270302], [9.976664745018757, 53.55614638890466], [9.976875763523626, 53.55640085314219], [9.977165392807567, 53.55648557829682], [9.978071850981406, 53.55613527989481], [9.977898496219286, 53.55629555436342], [9.977979282038065, 53.55646659936893], [9.97752352976821, 53.556558119265404], [9.977367177542147, 53.556702721812734], [9.977428340489496, 53.55687080183665], [9.97780920875987, 53.55708938016279], [9.978130983106476, 53.55710391409234], [9.978369173906772, 53.556926023479505], [9.978707648612229, 53.55686797541274], [9.97907327221001, 53.55689366339624], [9.979522127235583, 53.557136429148656], [9.979920781185482, 53.55705282044752], [9.98005636665973, 53.55689471197707], [9.980215094083304, 53.55706482906852], [9.980489141347322, 53.55715303289512], [9.981699958265741, 53.55712580944752], [9.981994847296816, 53.55725923796179], [9.982089562328012, 53.55758319962886], [9.982999401261939, 53.55786171431904], [9.982594325980779, 53.55841464523201], [9.98268709902681, 53.558577512943074], [9.982946120237273, 53.55865361797372], [9.983576532168103, 53.55851061439158], [9.983820213672656, 53.55827716703728], [9.98410367405826, 53.55840845556027], [9.984768029099246, 53.55838027062598], [9.98537542910769, 53.55801456968128], [9.985365480055616, 53.55777882336961], [9.985765516509828, 53.557783222235315], [9.98616452080793, 53.55762622719142], [9.986223522696493, 53.55747895936217], [9.986084508207641, 53.557328208802275], [9.984565871654834, 53.55695090888408], [9.984576754926293, 53.55684012912056], [9.985132183479521, 53.55690280131518], [9.9853719071262, 53.5568523313053], [9.985482785990678, 53.556592889269616], [9.985149859258595, 53.55645078566736], [9.98499197131006, 53.556256083840445], [9.986527690593963, 53.556226782691766], [9.986708859495396, 53.55609636008603], [9.98672795682697, 53.55587118759439], [9.987132978290395, 53.555847906761215], [9.987339751676208, 53.5557598012089], [9.987346889901355, 53.555510160919475], [9.987072977458434, 53.55540858656835], [9.986480946979583, 53.55543136099922], [9.986475654722062, 53.555070374576566], [9.986293878475182, 53.55491524702851], [9.984870068354487, 53.55459579295163], [9.985209841686029, 53.554058120639326], [9.984976470614425, 53.553829303826184], [9.984722459385992, 53.55382275633332], [9.984519130001983, 53.5539136521627], [9.984003249208824, 53.5547127335047], [9.983831395716205, 53.55472941703321], [9.982306282217932, 53.55437689809684], [9.982589701582434, 53.55418259278816], [9.983367131992079, 53.55437622220724], [9.983749880773429, 53.554274279030835], [9.983715305512312, 53.554007361032056], [9.98309202272752, 53.553837215483625], [9.983363794607241, 53.55364879607576], [9.983785977493229, 53.5536988377554], [9.984048094886761, 53.553586779471466], [9.984080848311207, 53.5534159087624], [9.983897911762613, 53.55328035632057], [9.98419347807437, 53.552978720350445], [9.984004965120329, 53.5527990598146], [9.983264317992845, 53.5528453145129], [9.98306507903172, 53.55307736226604], [9.982272321049118, 53.55308458885501], [9.982255303363253, 53.55298513953251], [9.982504597296726, 53.55283193882382], [9.982470579077766, 53.552661155760326], [9.98224373343077, 53.552554717999904], [9.98180436813159, 53.55256755863841], [9.981341299183756, 53.55264779352276], [9.981161148369063, 53.552782212393765], [9.981212843644924, 53.55297187629472], [9.9815135524668, 53.5530835433756], [9.979845019945794, 53.553095454484755], [9.97967336310476, 53.55320553733473], [9.979583994004322, 53.5534405092983], [9.979520734780646, 53.55417765456858], [9.97901807395263, 53.55386503240256], [9.978732711803332, 53.5538915265866], [9.978555434546758, 53.55405207611959], [9.978606881210432, 53.55420034469205], [9.979327019981495, 53.55477147776105], [9.979076740105738, 53.554888140626204], [9.978645479537306, 53.554615538520295], [9.978046131028787, 53.55468543372796]], [[9.981158349421277, 53.556230567190056], [9.980925968201285, 53.556011233620744], [9.981362878503944, 53.55635080374258], [9.981158349421277, 53.556230567190056]], [[9.98148228038544, 53.55537693461109], [9.980930136414454, 53.55525233606043], [9.981205401468076, 53.55504591763854], [9.98150023172525, 53.55505410928587], [9.98148228038544, 53.55537693461109]], [[9.981502942931103, 53.55424280499397], [9.980311257305813, 53.554856720574534], [9.980169336817521, 53.554742056171165], [9.98032862645827, 53.55352205751224], [9.981529579879085, 53.5535331820626], [9.981502942931103, 53.55424280499397]], [[9.978990252865929, 53.555903367966884], [9.978982754072609, 53.55589841921302], [9.979000327931095, 53.55589700538334], [9.978990252865929, 53.555903367966884]], [[9.983775829974302, 53.556722127255355], [9.983830472355255, 53.55664608083329], [9.983826369813631, 53.55673719579269], [9.983775829974302, 53.556722127255355]], [[9.983834762059638, 53.55644679157748], [9.9836571816181, 53.55630061861584], [9.983230366815505, 53.55615399196604], [9.982899424569535, 53.55615152641099], [9.98261933287052, 53.55626778780549], [9.982364281880521, 53.55612780768433], [9.982668459806602, 53.55606492660244], [9.982782476566399, 53.55586471839877], [9.983355780563883, 53.55587497811603], [9.983851699352055, 53.5561721809191], [9.983834762059638, 53.55644679157748]], [[9.9825871560273, 53.55541144376872], [9.98223594580028, 53.55540339515494], [9.982246596401984, 53.55521180091858], [9.982609271435898, 53.55520503565489], [9.9825871560273, 53.55541144376872]], [[9.981921514100758, 53.55665299816622], [9.982048671659408, 53.55656807686498], [9.982420599522404, 53.55675383039907], [9.982196540064391, 53.556786192947115], [9.981921514100758, 53.55665299816622]], [[9.982284291476528, 53.55353393858162], [9.98253797067485, 53.55353162666287], [9.982281527568068, 53.55370864020356], [9.982284291476528, 53.55353393858162]], [[9.98330289034695, 53.557218741613546], [9.983223826446057, 53.557155203967355], [9.983587702030308, 53.55730748075876], [9.98330289034695, 53.557218741613546]], [[9.984273537746542, 53.5574952150539], [9.984353842302717, 53.55738711312025], [9.984893987817388, 53.55753295957622], [9.984917052791378, 53.557644496810006], [9.984273537746542, 53.5574952150539]], [[9.985045960762026, 53.55544762454403], [9.984637332462732, 53.55521611864196], [9.98465457617218, 53.555026572369165], [9.985111226403848, 53.555102983168815], [9.985045960762026, 53.55544762454403]]]}, "properties": {"aed_id": "12116959301", "time_s": 240, "minutes": 4}}, {"type": "Feature", "geometry": {"type": "Polygon", "coordinates": [[[9.998887210606695, 53.55428675586728], [9.998586050802981, 53.55439953664274], [9.998576212390066, 53.55461130382314], [9.999810104179005, 53.55552319782211], [9.998321065224577, 53.55602767033606], [9.998286245717837, 53.55621869395505], [9.998612032455693, 53.556593956546934], [9.999111079576174, 53.55675138790152], [9.99981882417099, 53.55668445264694], [10.000037721448134, 53.55660742425512], [10.000226195670704, 53.55640844865645], [10.000366868635457, 53.55655792034835], [10.001344268106713, 53.556912154111224], [10.00173058140967, 53.55684207235568], [10.00187273361255, 53.556664470705876], [10.00214823650156, 53.55675185160554], [10.002425240108895, 53.55670314589442], [10.002549920561508, 53.55646476268001], [10.002234184170545, 53.55625884421417], [10.002572100147418, 53.5561945394356], [10.003009138162207, 53.55580350424874], [10.003021198586996, 53.55539023613669], [10.002689129250173, 53.555145464233036], [10.002886099067537, 53.554974404387224], [10.002815368513353, 53.554725394963846], [10.003296806709448, 53.554392389822915], [10.003225786201542, 53.55416525297016], [10.002892315701578, 53.55409144165489], [10.002520110466522, 53.554255089739264], [10.00214438542869, 53.55428088322972], [10.002003707742512, 53.55440699666549], [10.002031071675946, 53.5545595669722], [10.001602034535788, 53.5548196602252], [10.001183594917446, 53.554540763911305], [10.001462518767982, 53.55427596949856], [10.001190020912352, 53.55406304073627], [10.000842029034521, 53.55410707576012], [9.999949974659149, 53.554634051798175], [9.99956922497605, 53.55459644627017], [9.999132040261038, 53.55432758951713], [9.998887210606695, 53.55428675586728]], [[10.000483325085831, 53.554952112301144], [10.000647404147697, 53.55485792125346], [10.000895749540373, 53.55502344906828], [10.000652079181226, 53.555059017708665], [10.000483325085831, 53.554952112301144]], [[10.001109765083752, 53.55624127258603], [10.001052653505615, 53.55623321223754], [10.001061082059547, 53.556205395516955], [10.001109765083752, 53.55624127258603]]]}, "properties": {"aed_id": "12218673873", "time_s": 120, "minutes": 2}}, {"type": "Feature", "geometry": {"type": "Polygon", "coordinates": [[[9.996386528493902, 53.55287655760401], [9.996233605694059, 53.55309368256261], [9.996338906073925, 53.553478978991535], [9.996718871980715, 53.553714524715474], [9.996977929114761, 53.55375409324964], [9.999810104179005, 53.55552319782211], [9.997570259252372, 53.55620026403063], [9.997308278886456, 53.556372961184415], [9.997263209246988, 53.55655886760814], [9.996867389343056, 53.556664700383784], [9.99659584112308, 53.556562987555125], [9.996315978296183, 53.55660550323972], [9.995876560924339, 53.55696911132504], [9.996102087311076, 53.557300372872746], [9.996662765545748, 53.55739765123107], [9.998324250524192, 53.556966243380515], [9.998388100967363, 53.55711573102952], [9.998630044771081, 53.55720966403487], [9.999796595807563, 53.55714956042574], [9.999737005104883, 53.55735892152516], [10.000032166541098, 53.557508896094326], [10.001049890748709, 53.557511375647586], [10.00154902458184, 53.5576491834775], [10.003010068528921, 53.557677956608984], [10.00316778767973, 53.55778642822338], [10.003668464576153, 53.55790107462621], [10.00428934734495, 53.55794129438909], [10.005276437617233, 53.55776481372753], [10.0053804397768, 53.55762665745068], [10.005313636773414, 53.55748057605846], [10.004546043758952, 53.55719667017116], [10.005255910477754, 53.55674219304912], [10.005208875336644, 53.556494092849704], [10.004771240586408, 53.55643274648669], [10.003927467298437, 53.55684641041942], [10.00361101589258, 53.55668698149739], [10.003686856686961, 53.556477832692046], [10.005270304810672, 53.55580611264321], [10.005354722336161, 53.55564164284887], [10.005219105672206, 53.555489801174765], [10.004801910143648, 53.5554648086962], [10.002578643894443, 53.556357203065886], [10.002373635818152, 53.55625821799737], [10.002596599077288, 53.55617800300003], [10.002677958388087, 53.556024566247466], [10.00335152155838, 53.55573517725507], [10.003312008794317, 53.55554447779291], [10.002852896809763, 53.55524428777809], [10.003303571538115, 53.55507026350685], [10.003399635191357, 53.554923577419544], [10.004107398498636, 53.55447789818787], [10.004462268069346, 53.55447461517137], [10.005193162147998, 53.554700797222814], [10.005588151736475, 53.55457293851809], [10.00558587651234, 53.55438079790521], [10.005363318343283, 53.55425866268559], [10.005523577265532, 53.55389191529213], [10.00523422381584, 53.55347485125568], [10.005450082198285, 53.553038946188], [10.005323598034007, 53.552840939994006], [10.004875415632224, 53.55281999993869], [10.003939961091524, 53.55345972788957], [10.003629120774841, 53.55351959480747], [10.003023373054097, 53.553200322911344], [10.002697633769598, 53.553145938407226], [10.00244520406844, 53.55321051328117], [10.00169079638339, 53.552916447543275], [10.001368410040918, 53.55290844699234], [10.00116571922002, 53.55303095582102], [10.001183946635342, 53.553222794523414], [10.00187322949601, 53.55352441393741], [10.001525522761256, 53.55372000936106], [10.000198154498133, 53.55298980601497], [10.000141387910228, 53.55282858601787], [9.999938010098873, 53.55273773314431], [9.999588719785393, 53.55277792454636], [9.998149719325419, 53.5535705887388], [9.996968980108914, 53.552794492177114], [9.996651948562928, 53.552758743142505], [9.996386528493902, 53.55287655760401]], [[10.002090949000864, 53.55402016167892], [10.002465928137216, 53.55380922272164], [10.00284291308396, 53.55403986943726], [10.002532110179866, 53.55424739779357], [10.002090949000864, 53.55402016167892]], [[9.999362570029875, 53.5567202777998], [9.999955206097466, 53.55665140402155], [10.000226195670704, 53.55640844865645], [10.000605873860746, 53.55666224021399], [9.999362570029875, 53.5567202777998]], [[10.000647404147696, 53.55485792125346], [10.000895749540373, 53.55502344906828], [10.000652079181222, 53.555059017708665], [10.000483325085826, 53.554952112301144], [10.000647404147696, 53.55485792125346]], [[9.99971017136876, 53.553333180229735], [10.000976871835595, 53.55403001408185], [10.000668137231061, 53.55421180882236], [9.999474093324622, 53.553468763191226], [9.99971017136876, 53.553333180229735]], [[10.000133136459487, 53.55452890688665], [9.99986629576865, 53.55463288582262], [9.998673776809955, 53.553895007905176], [9.998915920574223, 53.55377143550694], [10.000133136459487, 53.55452890688665]], [[10.001109765083752, 53.55624127258603], [10.001052653505615, 53.55623321223754], [10.001061082059547, 53.556205395516955], [10.001109765083752, 53.55624127258603]], [[10.001540623402528, 53.55433090177139], [10.002009706366573, 53.55457252184269], [10.00160203453579, 53.5548196602252], [10.001183594917444, 53.554540763911305], [10.001540623402528, 53.55433090177139]]]}, "properties": {"aed_id": "12218673873", "time_s": 240, "minutes": 4}}, {"type": "Feature", "geometry": {"type": "Polygon", "coordinates": [[[10.000895309684713, 53.54697257943868], [10.000192504391968, 53.547107285645986], [9.999884566095568, 53.54730906011065], [9.999674839296963, 53.547699960771126], [10.000385898850196, 53.54844956369958], [10.00095792728469, 53.5485107720393], [10.00082526249084, 53.5487453036617], [10.001129946400575, 53.54890942423894], [10.001294600377628, 53.54914634464886], [10.001614157353986, 53.54917283391215], [10.002037462478109, 53.54900499498613], [10.002332435931885, 53.54904076837883], [10.002956438141664, 53.5488703127255], [10.00299000661246, 53.54933746191425], [10.00316188378464, 53.54944901631585], [10.003413578790344, 53.549470311933], [10.003966182181331, 53.54924122916325], [10.004142851636365, 53.5489632081227], [10.004360721454262, 53.54888616902512], [10.004663208825916, 53.548891987754935], [10.005165393643681, 53.54871931750929], [10.005210434021235, 53.548549442259294], [10.005037088767361, 53.54840921550279], [10.005279336135393, 53.54800763463913], [10.005216550652452, 53.54780651140394], [10.004821027853241, 53.5477237479958], [10.004459471926504, 53.54791696087349], [10.004038038421502, 53.54776090143529], [10.004109831933867, 53.547585770229574], [10.004015376544729, 53.547445209151334], [10.0035765659217, 53.54733724025875], [10.003394828933924, 53.54720215500471], [10.003062843687667, 53.547154257378565], [10.002883339122445, 53.54695011206866], [10.001506060049747, 53.54693766277213], [10.000895309684713, 53.54697257943868]], [[10.003270703132682, 53.5479135780707], [10.00295655733642, 53.54780901468306], [10.003310367637436, 53.54784354424791], [10.003270703132682, 53.5479135780707]]]}, "properties": {"aed_id": "12230253344", "time_s": 120, "minutes": 2}}, {"type": "Feature", "geometry": {"type": "Polygon", "coordinates": [[[9.997881107981488, 53.54628132275217], [9.9972864806522, 53.546418475259756], [9.997067047990136, 53.546617681666255], [9.99704745777811, 53.54679712375086], [9.997228896545037, 53.547042521362286], [9.996495934258888, 53.54735732051103], [9.996527286707604, 53.54773564347993], [9.996875562250825, 53.54794498797612], [9.997185666268347, 53.54791107614786], [9.99881106175176, 53.54802432530658], [9.998457335387323, 53.54811917266254], [9.996725778107317, 53.54817319582066], [9.996499330287238, 53.548310060506914], [9.996515623367976, 53.54848176672765], [9.997135588202081, 53.548686551804515], [9.997761757936017, 53.548584963461735], [9.997576703982839, 53.548805964449755], [9.997814499127907, 53.54898851283414], [9.999099615547562, 53.54900491737406], [9.999036678271077, 53.549161327398316], [9.998579514750116, 53.5491198492464], [9.998337379273941, 53.54930036348049], [9.998461624921557, 53.549498869609494], [9.99887735352844, 53.54960112737338], [9.998910918994518, 53.549926345456875], [9.99943804820711, 53.550195732371584], [10.00045843338005, 53.55020910901324], [10.001253625203562, 53.55035516984533], [10.001260473145427, 53.55065917597596], [10.001507836295092, 53.550811423299855], [10.001933533479539, 53.550725398718534], [10.002009946286373, 53.55033237878116], [10.004571976428297, 53.55031556887505], [10.004911544734698, 53.550599829047464], [10.005144420472837, 53.5506605652659], [10.00581410436994, 53.55045533990511], [10.006349883419205, 53.55000407609694], [10.006251654677612, 53.54956233801601], [10.00649777455572, 53.54944749843957], [10.006509446981106, 53.54911675081268], [10.006759372938072, 53.54897443807116], [10.006817410716613, 53.54849056264079], [10.007056302541761, 53.54860209370175], [10.007343611374239, 53.548584797430756], [10.007513848205107, 53.54847235640927], [10.00756276340623, 53.54826992961536], [10.007885906269394, 53.548235920199566], [10.008060319153845, 53.54809885295306], [10.008000657517025, 53.54791002136124], [10.007740066178838, 53.5478191446531], [10.00773392907422, 53.54764437702545], [10.007550269796575, 53.54743516938154], [10.007309947731303, 53.54738581224191], [10.006677303224759, 53.54743949613851], [10.006503578213998, 53.547325449038645], [10.005959173256008, 53.54723393158739], [10.00571211282628, 53.547081193285365], [10.00645194437184, 53.54685589770823], [10.006528101817945, 53.546690006778725], [10.006413108540961, 53.54655498303978], [10.005903099640516, 53.546432257227096], [10.005617541711366, 53.54661149717781], [10.00516262850632, 53.546738031871925], [10.005234707106734, 53.54657423253802], [10.005496443782912, 53.546402229612376], [10.005338190712123, 53.54613622742302], [10.004686008813945, 53.54607156232148], [10.00415681884206, 53.546220329854386], [10.00403533811005, 53.54590404020409], [10.003682160453643, 53.54580410496505], [10.003342390370937, 53.54580322245732], [10.002802795997527, 53.54560250906911], [10.002743450163717, 53.54536992752968], [10.00249407085252, 53.54524803136096], [10.002042005689507, 53.54528390381554], [10.00180158458416, 53.54542371025585], [10.001745217676277, 53.54559892985554], [10.0019127855174, 53.54574335245754], [10.001619362796793, 53.546178594636196], [9.999801282182716, 53.545869003319275], [9.999442259980096, 53.54603007945784], [9.999326513271523, 53.546301995170005], [9.999488408910617, 53.54648120492516], [9.997881107981488, 53.54628132275217]], [[10.002615372602078, 53.54896260814362], [10.002890852843349, 53.548894883259486], [10.002956438141664, 53.5488703127255], [10.002937122655675, 53.549008423907445], [10.002615372602078, 53.54896260814362]], [[10.002586939755234, 53.546815402152404], [10.002500008474433, 53.54668566590294], [10.002968336709912, 53.54653814464336], [10.00309899940163, 53.54641841390218], [10.003328657512393, 53.54657367699687], [10.002586939755234, 53.546815402152404]], [[10.00037846242016, 53.54970556353564], [10.000535924590977, 53.549647846721136], [10.000952901785103, 53.549517809828664], [10.000921185566284, 53.54971321194432], [10.00037846242016, 53.54970556353564]], [[10.001778576448869, 53.5469445721783], [10.000980500710218, 53.5469111429581], [9.999710677586846, 53.54653145857592], [10.001762925299468, 53.546830973655574], [10.001778576448869, 53.5469445721783]], [[9.999038536295892, 53.548547699036384], [9.999144040669979, 53.54855626098517], [9.998972102723565, 53.54855141077993], [9.999038536295892, 53.548547699036384]], [[9.999344261547545, 53.54808091500698], [9.998892100347568, 53.548035368895356], [9.99934147867471, 53.54805181692296], [9.999344261547545, 53.54808091500698]], [[10.000002877569196, 53.549024927270935], [10.000571457320829, 53.54894297310022], [9.999897283715926, 53.549147169921895], [10.000002877569196, 53.549024927270935]], [[9.999904049695333, 53.54845951646647], [10.00028916165102, 53.54835068584417], [10.000356513850628, 53.54845167338495], [9.99989605658371, 53.54851899044927], [9.999904049695333, 53.54845951646647]], [[10.0019562971249, 53.549603846380265], [10.001920063174948, 53.54973876944829], [10.00194251501732, 53.54960325924166], [10.0019562971249, 53.549603846380265]], [[10.002596547659524, 53.54609252746196], [10.002672343334263, 53.54614037570325], [10.002536066758399, 53.54616989864516], [10.002596547659524, 53.54609252746196]], [[10.003916145201666, 53.54967540767576], [10.004489626201568, 53.549693506304976], [10.004486609770991, 53.549794851350704], [10.003903245321899, 53.54978894747282], [10.003916145201666, 53.54967540767576]], [[10.002936913551059, 53.54978189260719], [10.002893822260042, 53.54963969477551], [10.002957187798902, 53.549642104289674], [10.002936913551059, 53.54978189260719]], [[10.003270703132682, 53.5479135780707], [10.00295655733642, 53.54780901468306], [10.003310367637436, 53.54784354424791], [10.003270703132682, 53.5479135780707]], [[10.003785741838623, 53.54697248157993], [10.003823468151827, 53.54699722908258], [10.003732298747556, 53.54698802035027], [10.003785741838623, 53.54697248157993]], [[10.00413208324907, 53.549050450042806], [10.004332156330031, 53.54890457206715], [10.004398750975215, 53.549047749845734], [10.00413208324907, 53.549050450042806]]]}, "properties": {"aed_id": "12230253344", "time_s": 240, "minutes": 4}}, {"type": "Feature", "geometry": {"type": "Polygon", "coordinates": [[[10.002342365741024, 53.50029247025876], [10.00178929306905, 53.50055033624682], [10.001781737816282, 53.500931879483126], [10.0022744256804, 53.501488165814095], [10.002305031698517, 53.501676610826664], [10.002794726660888, 53.50186130030502], [10.003083081243707, 53.501856754253694], [10.003281586119074, 53.50173197259487], [10.003199216669884, 53.501464972387346], [10.003371151027956, 53.50124812053721], [10.003105923618397, 53.501059504792195], [10.00330184877466, 53.50094315350511], [10.004257805717723, 53.5012780937131], [10.005104615960615, 53.50105592128591], [10.005273289015594, 53.50094274640967], [10.005254312766438, 53.50075093270193], [10.005029552288574, 53.50064314067528], [10.00462754387304, 53.500644683172865], [10.00429218406438, 53.500771615248176], [10.004024954035078, 53.50062243574835], [10.004085415615885, 53.50041917294706], [10.003867001793362, 53.500277887230986], [10.003578567282498, 53.50027932727963], [10.003347876029794, 53.500394801139365], [10.003049954101607, 53.50027888302416], [10.002342365741024, 53.50029247025876]]]}, "properties": {"aed_id": "12507647512", "time_s": 120, "minutes": 2}}, {"type": "Feature", "geometry": {"type": "Polygon", "coordinates": [[[10.000631479295667, 53.49901617185292], [10.00026253485748, 53.4988980432939], [10.000008408844232, 53.49896459228461], [9.99967638649434, 53.49889408753917], [9.999389434347421, 53.499019012815076], [9.999474645555415, 53.49928246207814], [9.999363775938553, 53.499518507929274], [9.999656939687673, 53.4997642735918], [9.999507737872554, 53.49992490890672], [9.999594069772936, 53.5000875533396], [9.999137508407431, 53.500397278557706], [9.999164368980086, 53.50060897539436], [10.000015458701771, 53.50102500236014], [10.000258661296478, 53.50098145650468], [10.000897160812755, 53.50063140599442], [10.001166727526302, 53.50088770876627], [10.001143054057351, 53.50105323531231], [10.001382945957088, 53.5013071271203], [10.001903643651861, 53.501779195908796], [10.00213250994198, 53.50185953489744], [10.001184497791087, 53.50222702810679], [10.001150408065863, 53.502493968154404], [10.001350232775735, 53.50258739648973], [10.00160411219956, 53.502584037664064], [10.002956377584423, 53.502077088121354], [10.003187763488512, 53.502336368377215], [10.00359943134913, 53.50349440726279], [10.003804307461795, 53.503615477935625], [10.004092771908129, 53.503614717477014], [10.004295844134624, 53.50349257136772], [10.0044132784515, 53.50312139012737], [10.004326827639558, 53.5026129048726], [10.004986614663993, 53.50251371409805], [10.005134019766023, 53.5022800142763], [10.004828291080473, 53.50210938678445], [10.004113748248564, 53.50218172737693], [10.003455909393857, 53.501608673892925], [10.00451966462253, 53.501775199422], [10.004917929261781, 53.501658491848765], [10.005132796316772, 53.50145177160193], [10.005300073057976, 53.50077330853088], [10.0050605124276, 53.49891571883762], [10.004885405053155, 53.498806077919234], [10.004597749842597, 53.49879344384354], [10.004082754072229, 53.49908001356144], [10.00395881091003, 53.49927022259592], [10.003943594124479, 53.49982232010394], [10.003638030823689, 53.500004478092585], [10.003650935628515, 53.50026601459827], [10.003347876029794, 53.500394801139365], [10.002976257783427, 53.50027578170176], [10.002269289776471, 53.50029895011717], [10.002033479108423, 53.50040613325855], [10.00188131905253, 53.500195248471286], [10.001386755125145, 53.49986666695894], [10.001778950610868, 53.499852288627395], [10.001998138049341, 53.499711431004386], [10.001973214085757, 53.4995400927936], [10.0017408970973, 53.49942764372152], [10.001860958470191, 53.49929335904843], [10.001810622949275, 53.49914496217536], [10.00157839937151, 53.49904295584635], [10.001184876265532, 53.49906122863001], [10.000901307897488, 53.498963886033536], [10.000631479295667, 53.49901617185292]], [[10.003105923618401, 53.501059504792195], [10.003307524023109, 53.50094257376223], [10.003665247598608, 53.50102581959691], [10.004019323193281, 53.50124390785897], [10.004453424189224, 53.501247144453544], [10.004401265132442, 53.50132718240769], [10.003105923618401, 53.501059504792195]], [[10.004024954035078, 53.50062243574835], [10.004068715701937, 53.50039360141426], [10.004435988594167, 53.500700417291995], [10.00429218406438, 53.500771615248176], [10.004024954035078, 53.50062243574835]]]}, "properties": {"aed_id": "12507647512", "time_s": 240, "minutes": 4}}, {"type": "Feature", "geometry": {"type": "Polygon", "coordinates": [[[10.008195051620614, 53.558673770595085], [10.008087887452687, 53.55850593424353], [10.007699548349741, 53.558361258071294], [10.007445784470175, 53.55837085927468], [10.007244499334394, 53.55849420196155], [10.007237870897342, 53.558940965299], [10.007626247583868, 53.55914725456365], [10.007273569505644, 53.559707627480876], [10.007358155458052, 53.55989305517069], [10.007615540264231, 53.55997111193527], [10.007860935122284, 53.55993142848855], [10.00837874950648, 53.55946273666395], [10.008460513108334, 53.559502984248425], [10.00827481238725, 53.55969883060903], [10.00841503451196, 53.5598718900428], [10.008728676846316, 53.559917140319804], [10.009055536858526, 53.55980560294526], [10.009970011325436, 53.56024285919962], [10.010057450524323, 53.560396307877255], [10.010594586562913, 53.56072397988963], [10.01083448009194, 53.5607741987203], [10.011073429281009, 53.56072240855195], [10.011258420799296, 53.56028747427538], [10.010822467065527, 53.56006212841998], [10.011151627939814, 53.55991863473944], [10.011084676707126, 53.55969105956375], [10.010611500074525, 53.559528871771256], [10.01029270137698, 53.559604797637384], [10.009828774122962, 53.559595868585816], [10.009208545843356, 53.559294187007005], [10.009099767243871, 53.559061814857216], [10.008195051620614, 53.558673770595085]]]}, "properties": {"aed_id": "12620938489", "time_s": 120, "minutes": 2}}, {"type": "Feature", "geometry": {"type": "Polygon", "coordinates": [[[10.004819433417978, 53.55741327191582], [10.004626213326828, 53.55759210946984], [10.004256883196392, 53.55768114842695], [10.0042402471793, 53.55793062778717], [10.00522657849375, 53.55837367733831], [10.005721636524882, 53.55846475099501], [10.00762624758387, 53.55914725456365], [10.00718797860156, 53.55967177728203], [10.00731423896138, 53.559890245251125], [10.007603530192688, 53.55997043497767], [10.007860935122284, 53.55993142848855], [10.00837874950648, 53.55946273666395], [10.008460513108345, 53.559502984248425], [10.00827481238725, 53.55969883060903], [10.008387401692344, 53.559857207605155], [10.008692084314514, 53.5599205438834], [10.009055536858526, 53.55980560294526], [10.009970011325436, 53.5602428591996], [10.010140413193131, 53.56045627367112], [10.010888808765337, 53.56085074186587], [10.011321111102065, 53.560896348790266], [10.011744560907943, 53.56073933867585], [10.012123230253353, 53.560829073767735], [10.012332386738354, 53.56096197998867], [10.012054126917182, 53.561160086946366], [10.012210063278069, 53.56139185949229], [10.012455996411392, 53.561430362425874], [10.012721179396925, 53.56135237925297], [10.013387398982452, 53.56168997900171], [10.013763040094934, 53.56161084903732], [10.013941674154559, 53.561307871459555], [10.013811565925542, 53.561090873418905], [10.014016755150672, 53.56095192973309], [10.013969700894833, 53.56076183803573], [10.01158614764361, 53.55980841156612], [10.012137092387835, 53.55960163564513], [10.0130200609943, 53.56015474410542], [10.013265413264804, 53.56019452327726], [10.013497457738039, 53.56013260009198], [10.013572501316423, 53.55986864521865], [10.013253682956158, 53.55965693400774], [10.01315957251487, 53.55946020150244], [10.012803341317992, 53.559366998297556], [10.013828821787785, 53.55908298787931], [10.013801108142223, 53.55870250716832], [10.013660135241246, 53.55857650533302], [10.013416911354048, 53.55853235326767], [10.0128721505462, 53.55858084428087], [10.012711649789958, 53.558698272494944], [10.01272443435583, 53.55886634837205], [10.012277385435128, 53.559032783135684], [10.012005361820508, 53.55882723131714], [10.01206548334699, 53.55869517422344], [10.011968803423922, 53.558555144846764], [10.011744872757149, 53.55848341885807], [10.01149535037005, 53.55851255799861], [10.011180369440218, 53.55866179107181], [10.011107065278983, 53.5588133742176], [10.01162203873267, 53.5592637041551], [10.01080126946141, 53.559571744168686], [10.009625670123508, 53.55910830079991], [10.010374206988716, 53.558705350745164], [10.010415282263127, 53.55847426608963], [10.010659170489648, 53.558318662780394], [10.01063723008347, 53.55816782764103], [10.010444545434474, 53.5580236089818], [10.01058457191878, 53.55779208956487], [10.010373517837836, 53.557617373579006], [10.00995444467575, 53.55762598202162], [10.008304180760732, 53.5585862894965], [10.007964432394571, 53.558214094483006], [10.007579035456816, 53.558140584074444], [10.007991792796782, 53.55797003390061], [10.00801917624869, 53.55773956979523], [10.00762184631289, 53.55761052596031], [10.00705960232045, 53.557208717434094], [10.006808816570642, 53.55718374417685], [10.006588348690588, 53.55725917058518], [10.006498285759902, 53.557400755024524], [10.006583286374948, 53.5575470625389], [10.00627217844801, 53.557789227948774], [10.005696213579702, 53.55756411934036], [10.005463086092334, 53.55738020846859], [10.004819433417978, 53.55741327191582]], [[10.009937078823983, 53.55836029174329], [10.008975334211339, 53.55885187806689], [10.008942809189753, 53.558839052549146], [10.009876308302701, 53.55831941053305], [10.009937078823983, 53.55836029174329]]]}, "properties": {"aed_id": "12620938489", "time_s": 240, "minutes": 4}}, {"type": "Feature", "geometry": {"type": "Polygon", "coordinates": [[[10.016387580065471, 53.54826795524028], [10.015999691064804, 53.548254114071824], [10.01558382238721, 53.5483429978968], [10.01543197944746, 53.548489282817016], [10.015478148553008, 53.54863816500737], [10.017394958401328, 53.54921938381016], [10.01664279019474, 53.549084321561665], [10.01597145370608, 53.54930343775213], [10.015918191184744, 53.549551090572834], [10.016291936238693, 53.54967446646316], [10.016440882073, 53.549914972963236], [10.016889806695358, 53.54990741750338], [10.016987965381071, 53.550093428372506], [10.017288191756911, 53.55016380097863], [10.017547018429335, 53.550087525327285], [10.01774729071709, 53.54984684501514], [10.018961142083318, 53.550159518990874], [10.019245515577524, 53.55006874948013], [10.019258177427451, 53.549812752918896], [10.019402780229191, 53.54976552709988], [10.020220889791744, 53.549978348352084], [10.020600001848461, 53.549871747197706], [10.020644561760387, 53.549659375915404], [10.020496601803066, 53.54947190330267], [10.0196619609796, 53.54921995378638], [10.019858619189465, 53.549071955013694], [10.019792426377702, 53.548883897087336], [10.018847430568183, 53.54859553697274], [10.019227756792441, 53.54809160695832], [10.019074340297758, 53.54785925003364], [10.018581241534475, 53.54775120387202], [10.018123209681837, 53.547766498516644], [10.017933201265393, 53.547945590283256], [10.018001243634142, 53.54809146621818], [10.018190848430079, 53.548177856465685], [10.01807133044348, 53.54833092573229], [10.017776049859382, 53.54825001273565], [10.01759360417486, 53.548097578519595], [10.017307197881387, 53.548075622755505], [10.01699708623938, 53.54828605390628], [10.017023398207614, 53.54849913953773], [10.016387580065471, 53.54826795524028]], [[10.018426430200382, 53.54954110600453], [10.018776856542937, 53.54959528119216], [10.018784615259484, 53.549642098018765], [10.018426430200382, 53.54954110600453]]]}, "properties": {"aed_id": "12632665301", "time_s": 120, "minutes": 2}}, {"type": "Feature", "geometry": {"type": "Polygon", "coordinates": [[[10.013795761805799, 53.547374731777204], [10.013472801759747, 53.54754354488827], [10.01266534142272, 53.54774841286229], [10.01253428677777, 53.547985575516485], [10.013020627859229, 53.548222954602366], [10.013094481490114, 53.54834448799816], [10.012978138636845, 53.548544875783136], [10.013089855277752, 53.54868087314149], [10.01332108067343, 53.54874379190861], [10.013566834706552, 53.54870507077114], [10.014240399220455, 53.54889002409529], [10.01358847943728, 53.54877502095846], [10.013362744584516, 53.54884465383917], [10.013262422763335, 53.54898376637116], [10.013440848966319, 53.549188920430744], [10.01447920188874, 53.549413694292625], [10.014262825430205, 53.54968395199278], [10.013916346349928, 53.54983654075846], [10.014021369579243, 53.55014716392594], [10.01464574612857, 53.55028278790158], [10.014965311079184, 53.55024154475917], [10.015167084898403, 53.55042454744539], [10.015588686391416, 53.55039460259255], [10.015771059924298, 53.5505716747547], [10.016107452297737, 53.550596024010616], [10.016148270717174, 53.550853952715016], [10.015980136350434, 53.551067819385075], [10.015505796638006, 53.55101137467935], [10.015219648925047, 53.55122876431283], [10.015276593625632, 53.55143788044941], [10.015615283055212, 53.551532049327996], [10.015232149484227, 53.551559518664256], [10.015047381161125, 53.5517170396216], [10.015245845834603, 53.55209167519503], [10.015679431519814, 53.5522858358019], [10.01603516732188, 53.552287491348565], [10.016579612641921, 53.55200905017763], [10.016621725221526, 53.55177657942605], [10.016377474356261, 53.55162243866446], [10.016665178282, 53.55125634647253], [10.018224668922086, 53.55165472195466], [10.018460375729067, 53.55155535218737], [10.018509053873993, 53.551385833223726], [10.01837251627914, 53.55125812045709], [10.018037477156664, 53.55115347024793], [10.01837995449969, 53.55105502064646], [10.018703238072714, 53.55113277027645], [10.018692733368807, 53.55131779598125], [10.018913973707056, 53.551471570434146], [10.019236576288668, 53.551475020748825], [10.019456790990594, 53.551314313949284], [10.019638042178576, 53.55135807026031], [10.019803034282793, 53.55156601272283], [10.020081125319722, 53.55161239673628], [10.020354256179775, 53.551510103846475], [10.020886298794563, 53.55085287862896], [10.021935201328251, 53.55114568857815], [10.022560779017278, 53.5509998840288], [10.022631390841944, 53.55085444118217], [10.02252014977754, 53.55070901847169], [10.023409151276207, 53.55095419135642], [10.023788577069677, 53.55084797598312], [10.023942810546577, 53.55055519496517], [10.023806543967723, 53.55038102739494], [10.021703247314337, 53.5498633715126], [10.021858440785198, 53.54968470747874], [10.022029607483733, 53.549802267858716], [10.022279993113889, 53.549828477520016], [10.022617805665282, 53.549619850445595], [10.022562481230633, 53.54941474453415], [10.022192513858876, 53.54928165660606], [10.022619515909927, 53.54872270331084], [10.022474677451024, 53.548488401431165], [10.022122350741459, 53.54845923347697], [10.021111896178027, 53.548824379722625], [10.02099406718906, 53.54900325269459], [10.021141777088719, 53.54922486976914], [10.018847430568181, 53.54859553697274], [10.019048164904584, 53.548336247348914], [10.01933080385898, 53.548321654736796], [10.01950490530059, 53.548211333392764], [10.019521972127858, 53.54806027506498], [10.019360994704998, 53.54793212613612], [10.019985123086935, 53.54712577813676], [10.020379980773058, 53.547101223675114], [10.020725879234087, 53.54679495412644], [10.020719127022932, 53.54664360762216], [10.020524536879872, 53.5464449636549], [10.020614702148848, 53.54621646807694], [10.020355003767632, 53.54599856866633], [10.019913663261434, 53.54597987767747], [10.019653027169635, 53.54614868468873], [10.019182180498609, 53.5461272189667], [10.018921373849743, 53.54627721880572], [10.018028253803067, 53.54631031840337], [10.017506163323251, 53.546854146219616], [10.016506605472822, 53.546660539814305], [10.016221287241235, 53.5466870121443], [10.016031454548372, 53.546843241579694], [10.016066836627388, 53.54703561118967], [10.015584894452799, 53.54764578765597], [10.015271758478463, 53.547664913129246], [10.01508101663839, 53.547814538661314], [10.014595826713727, 53.54778541567988], [10.0149283731496, 53.547468427815254], [10.014734327736688, 53.54722694731336], [10.014446828328342, 53.547210873744014], [10.014068057907576, 53.54736821899692], [10.013795761805799, 53.547374731777204]], [[10.01707472048482, 53.55073533991264], [10.01744489347397, 53.5508273210903], [10.017342797095456, 53.550977734885954], [10.016979643725705, 53.55085632639288], [10.01707472048482, 53.55073533991264]], [[10.016687809422534, 53.550152291815174], [10.015019628465032, 53.54978288183028], [10.01534622706383, 53.54936512061253], [10.015830586797149, 53.549582151989675], [10.01629187351047, 53.54967447089385], [10.01638229156507, 53.5498848605252], [10.016793052187984, 53.55001344765469], [10.016687809422534, 53.550152291815174]], [[10.017394958401326, 53.54921938381016], [10.015789224461797, 53.54881710002949], [10.015819179537408, 53.54877976361752], [10.017394958401326, 53.54921938381016]], [[10.016943329948601, 53.547889091971996], [10.017220874194239, 53.54798870543433], [10.01715283574692, 53.548079223232016], [10.01685629446469, 53.54799795080401], [10.016943329948601, 53.547889091971996]], [[10.019967237487746, 53.550952615030965], [10.017384564891195, 53.55032537517832], [10.01774729071709, 53.54984684501515], [10.018491500114603, 53.55005668033628], [10.018547126234964, 53.550276139987474], [10.01910855131992, 53.55043709251503], [10.019242809087475, 53.550679813412806], [10.020016684714552, 53.55089216711965], [10.019967237487746, 53.550952615030965]], [[10.020609268964456, 53.550156328923755], [10.019806403257455, 53.549875285709135], [10.020648077785673, 53.55010970006577], [10.020609268964456, 53.550156328923755]], [[10.01842643020038, 53.54954110600453], [10.018776856542937, 53.54959528119216], [10.018784615259483, 53.549642098018765], [10.01842643020038, 53.54954110600453]], [[10.017905064278606, 53.54817836514169], [10.018152426173899, 53.54822706481167], [10.018071330443481, 53.54833092573229], [10.017838374197657, 53.54826709098211], [10.017905064278606, 53.54817836514169]], [[10.018089623077177, 53.547400329250834], [10.01805010196055, 53.54721996163672], [10.018378968933362, 53.54680664048741], [10.018631682813348, 53.54687728972383], [10.018270110684893, 53.54731548121458], [10.018089623077177, 53.547400329250834]], [[10.02100989548231, 53.54968348072525], [10.020619198835197, 53.54960418644938], [10.020599065167024, 53.54957078112113], [10.02100989548231, 53.54968348072525]], [[10.022254252462258, 53.55056009340078], [10.022472365876999, 53.550684937102574], [10.02222830167239, 53.55061412619272], [10.022254252462258, 53.55056009340078]]]}, "properties": {"aed_id": "12632665301", "time_s": 240, "minutes": 4}}, {"type": "Feature", "geometry": {"type": "Polygon", "coordinates": [[[9.964701755301487, 53.54917724857375], [9.964543079245155, 53.54934455138048], [9.964659573752378, 53.54952373566305], [9.965142081093115, 53.54969292779663], [9.966473850193394, 53.54982564536375], [9.966629530873501, 53.55019767774582], [9.966822109320276, 53.550294305632875], [9.967197404272126, 53.55033556890572], [9.967112153272723, 53.55057346350021], [9.967469292762994, 53.55075359880712], [9.967835692795699, 53.55067764593132], [9.968015190459383, 53.550529886408455], [9.968086276394434, 53.55029644629816], [9.969507322951166, 53.55021262585721], [9.969801355292146, 53.54985545893861], [9.969720579625537, 53.54964914384653], [9.96931404932545, 53.54957656678338], [9.968903608584247, 53.549238668118754], [9.96906902207342, 53.54908223846111], [9.968980793505322, 53.54886645400264], [9.968727934472453, 53.548783388570065], [9.968411643108453, 53.54883375252802], [9.968224070468523, 53.54867698348705], [9.968317936270285, 53.548000849134446], [9.968032256163422, 53.54781811745458], [9.96766256801075, 53.54788814548894], [9.96756347305588, 53.54811172694966], [9.967226886521555, 53.5479182190421], [9.966789929852482, 53.54798589648315], [9.966675321375059, 53.548206625405015], [9.967071535556574, 53.548475032064474], [9.967057455924786, 53.54857670932741], [9.96655840433455, 53.548563134979666], [9.96628799922547, 53.54870077916064], [9.9662806058047, 53.54885211587289], [9.966436098133954, 53.54897189396931], [9.967098689817561, 53.54902941626265], [9.967064115271612, 53.549348862768554], [9.964946682551872, 53.549136684547804], [9.964701755301487, 53.54917724857375]], [[9.967863059344962, 53.549624743315576], [9.968054616921513, 53.54930660086446], [9.96849667528047, 53.54967041374534], [9.968080606718841, 53.549662323888214], [9.967863059344962, 53.549624743315576]], [[9.967846367090106, 53.54913512667992], [9.96784352222019, 53.549134248761014], [9.967843667660244, 53.5491329047631], [9.967846367090106, 53.54913512667992]]]}, "properties": {"aed_id": "12728640935", "time_s": 120, "minutes": 2}}, {"type": "Feature", "geometry": {"type": "Polygon", "coordinates": [[[9.96463938933644, 53.549104735974794], [9.962439670610085, 53.548895357039676], [9.962162818667357, 53.549004674270186], [9.96174118919343, 53.54902208736384], [9.961587449718522, 53.54916767006252], [9.961632986762643, 53.549344761089486], [9.961852016193127, 53.549587734730906], [9.962305789548925, 53.549848739260995], [9.964382408131618, 53.550060320405976], [9.964572088631579, 53.550939063846926], [9.964514844159217, 53.551101701429936], [9.96476824882575, 53.551315325814734], [9.965034875208666, 53.55138140327033], [9.965343334431353, 53.55128629075803], [9.965628129489648, 53.55136108944846], [9.96591876524541, 53.55127656351807], [9.967831253116392, 53.551279494308865], [9.967403712705645, 53.55155963005026], [9.967458342773295, 53.551707494097606], [9.96769373664525, 53.5518071289015], [9.9680158698791, 53.55176260975652], [9.968762002026143, 53.55183690921018], [9.969327393606358, 53.55163390988868], [9.969820469424604, 53.551801693667095], [9.970080521237234, 53.551773364556986], [9.970246478178147, 53.55165337615474], [9.97046945474286, 53.55181541895121], [9.970825165028344, 53.5518124842197], [9.97101868793852, 53.55163472428977], [9.970890726376496, 53.55141847963421], [9.971214376340221, 53.551293133906], [9.97127846796149, 53.5510807079695], [9.971668248671278, 53.55089812168331], [9.971532796444336, 53.550556142340355], [9.971767485431654, 53.550463892873246], [9.971845299660139, 53.550327595561825], [9.972356371190003, 53.550210099802854], [9.972510465703577, 53.550064649128146], [9.97250924928865, 53.54980506502072], [9.972346855722002, 53.54966285322906], [9.972099754212328, 53.54962726570503], [9.971546337854383, 53.549697720617495], [9.971476669144593, 53.549482783018334], [9.971643733621148, 53.549380385890316], [9.97166966417871, 53.54922977487248], [9.971208300108847, 53.54885571354946], [9.971463516728111, 53.548464575739736], [9.97133880453069, 53.548332645250454], [9.971072995657352, 53.54827815579472], [9.970944241709226, 53.548125616745466], [9.97070645048122, 53.54807069412681], [9.970873409413807, 53.547660086307026], [9.970713695533957, 53.54736314187814], [9.970476210897488, 53.54726853059586], [9.969773844663797, 53.5472276673985], [9.969777043731382, 53.5470107778566], [9.969301295919122, 53.54674068606827], [9.968632034061914, 53.54690048110243], [9.968398914555623, 53.547070465935136], [9.968520943773273, 53.54653281252429], [9.96811711879057, 53.546103711485735], [9.967901478621059, 53.54602354211545], [9.967587166274575, 53.546066853639594], [9.96744646582774, 53.546217036888685], [9.967503967516361, 53.54649597234315], [9.967689484282104, 53.54662422125361], [9.967674472411012, 53.54684088326306], [9.967208298084197, 53.54682229988792], [9.966980336514391, 53.54661772282405], [9.966707825743091, 53.54656084378682], [9.966447601239729, 53.54663538898637], [9.966351992649589, 53.546788103598786], [9.965991413110336, 53.54682819620205], [9.96578396164351, 53.54667639595378], [9.965461343525305, 53.54667574661264], [9.965247705601728, 53.54690887415139], [9.964984644088691, 53.54700632970586], [9.96495190592352, 53.54749793575479], [9.964572505426762, 53.54755815567493], [9.964462278820044, 53.547786584709115], [9.964203571380569, 53.547838421289114], [9.96406979579082, 53.54799083446678], [9.964238881632518, 53.548198775633104], [9.964825495150258, 53.54825647411912], [9.964786518967246, 53.54846971017669], [9.964244794962829, 53.548464991628016], [9.964004746614266, 53.548646491187284], [9.964047215046204, 53.54897193304806], [9.96437208320946, 53.5490582325839], [9.96468337281342, 53.54893317224618], [9.96463938933644, 53.549104735974794]], [[9.968804821541736, 53.55078316081508], [9.968159334693226, 53.550792210660624], [9.968050004163217, 53.550397771589644], [9.968994713476723, 53.55042475744279], [9.969173155103212, 53.55062731989839], [9.968804821541736, 53.55078316081508]], [[9.968906579909362, 53.549241114310846], [9.969154932010584, 53.549162504797586], [9.969550274523495, 53.54911329782513], [9.969251105163563, 53.54952474793718], [9.968906579909362, 53.549241114310846]], [[9.96643012772034, 53.55082685635285], [9.966128161770332, 53.55074264616563], [9.96584149710825, 53.55082703525586], [9.965303928423875, 53.550827036466636], [9.965254372046303, 53.55068182905222], [9.967177528394297, 53.55070535998131], [9.967179084942794, 53.55082660595536], [9.96643012772034, 53.55082685635285]], [[9.967863422977759, 53.549613721414424], [9.967912339263723, 53.54952041311889], [9.968397625238323, 53.54958886883712], [9.96849667528047, 53.54967041374534], [9.967863422977759, 53.549613721414424]], [[9.967846367090102, 53.54913512667992], [9.96784352222019, 53.54913424876103], [9.967843667660244, 53.5491329047631], [9.967846367090102, 53.54913512667992]], [[9.967563473055879, 53.54811172694966], [9.966804857621161, 53.54747726162259], [9.967356107073027, 53.547512012688685], [9.967356182088857, 53.54768683339008], [9.967581434349228, 53.547811515825906], [9.967563473055879, 53.54811172694966]], [[9.965441867675793, 53.5489521257625], [9.967098689817561, 53.54902941626265], [9.967064115271612, 53.54934886276857], [9.96538354314237, 53.54917964464063], [9.965441867675793, 53.5489521257625]], [[9.965127926393919, 53.55013215724773], [9.966273960849506, 53.55024480616968], [9.965128709640815, 53.550230788223345], [9.965127926393919, 53.55013215724773]], [[9.965707958916258, 53.54791957958954], [9.966182415182066, 53.54773144300491], [9.966359257518551, 53.547949329490066], [9.965707958916258, 53.54791957958954]], [[9.96614398385908, 53.54853409772444], [9.966235526866445, 53.548394403826464], [9.966974314740582, 53.54839374489364], [9.967071535556574, 53.548475032064474], [9.967057455924786, 53.54857670932741], [9.96614398385908, 53.54853409772444]], [[9.968238305368441, 53.54866298531632], [9.968282862204562, 53.548596687433495], [9.968452790071524, 53.548821787669795], [9.968411643108448, 53.54883375252802], [9.968238305368441, 53.54866298531632]], [[9.968336187655927, 53.5478167718701], [9.968341765922679, 53.54780383159223], [9.96834889509483, 53.54781813147534], [9.968336187655927, 53.5478167718701]], [[9.968347816231518, 53.54761992637529], [9.968374942739034, 53.547604516273424], [9.96834396075274, 53.54768672937013], [9.968347816231518, 53.54761992637529]], [[9.970236345370763, 53.549691961581225], [9.970504629605095, 53.54929930596211], [9.970789872392823, 53.54971192303674], [9.970236345370763, 53.549691961581225]]]}, "properties": {"aed_id": "12728640935", "time_s": 240, "minutes": 4}}, {"type": "Feature", "geometry": {"type": "Polygon", "coordinates": [[[9.990299277505713, 53.54710674025769], [9.989732001939853, 53.54727540436869], [9.989612573317046, 53.54739420610123], [9.989197795421985, 53.54746236243561], [9.989084090823082, 53.547772317853216], [9.989296733036683, 53.54798601691585], [9.989906744666035, 53.54802404981914], [9.989897995668574, 53.5481854210412], [9.989029948056361, 53.548138399526856], [9.988872383504324, 53.54792945825865], [9.988388446393612, 53.547893440045456], [9.98816536170941, 53.548032249315206], [9.988200182350528, 53.548218967864855], [9.987681072739328, 53.54840280539116], [9.987694471247222, 53.54863370856079], [9.988042719338726, 53.54873551768621], [9.988669309234858, 53.54860773368527], [9.98924838134049, 53.548587887177426], [9.989046930805372, 53.548751958197386], [9.989082662181374, 53.548922616903766], [9.98983234939843, 53.54917078350934], [9.990116628110778, 53.54914054550097], [9.990281740106758, 53.54899944970007], [9.990249375041573, 53.548849281309366], [9.98998674257735, 53.548685630246446], [9.990340724702412, 53.54889114755701], [9.990817554973379, 53.54903822288158], [9.990920543080252, 53.54909201255274], [9.990722402770551, 53.5491346095526], [9.990284343004884, 53.54909663527471], [9.990089206103354, 53.54924965347989], [9.990272068403904, 53.54989548935753], [9.990489033369421, 53.55003770310108], [9.990843006339956, 53.550016681238496], [9.991296388753124, 53.54966957971676], [9.991730679421313, 53.54950247219568], [9.992179457287328, 53.549767764641544], [9.992317161546687, 53.54999115892239], [9.992735364435692, 53.55000877669502], [9.993008133414657, 53.54983712353054], [9.993201104779434, 53.54945358947029], [9.99298813815703, 53.549309249745164], [9.992521102171443, 53.549338556981816], [9.992383113204516, 53.54925694461326], [9.992642318522075, 53.549146502131954], [9.99266567354853, 53.54895550150081], [9.993165998460356, 53.54873391672354], [9.993149886743593, 53.54850307519506], [9.992745228065344, 53.54834015332572], [9.99238563602784, 53.54844647501571], [9.992028433901249, 53.54843612448212], [9.991824672849281, 53.54858510087069], [9.991888007875648, 53.54877273833039], [9.991693971948317, 53.54888232607954], [9.991745603492413, 53.54862250841161], [9.991602648804317, 53.54834074250529], [9.992229615775603, 53.54804061081908], [9.992230002012432, 53.54779093426357], [9.99118919621452, 53.547545693672056], [9.991139857157872, 53.54734222250141], [9.990771949653976, 53.54710197447281], [9.990299277505713, 53.54710674025769]], [[9.99068282371565, 53.54807121938475], [9.990663963380356, 53.54798275469044], [9.991099447586869, 53.547993305383606], [9.990943358502417, 53.54803180044904], [9.99068282371565, 53.54807121938475]]]}, "properties": {"aed_id": "12927362709", "time_s": 120, "minutes": 2}}, {"type": "Feature", "geometry": {"type": "Polygon", "coordinates": [[[9.98626700627956, 53.547185622187925], [9.985908190088962, 53.54727343835497], [9.985482267286182, 53.547848900497094], [9.985643458731799, 53.54801985593169], [9.98554568551853, 53.548175204431686], [9.98563632012585, 53.54831665564221], [9.985967735849762, 53.548393610979126], [9.986366223489668, 53.54826011508616], [9.986372141806957, 53.54844843171214], [9.985881436961357, 53.54876610910913], [9.985568939801492, 53.54868667338169], [9.985252590361458, 53.548774441619194], [9.985166115106354, 53.54900677735674], [9.984912604370384, 53.54914788081617], [9.98490896682104, 53.54929926576318], [9.985169095766684, 53.54944376581091], [9.98555635185501, 53.5494198942885], [9.98544881766403, 53.54963585576495], [9.98570186966348, 53.55001358175678], [9.985895665130693, 53.55011157269494], [9.98651035644584, 53.550115314510776], [9.98676120053871, 53.54998347586333], [9.987096116171058, 53.55009487419268], [9.987431542472379, 53.55004161431313], [9.987537525301416, 53.54980004701571], [9.987373722025884, 53.54960695890902], [9.987178327078375, 53.549537941684115], [9.987513740002548, 53.54925795225397], [9.989690975430957, 53.55024998256368], [9.989449457718447, 53.55045832796311], [9.988794495556313, 53.55021396325639], [9.988542736375312, 53.550235009079245], [9.988370542260354, 53.55034639229394], [9.988424470237957, 53.55057519022184], [9.988992413782523, 53.55081671975123], [9.988789575960103, 53.55105343184315], [9.988968419036683, 53.55125846043642], [9.989289124798182, 53.551279544416616], [9.98957971396417, 53.55111444549162], [9.989920851164527, 53.551400849068095], [9.990741639983277, 53.55144191905943], [9.99142747652479, 53.55100688022301], [9.991819025731587, 53.551183324252015], [9.991964153445473, 53.55136312727003], [9.992242586800884, 53.55140877626729], [9.992624505197524, 53.55132404596489], [9.99303353651452, 53.55105152961173], [9.993589842036453, 53.551389495677725], [9.993869296520204, 53.55143287568716], [9.994143763959244, 53.55132276683676], [9.994375874971764, 53.55135147164508], [9.994603633995114, 53.5512842003669], [9.994934631677316, 53.55092729382755], [9.994900189366032, 53.55075408146058], [9.995572956555064, 53.55082653079124], [9.995882338339928, 53.55072196574192], [9.995937844090374, 53.55057421800953], [9.995823360343222, 53.550439037515915], [9.995197150722115, 53.550331858848175], [9.995258857836966, 53.54990217717073], [9.995914365741678, 53.549851103104196], [9.996356722406189, 53.54940597637999], [9.996318415639863, 53.5492151897514], [9.995861370180378, 53.54896447714062], [9.995819148560221, 53.54882664611024], [9.995593109281149, 53.54867921868129], [9.996089562262789, 53.548611202799904], [9.996210148077308, 53.54837207753103], [9.996058147320031, 53.54825072179354], [9.995650522868695, 53.54814985393667], [9.995009300126124, 53.54819584578311], [9.9945725524368, 53.547733823578334], [9.994377936445659, 53.54764892726471], [9.99454639364352, 53.54749928257124], [9.994523084403463, 53.54734852003148], [9.993980963800869, 53.5469197728764], [9.992824452280143, 53.54689268483679], [9.992621277167867, 53.54664288821734], [9.992353538130079, 53.5465653453822], [9.991642963619794, 53.546573489419835], [9.991394245253485, 53.546827686665054], [9.991334073088906, 53.54661903941694], [9.99101628850716, 53.54652386678888], [9.990728176392528, 53.546610326808846], [9.990640295382425, 53.54680619181209], [9.989566528440648, 53.546879526581435], [9.989650523908033, 53.54673428123268], [9.989470940237183, 53.54654709666559], [9.989518440062108, 53.54624553321813], [9.989153405091391, 53.546089322404264], [9.988842275426666, 53.54619199559961], [9.988719644731551, 53.546495631850995], [9.988495334028977, 53.54668351827757], [9.98785229282418, 53.546289774040744], [9.987599211950334, 53.54627555903429], [9.987388435942236, 53.546360193440655], [9.987369600299786, 53.54660961814101], [9.988022033271163, 53.54705213989766], [9.987547179916072, 53.54712661677307], [9.987389544965177, 53.54701254627795], [9.987144005315253, 53.546973346529654], [9.986864590084675, 53.54706940250831], [9.986811721883486, 53.547258260514546], [9.986641679816628, 53.54728924138746], [9.98626700627956, 53.547185622187925]], [[9.990026356306224, 53.55075125906369], [9.990258306477124, 53.55055233757], [9.990472021100208, 53.55065178547348], [9.990320544494018, 53.55086451350532], [9.990026356306224, 53.55075125906369]], [[9.991248210710236, 53.55035408353633], [9.990863742605924, 53.550101201138226], [9.99100658601064, 53.54986321947744], [9.991730679421314, 53.54950247219568], [9.992144288071986, 53.54974735825187], [9.991248210710236, 53.55035408353633]], [[9.990762301859341, 53.54912070203803], [9.990681038508423, 53.54904759473653], [9.990431715503327, 53.54891966213964], [9.990920543080254, 53.54909201255274], [9.990762301859341, 53.54912070203803]], [[9.990659020680189, 53.54807406867093], [9.990663963380356, 53.54798275469044], [9.991099447586883, 53.547993305383606], [9.990943358502417, 53.54803180044904], [9.990659020680189, 53.54807406867093]], [[9.986218216401205, 53.54926549608738], [9.986229311526222, 53.54916825057177], [9.986422410461731, 53.54909518677178], [9.986218216401205, 53.54926549608738]], [[9.988678446445855, 53.549222353847995], [9.9892027604504, 53.549252252857144], [9.989697003795545, 53.54941230710237], [9.990053536222165, 53.54959675301074], [9.989994331760172, 53.5498216911822], [9.988678446445855, 53.549222353847995]], [[9.989038694378456, 53.54877431992579], [9.988541307162567, 53.54877870134955], [9.98805126196708, 53.5488516464147], [9.988081274497892, 53.54874291514466], [9.98831213067075, 53.54867197893385], [9.989248381340488, 53.548587887177426], [9.989038694378456, 53.54877431992579]], [[9.989059869034488, 53.54799466579891], [9.989906744666035, 53.54802404981914], [9.989897995668574, 53.5481854210412], [9.989030137050177, 53.54813839606701], [9.989059869034488, 53.54799466579891]], [[9.990231911852083, 53.54881794171049], [9.989972890506275, 53.54871354797364], [9.989986742577353, 53.548685630246446], [9.990231911852083, 53.54881794171049]], [[9.993413100921439, 53.54972770150779], [9.99330427470562, 53.549797214929136], [9.993196030890758, 53.549732481743575], [9.993413100921439, 53.54972770150779]], [[9.993414237775532, 53.54927796336141], [9.992521102171441, 53.549338556981816], [9.992384545445086, 53.54925781578977], [9.993414068340343, 53.549197025562194], [9.993414237775532, 53.54927796336141]], [[9.993466264069607, 53.548153163215495], [9.993890248642645, 53.54789400871174], [9.994235402052773, 53.548290806446545], [9.99297402099466, 53.548386270827244], [9.992919407960574, 53.54832687740082], [9.993466264069607, 53.548153163215495]], [[9.993262052880738, 53.547604950154785], [9.992740912302704, 53.54772122998532], [9.992430319765294, 53.54788340592047], [9.992232776237513, 53.547776449324715], [9.992264305432146, 53.54758431700978], [9.993262052880738, 53.547604950154785]], [[9.991843642208542, 53.55063028810448], [9.992683464304454, 53.55006283987793], [9.9928526790884, 53.550161024862646], [9.992760104176545, 53.55031503941377], [9.992432458092555, 53.550396592018856], [9.992301726642147, 53.55061466753977], [9.99201731696126, 53.5507107990508], [9.991843642208542, 53.55063028810448]], [[9.991707190579886, 53.54886123845463], [9.99174428707457, 53.54861588355709], [9.991602648804319, 53.54834074250528], [9.991889453650707, 53.548204831165016], [9.99211967106393, 53.54841851408213], [9.991866669698288, 53.548524086782436], [9.991888007875648, 53.54877273833039], [9.991707190579886, 53.54886123845463]], [[9.994167862210068, 53.549708003240596], [9.99449918006853, 53.549697782368], [9.994501032241374, 53.54977389218642], [9.99416737710841, 53.54977945686332], [9.994167862210068, 53.549708003240596]]]}, "properties": {"aed_id": "12927362709", "time_s": 240, "minutes": 4}}, {"type": "Feature", "geometry": {"type": "Polygon", "coordinates": [[[9.98913333531789, 53.55138158526918], [9.988977952023609, 53.55123662043064], [9.988659851523288, 53.551204454196544], [9.98832380489131, 53.55140175445449], [9.987960341113384, 53.55143644656544], [9.98781979027706, 53.55158668484707], [9.988023050933677, 53.551850816275724], [9.98831568489896, 53.551960119831534], [9.987879255577148, 53.552369198536056], [9.987885668652412, 53.55255141036785], [9.98885992749251, 53.55298129631863], [9.988467728383437, 53.553350322514206], [9.988559665102292, 53.55357283948793], [9.988943885955697, 53.55368848891437], [9.989184995396764, 53.55363870389919], [9.989324951796757, 53.55349779372335], [9.989905656142266, 53.55358228161024], [9.990277762635637, 53.55336002893129], [9.990777699505218, 53.55331436623917], [9.991040996655403, 53.55315781310196], [9.991573599004855, 53.55335082640148], [9.991823824297096, 53.55356826283706], [9.992078071449491, 53.55356807197819], [9.992409072537837, 53.55345442012899], [9.992517387582259, 53.55331744656562], [9.992455193503703, 53.5531706461142], [9.991827510833902, 53.55291675941239], [9.992085303134422, 53.55275430693826], [9.992013859789427, 53.552520685157134], [9.99234509467271, 53.55248226177246], [9.99254739403031, 53.552283762524524], [9.992420787078391, 53.55208578433171], [9.99197216543198, 53.55196818690115], [9.992552512129667, 53.55152408472016], [9.992342583479452, 53.55114672231732], [9.992047068825462, 53.55106958965434], [9.991642739114127, 53.55114645930192], [9.991181412072699, 53.55164270593864], [9.99013994840781, 53.55114609813171], [9.989635228512892, 53.55121553899584], [9.98927438944333, 53.551658568532154], [9.989047539850032, 53.55156957889984], [9.98913333531789, 53.55138158526918]], [[9.9906461833141, 53.55220356996874], [9.989901872930783, 53.55190894755893], [9.990047417644975, 53.55178241562779], [9.990146808155444, 53.55175691509229], [9.990833023657267, 53.55204648963608], [9.9906461833141, 53.55220356996874]], [[9.98987003684535, 53.552845153745444], [9.989938848128608, 53.55271096510454], [9.990159108663214, 53.55255312780692], [9.98987003684535, 53.552845153745444]], [[9.98905626322564, 53.552110885600314], [9.988777011515602, 53.55240562733131], [9.988737477654333, 53.55238976357006], [9.98905626322564, 53.552110885600314]]]}, "properties": {"aed_id": "13195378701", "time_s": 120, "minutes": 2}}, {"type": "Feature", "geometry": {"type": "Polygon", "coordinates": [[[9.986211709539589, 53.5506304942364], [9.985696810185663, 53.55058388774977], [9.985280879156326, 53.55095765400062], [9.985294865301213, 53.55110882511849], [9.985491786556722, 53.55122735062094], [9.985432540228787, 53.55160692838641], [9.98503841231944, 53.55185027147359], [9.98515656935525, 53.55227364231256], [9.985471171495945, 53.55245360025127], [9.985785223483385, 53.55246366104378], [9.986012464572406, 53.552387377028516], [9.986402611792101, 53.55244010036979], [9.9865636348058, 53.5527202601962], [9.986053864522313, 53.55268385824732], [9.985825668370131, 53.55291451626329], [9.986025546899386, 53.55308976637453], [9.986755932415516, 53.55321275878162], [9.986892074557542, 53.55361037822435], [9.987034516934346, 53.55372135597455], [9.987052877980576, 53.55408806855218], [9.98672031637868, 53.5541789261273], [9.986684168276579, 53.55440896203723], [9.987087910061835, 53.55474777650416], [9.98785259871767, 53.554694441763836], [9.987875531224415, 53.554945939198284], [9.988104574643193, 53.555063519864554], [9.988579397752847, 53.55514360147734], [9.988548758073712, 53.55530226104612], [9.98871980883644, 53.55544083594936], [9.989005318340444, 53.55546680126553], [9.989509425745712, 53.5553234497184], [9.990441215150344, 53.55483759247322], [9.990758581948667, 53.55509185203065], [9.991179732328236, 53.55515183678792], [9.991563756310441, 53.55511769332153], [9.991743473727407, 53.55498306448808], [9.991713365801303, 53.55477185281415], [9.992357887986072, 53.55445393351363], [9.99359310449001, 53.55360266258037], [9.993965961628838, 53.553689806954374], [9.99457355501655, 53.55358608054051], [9.994762634238855, 53.55348707795276], [9.994796262228867, 53.55331626769452], [9.994533866634654, 53.55298592667284], [9.994557266374413, 53.55280881476565], [9.994399597394805, 53.55269059542295], [9.99470350052673, 53.552443923570905], [9.995257756918749, 53.55232766538082], [9.995360852148067, 53.552073403796726], [9.994828337414836, 53.55145007669417], [9.994554429100695, 53.551309520111666], [9.994733079912711, 53.551136023462], [9.99464861806846, 53.55093315011988], [9.99492493944713, 53.550406320114114], [9.994756545897173, 53.55028535726507], [9.994211577882346, 53.55017141973843], [9.994234046131536, 53.54993750136213], [9.99396095699128, 53.549721058834336], [9.99279759150412, 53.5497937515771], [9.992670899705562, 53.54994829787126], [9.9928526790884, 53.55016102486263], [9.992760104176545, 53.55031503941377], [9.992432458092555, 53.550396592018856], [9.992301726642147, 53.55061466753977], [9.992017316961253, 53.5507107990508], [9.991843642208538, 53.55063028810448], [9.992547288816878, 53.55014876610006], [9.992525079615932, 53.54989944010528], [9.99231314859256, 53.54981581940421], [9.992027660078485, 53.549841718455724], [9.991248210710234, 53.55035408353633], [9.990863742605923, 53.550101201138226], [9.990985732050893, 53.549923825192344], [9.99093788046442, 53.54977513100675], [9.990634051119502, 53.5496649503078], [9.990335111509607, 53.5497372366533], [9.989449457718448, 53.55045832796311], [9.988720943814423, 53.550209303785635], [9.988453287184575, 53.55027387583667], [9.988341354944147, 53.55044177140831], [9.987413203208142, 53.550004182789216], [9.987168394843957, 53.54996335620161], [9.98689311559009, 53.55005270422859], [9.986791638865634, 53.55026219618068], [9.986367865831115, 53.55032897349524], [9.986211709539589, 53.5506304942364]], [[9.992011301304036, 53.55298336366076], [9.991827510833907, 53.55291675941239], [9.992073805122068, 53.55277526828502], [9.992040716275724, 53.55254952639473], [9.992423157975711, 53.55271317546801], [9.992011301304036, 53.55298336366076]], [[9.988813888342323, 53.5544055739049], [9.98883036378828, 53.55440468418134], [9.988827508185235, 53.55441122713469], [9.988813888342323, 53.5544055739049]], [[9.98845907893331, 53.552844821120445], [9.988859927492507, 53.55298129631863], [9.9887330892473, 53.553096037903344], [9.98845907893331, 53.552844821120445]], [[9.988737477654338, 53.552389763570055], [9.989103959711217, 53.552129818814315], [9.988777011515607, 53.55240562733131], [9.988737477654338, 53.552389763570055]], [[9.989071078757735, 53.55154952177989], [9.98926119802709, 53.551383267519455], [9.98948440256278, 53.55147794089572], [9.989274389443327, 53.551658568532154], [9.989071078757735, 53.55154952177989]], [[9.986969050307364, 53.55088630995205], [9.987030909895104, 53.55043730128192], [9.987935761319983, 53.550821492691185], [9.987554268387267, 53.551149011151274], [9.987358700809922, 53.55092290940007], [9.986969050307364, 53.55088630995205]], [[9.986343139185863, 53.55177456619231], [9.986217070789474, 53.551678239876786], [9.9863535644871, 53.551677227439356], [9.986343139185863, 53.55177456619231]], [[9.987950879107553, 53.55462978848472], [9.987988471583536, 53.554450034218], [9.988291112235732, 53.55447103442156], [9.988230993146907, 53.55457717685386], [9.987950879107553, 53.55462978848472]], [[9.987796225370444, 53.554010147078685], [9.987678748610449, 53.55365542761899], [9.987809742918003, 53.55353813520696], [9.987799108668918, 53.55335556510342], [9.988063979291898, 53.553307632424804], [9.988714270454699, 53.55389816079431], [9.988629942281547, 53.55396330049762], [9.987796225370444, 53.554010147078685]], [[9.987682512853823, 53.552909973196385], [9.98749724741007, 53.55283907205165], [9.987758588535304, 53.55264210126349], [9.987682512853823, 53.552909973196385]], [[9.987530776669747, 53.551998347907926], [9.987770000705119, 53.55175735949525], [9.987870864841547, 53.55179910048088], [9.987628068503753, 53.55201697864765], [9.987530776669747, 53.551998347907926]], [[9.988646206848108, 53.55112264822699], [9.988330477657085, 53.551396068802596], [9.988200616467648, 53.55134378621592], [9.988550673766131, 53.55108220122046], [9.988646206848108, 53.55112264822699]], [[9.990852212242732, 53.553786942985305], [9.989765899103025, 53.55446647036777], [9.989759783121858, 53.55379783984575], [9.990116130598588, 53.55348797414209], [9.990852212242732, 53.553786942985305]], [[9.99092220472368, 53.55324768214275], [9.991040996655403, 53.55315781310196], [9.99149552483573, 53.55332253284484], [9.991326077623631, 53.55343541968636], [9.99092220472368, 53.55324768214275]], [[9.990646183314098, 53.55220356996874], [9.989901872930783, 53.55190894755893], [9.990047417644984, 53.55178241562779], [9.990146808155442, 53.55175691509229], [9.990833023657261, 53.55204648963608], [9.990646183314098, 53.55220356996874]], [[9.990026356306224, 53.55075125906369], [9.990258306477124, 53.55055233757], [9.990472021100208, 53.55065178547348], [9.990320544494017, 53.55086451350532], [9.990026356306224, 53.55075125906369]], [[9.989870036845346, 53.55284515374545], [9.98993884812861, 53.55271096510454], [9.990159108663217, 53.55255312780692], [9.989870036845346, 53.55284515374545]], [[9.991228941503548, 53.55117681356832], [9.99142747652479, 53.55100688022301], [9.991692965633549, 53.5511299539757], [9.991486164586233, 53.55127971848593], [9.991228941503548, 53.55117681356832]], [[9.993628166248982, 53.55147167953781], [9.993641354057631, 53.55141925941097], [9.993986165242696, 53.551639244547474], [9.993628166248982, 53.55147167953781]]]}, "properties": {"aed_id": "13195378701", "time_s": 240, "minutes": 4}}, {"type": "Feature", "geometry": {"type": "Polygon", "coordinates": [[[10.105531614798554, 53.54220459343858], [10.105153796533031, 53.54191949977922], [10.10490986587109, 53.54192612918655], [10.104375038494616, 53.542100579735695], [10.104173257528997, 53.54226330429796], [10.104154211220882, 53.542434907961194], [10.104344460702185, 53.542564271910614], [10.104632560653217, 53.54257561591209], [10.104889219691902, 53.5424433344906], [10.104948423460177, 53.54251218432253], [10.104181752380967, 53.542884077267175], [10.10401507648428, 53.54316013660172], [10.104218233967284, 53.5433569513171], [10.104573879467354, 53.543354559245216], [10.105937864183797, 53.54283504950073], [10.106163306389455, 53.5430465386652], [10.106440902682971, 53.5431329759298], [10.107412217181999, 53.543000136733134], [10.108229896950304, 53.542543749188596], [10.108319160431295, 53.542349588648435], [10.108143189237971, 53.54211337804359], [10.10871698267844, 53.54194639974356], [10.108963902754473, 53.54172954484001], [10.10899177700352, 53.54157905949523], [10.108822514099034, 53.541439734769185], [10.108573824804177, 53.54140846062124], [10.107311944937658, 53.5416874753607], [10.10672608275111, 53.54101109401761], [10.106363605814913, 53.54092887545482], [10.106120349656631, 53.54102150891712], [10.106058305412178, 53.5411894692671], [10.106571740338019, 53.541811917765145], [10.10628288745132, 53.5419478180651], [10.106014431599819, 53.54185837332267], [10.105730471262484, 53.54188948458869], [10.105531614798554, 53.54220459343858]]]}, "properties": {"aed_id": "13322612501", "time_s": 120, "minutes": 2}}, {"type": "Feature", "geometry": {"type": "Polygon", "coordinates": [[[10.104574089919044, 53.5412047778442], [10.102213430842564, 53.541967591715164], [10.101746247978246, 53.5426783555716], [10.101948083961615, 53.54294001527977], [10.101761538747052, 53.54310555837244], [10.101860477659125, 53.543288441705805], [10.102197366715577, 53.54335636817045], [10.102837541534642, 53.54317871765411], [10.102988130752077, 53.543462838721055], [10.101863196634282, 53.54382878279955], [10.101742857893766, 53.54406794697677], [10.101926778624925, 53.5442005219036], [10.102178339128466, 53.54422223464656], [10.103510594060262, 53.543805645292416], [10.103792070095718, 53.54415093272422], [10.103805120154327, 53.54440032737593], [10.10401385014951, 53.54448673040977], [10.104396525084036, 53.544510611144695], [10.104617106738514, 53.54443537489868], [10.104747215639424, 53.54422256530958], [10.105272950336682, 53.54393010610079], [10.105732353722576, 53.54405968359533], [10.106062239167798, 53.54399452569322], [10.106348302754808, 53.5433820816504], [10.106751817335528, 53.54321873698168], [10.107057813988211, 53.54323792032237], [10.107742446014495, 53.54301407714394], [10.10793273959661, 53.542798912119515], [10.10819194648801, 53.542713224148436], [10.108620487727649, 53.54271556199044], [10.10891925331473, 53.542479502855606], [10.109505657967919, 53.5422901150623], [10.110592924681486, 53.54293172839083], [10.110837484573812, 53.54297298691761], [10.111070474837016, 53.54291246879724], [10.111164776550922, 53.542669195607665], [10.110636183583969, 53.54230951848057], [10.1109658812242, 53.54215986253061], [10.110964276483116, 53.54200846707867], [10.110757384354349, 53.54185346908793], [10.111156162355547, 53.541684719896146], [10.11113849331425, 53.54145392169216], [10.11071586779858, 53.54136284676164], [10.109680057642324, 53.541684853527194], [10.110326423713042, 53.541432948154856], [10.110715623097356, 53.54118275840997], [10.111323988035075, 53.54116177181871], [10.111561382614388, 53.540866087617545], [10.1111834006038, 53.54049191619064], [10.11050167331504, 53.54028522840614], [10.110112367518623, 53.54047711388246], [10.109841636374885, 53.54089596893173], [10.108908718699208, 53.54118814912811], [10.107602845079741, 53.54033829904534], [10.107825242575206, 53.54017348010663], [10.107718836220918, 53.53997133836457], [10.106519790774572, 53.53972852663252], [10.105302233894442, 53.54012518912046], [10.10523839569399, 53.540271734378564], [10.105426667845286, 53.54075634653651], [10.105150391543042, 53.540722227026414], [10.10466210358485, 53.54086194308811], [10.10449219347082, 53.54102288586868], [10.104574089919044, 53.5412047778442]], [[10.107311944937658, 53.5416874753607], [10.106900852238535, 53.541206185058684], [10.107590498892518, 53.54099677905731], [10.10831608907159, 53.54146812655401], [10.107311944937658, 53.5416874753607]], [[10.107062891121423, 53.540652562663524], [10.1069029516502, 53.54064260808884], [10.106860955579982, 53.54052048797967], [10.107062891121423, 53.540652562663524]], [[10.106058482012228, 53.5429560389727], [10.10500837876296, 53.54345941594242], [10.104362861208681, 53.543822232685145], [10.104117578088058, 53.54352134093167], [10.1059378641838, 53.54283504950073], [10.106058482012228, 53.5429560389727]], [[10.105531614798554, 53.54220459343857], [10.105032390750262, 53.54163549492691], [10.105316945931957, 53.54158922329532], [10.105519376442194, 53.541425234139695], [10.105561268147005, 53.541275906058466], [10.105413782283643, 53.541135084604946], [10.105585477190266, 53.540993292595495], [10.105849304089872, 53.541046378314675], [10.106571740338019, 53.541811917765145], [10.106212337220425, 53.54191885272973], [10.105977894387834, 53.541854823052866], [10.105730471262484, 53.54188948458869], [10.105531614798554, 53.54220459343857]], [[10.104541361527206, 53.542044420828866], [10.103930008477075, 53.54226961166607], [10.103691737293714, 53.541997056677005], [10.104328415959014, 53.54180373890405], [10.104541361527206, 53.542044420828866]], [[10.108143189237975, 53.54211337804359], [10.10902632773044, 53.541933712206976], [10.108222719071614, 53.542196712919015], [10.108143189237975, 53.54211337804359]]]}, "properties": {"aed_id": "13322612501", "time_s": 240, "minutes": 4}}, {"type": "Feature", "geometry": {"type": "Polygon", "coordinates": [[[9.988629942281552, 53.55396330049762], [9.98686150020278, 53.55410924184218], [9.986650967168355, 53.55428001317575], [9.98699353407407, 53.554713278835], [9.987232005662085, 53.554765790338905], [9.987454325374351, 53.55472405650598], [9.987800932505325, 53.5549109053421], [9.987677299567194, 53.55515959635402], [9.98710876678914, 53.555425938480575], [9.987136745755372, 53.55565816813701], [9.987358378340856, 53.55574729030368], [9.987475530265748, 53.55592075819223], [9.98770825621122, 53.55598173787348], [9.98809791051629, 53.555968818582905], [9.988418970271626, 53.55580544635957], [9.9887685596149, 53.555848617338036], [9.988999417539151, 53.55573227098384], [9.98949956317721, 53.55613034653296], [9.98994910770551, 53.55613437809996], [9.99008608053691, 53.55587939403236], [9.989458473184351, 53.555340383903086], [9.990590965247783, 53.55474871371656], [9.991047321436977, 53.5546863962759], [9.991182269790068, 53.55453272505495], [9.990993912654728, 53.55424182616907], [9.99071307994077, 53.55414719811389], [9.989765899103025, 53.55446647036777], [9.989759783121858, 53.55379783984575], [9.990442818350965, 53.55322656943695], [9.99033728245112, 53.552950153231535], [9.990011560698091, 53.55286496346979], [9.989653876270374, 53.552901875226915], [9.98947017790382, 53.55303311378956], [9.989112106539075, 53.55297069968894], [9.988866639945732, 53.55300765420755], [9.988353703860275, 53.553482095686725], [9.9887142704547, 53.553898160794326], [9.988629942281552, 53.55396330049762]]]}, "properties": {"aed_id": "13426787001", "time_s": 120, "minutes": 2}}, {"type": "Feature", "geometry": {"type": "Polygon", "coordinates": [[[9.98547115091018, 53.55343900601502], [9.985301769275933, 53.55332609713408], [9.985050550124347, 53.553302804701104], [9.984561793259674, 53.55351616437729], [9.984479593056465, 53.5536594336028], [9.98457137232363, 53.55380295206971], [9.984205985936681, 53.55443022614674], [9.984343611912417, 53.55458142479576], [9.984620473727375, 53.55463038891823], [9.98487438780172, 53.554548435680225], [9.985070882251112, 53.55428687680138], [9.985508597534057, 53.55433055951863], [9.985436267323976, 53.554689601785164], [9.985776524570898, 53.554911864332695], [9.98576168120152, 53.555087396718086], [9.985415295424435, 53.55507711872016], [9.985171424854274, 53.55514938339763], [9.985045960762028, 53.55544762454403], [9.984695929568717, 53.55536227212901], [9.98442133513089, 53.55541558093111], [9.984290470707087, 53.55556889441453], [9.9843819858685, 53.55579329447018], [9.984792694682598, 53.555895569479105], [9.984834070824775, 53.5561372564811], [9.985130421772192, 53.55625447935053], [9.986454682754871, 53.556244593972934], [9.986696021621684, 53.556117044005696], [9.98672795682697, 53.55587118759439], [9.987198133206597, 53.5559312808007], [9.987421565085567, 53.556059102050504], [9.987511082450581, 53.556298363906585], [9.98688588500522, 53.556324327322834], [9.98663811711595, 53.55650213107541], [9.98694203346888, 53.55718778204522], [9.987249121681014, 53.557246822247166], [9.988084301456231, 53.557113609161135], [9.988252289776575, 53.55751098696969], [9.988585396590743, 53.5576379957227], [9.988917203193578, 53.55765033384828], [9.989180746227914, 53.557539447174165], [9.989238063368967, 53.55732218576832], [9.989464680929574, 53.55718852634236], [9.98945934334596, 53.557025644107846], [9.989709526245893, 53.55695284812484], [9.989519777772022, 53.55766649212326], [9.989829545704303, 53.55780563351352], [9.990316733499357, 53.55773452532581], [9.9905745067621, 53.55730400458194], [9.9909582914909, 53.5573570739065], [9.99123169016213, 53.55719312542187], [9.990939804328121, 53.5567600996238], [9.990940872925258, 53.55664226236176], [9.991162628910988, 53.55655127872132], [9.991226820930583, 53.55638359996861], [9.991102209858038, 53.556251628337314], [9.990895412449673, 53.55619806570543], [9.990921852069622, 53.55610450128372], [9.99118162086931, 53.55606735949411], [9.991339641531525, 53.55592340261157], [9.991280427749572, 53.55575507569947], [9.991044845186071, 53.5556618639933], [9.991115542462977, 53.55543761183974], [9.991999269180805, 53.556277450215255], [9.992382530641944, 53.55631349701363], [9.992648196868323, 53.556136413424724], [9.992109482443356, 53.555426360177115], [9.992148009500202, 53.55525819825419], [9.991784958399831, 53.5547356235825], [9.992517487911785, 53.55435373315113], [9.992919285111514, 53.55401976229851], [9.992931551442904, 53.55384854626818], [9.992681108070702, 53.5536790786921], [9.992646192257741, 53.55354538870151], [9.993022085490779, 53.553272531069815], [9.992978237294482, 53.553070681805934], [9.993092196449709, 53.55289421055793], [9.992965163479498, 53.55273976112959], [9.992691941008868, 53.55268403925148], [9.992306090930041, 53.55278912550899], [9.992011301304036, 53.55298336366076], [9.991827510833902, 53.55291675941239], [9.992085303134422, 53.55275430693826], [9.992013859789427, 53.552520685157134], [9.992314708884402, 53.55249486498615], [9.992488750317097, 53.552333067662715], [9.992413174854114, 53.552167080655344], [9.99197216543198, 53.55196818690115], [9.992289023370818, 53.551758345096026], [9.992179683534191, 53.551463782300495], [9.99190708521058, 53.551360986674894], [9.99143185333195, 53.55141119383314], [9.990952161211329, 53.551763182765235], [9.990930747206958, 53.55196427620097], [9.990646183314102, 53.55220356996874], [9.989901872930785, 53.55190894755893], [9.989962028051991, 53.55172437918131], [9.989791034599364, 53.55158578570026], [9.989505559456584, 53.551559788374185], [9.98927438944333, 53.551658568532154], [9.98827464431932, 53.55139301115193], [9.98786497464227, 53.551503241255794], [9.98791269619934, 53.5517615619976], [9.987628068503756, 53.55201697864765], [9.98728809286275, 53.55177349670582], [9.986448710276866, 53.55174891534215], [9.986266521035132, 53.551882354416584], [9.986241821171546, 53.55217655926245], [9.9865636348058, 53.5527202601962], [9.986053864522313, 53.55268385824732], [9.985825668370131, 53.55291451626329], [9.985993641652641, 53.55307857318342], [9.986755932415516, 53.55321275878162], [9.98677857776729, 53.553278088395885], [9.986482584248732, 53.553241615117344], [9.986244598980393, 53.55333904916182], [9.986040781839588, 53.55390055211121], [9.985373043689377, 53.553794849876724], [9.98547115091018, 53.55343900601502]], [[9.988613650346942, 53.55675758881294], [9.98947465948952, 53.55646420249536], [9.989554768990704, 53.5563205130417], [9.98945578983257, 53.556110250847425], [9.989781645373728, 53.55643376482824], [9.988613650346942, 53.55675758881294]], [[9.988302015852279, 53.55631584925427], [9.988184623603061, 53.55603832783425], [9.988429032814551, 53.55583280597093], [9.988719571468875, 53.5562157659079], [9.988302015852279, 53.55631584925427]], [[9.988459078933312, 53.552844821120445], [9.988859927492507, 53.55298129631863], [9.988733089247297, 53.553096037903344], [9.988459078933312, 53.552844821120445]], [[9.988777011515605, 53.55240562733131], [9.989056263225638, 53.552110885600314], [9.989103959711217, 53.552129818814315], [9.988777011515605, 53.55240562733131]], [[9.987480992458583, 53.55529174461307], [9.986941932487321, 53.555410600548896], [9.987039487284097, 53.554746460996675], [9.987454340325018, 53.55472406456529], [9.987800932505325, 53.5549109053421], [9.987677299567194, 53.55515959635402], [9.987480992458583, 53.55529174461307]], [[9.98779616545969, 53.554009960232115], [9.988646778988741, 53.55395029492277], [9.987796225370444, 53.554010147078685], [9.98779616545969, 53.554009960232115]], [[9.987930381867088, 53.55345299598312], [9.987861022814732, 53.55334663536437], [9.988063979291898, 53.553307632424804], [9.988217087773124, 53.55344800517176], [9.987930381867088, 53.55345299598312]], [[9.987682512853823, 53.552909973196385], [9.98749724741007, 53.55283907205165], [9.987758588535304, 53.55264210126349], [9.987682512853823, 53.552909973196385]], [[9.986892738666342, 53.55362901927886], [9.98694114675951, 53.55374911591225], [9.987052796128026, 53.55408781326069], [9.986777497223608, 53.5539996363501], [9.986892738666342, 53.55362901927886]], [[9.986033637337792, 53.55522923859332], [9.986181924742798, 53.555231072911354], [9.98618794034475, 53.5554398227233], [9.98597952002729, 53.55544345692811], [9.986033637337792, 53.55522923859332]], [[9.990287696229684, 53.55492887336345], [9.990021817896688, 53.55580956108174], [9.98945847318435, 53.555340383903086], [9.990287696229684, 53.55492887336345]], [[9.990852212242734, 53.553786942985305], [9.989765899103025, 53.55446647036777], [9.989759783121858, 53.55379783984575], [9.990116130598587, 53.55348797414209], [9.990852212242734, 53.553786942985305]], [[9.99092220472368, 53.55324768214275], [9.991040996655403, 53.55315781310196], [9.99149552483573, 53.55332253284484], [9.991326077623633, 53.55343541968636], [9.99092220472368, 53.55324768214275]], [[9.989870036845343, 53.55284515374545], [9.98993884812861, 53.55271096510454], [9.990159108663216, 53.55255312780692], [9.989870036845343, 53.55284515374545]]]}, "properties": {"aed_id": "13426787001", "time_s": 240, "minutes": 4}}, {"type": "Feature", "geometry": {"type": "Polygon", "coordinates": [[[10.020444220486905, 53.552521932047036], [10.020078288314632, 53.552598703644556], [10.020010590624164, 53.552812040511725], [10.019557336732872, 53.552764403233745], [10.019299529068705, 53.552937059565316], [10.019495595115174, 53.553177967674685], [10.021112141050326, 53.5534833641059], [10.020746473739639, 53.55368931743114], [10.020815298586342, 53.55392712692338], [10.020649296323588, 53.554101996194554], [10.019549792093711, 53.55376698479555], [10.019296049157168, 53.55377652133053], [10.01911006213722, 53.55387974909988], [10.01905084222512, 53.554081758082], [10.019257085831308, 53.55446095832019], [10.019599108032212, 53.554519270572705], [10.01988220954284, 53.554371193176394], [10.020101363460277, 53.554438954348974], [10.01948171217358, 53.55487220788111], [10.019524013599106, 53.5552016921596], [10.019940239696554, 53.55530288930788], [10.02040695839024, 53.55504983196929], [10.020963521644482, 53.5552949918944], [10.02128619325495, 53.555296649328746], [10.021504529121547, 53.55510566053915], [10.021225093874676, 53.554854879510835], [10.02133818070102, 53.55469221573075], [10.02157284772222, 53.554676613503524], [10.022705970035483, 53.5549758308964], [10.022993926813568, 53.55494779892215], [10.023586720411911, 53.55409756160781], [10.023776395476334, 53.55396575255762], [10.02377621869921, 53.55339155606746], [10.02316669324345, 53.553235138486954], [10.023184179699689, 53.55306336833216], [10.022992634205801, 53.552934657750434], [10.020444220486905, 53.552521932047036]]]}, "properties": {"aed_id": "13457531601", "time_s": 120, "minutes": 2}}, {"type": "Feature", "geometry": {"type": "Polygon", "coordinates": [[[10.017487976081183, 53.55186453521692], [10.017025054538822, 53.55194057249786], [10.016572654134404, 53.55240285205006], [10.016826285868488, 53.55284421518916], [10.017237433817602, 53.55294926962828], [10.016996140121732, 53.55316053008901], [10.01702674228477, 53.55335132033703], [10.017501068675656, 53.55360006460418], [10.017749920048917, 53.55363108977787], [10.018052291823883, 53.55348631831899], [10.018011528098997, 53.5531522846236], [10.018762648184811, 53.553196120610735], [10.0175891967003, 53.554141785162926], [10.017299914007321, 53.5540280648369], [10.017046284733983, 53.554038633077255], [10.01684635045839, 53.5541627404071], [10.016830487276103, 53.554355951862085], [10.017115124498373, 53.55453576430143], [10.017208089310179, 53.554798724039514], [10.017444350483569, 53.55485466572324], [10.017668192386079, 53.55481620301897], [10.018872376299642, 53.55533488287758], [10.018208697902432, 53.55570065781122], [10.017775912650816, 53.55556609661837], [10.017406948808318, 53.55572356068673], [10.017228510140628, 53.55609547138821], [10.017439124150899, 53.55629586948006], [10.017343275579611, 53.55646113000607], [10.017500447456474, 53.55662894316562], [10.017781827317842, 53.55666774599328], [10.018202834793668, 53.55656504883942], [10.01867655757037, 53.556667712147735], [10.019195812430848, 53.55652762117653], [10.019332202619191, 53.55629152290584], [10.018940330884266, 53.55605994720996], [10.018990786903913, 53.55600754859726], [10.02025239994188, 53.55650066115229], [10.020472197180855, 53.55666261336187], [10.020826773757797, 53.55664518133382], [10.021166382724495, 53.556379443589634], [10.021299620791348, 53.55658252506486], [10.021682957211313, 53.55661829387293], [10.022017435772193, 53.55647872527972], [10.022591034099658, 53.55603958990292], [10.023388406163, 53.55521038862795], [10.02378063568486, 53.555308401714484], [10.023697904201267, 53.555432470403005], [10.023320049826193, 53.55550790505759], [10.02320625233798, 53.55573535625302], [10.023692804080918, 53.55600578839708], [10.02406688470063, 53.55594444110019], [10.0244657420632, 53.55549875521358], [10.025285508634248, 53.55571982733981], [10.025674326566048, 53.55563207213767], [10.025825712910942, 53.55530621853117], [10.025461724959593, 53.55440549759661], [10.025010327149632, 53.55387814082318], [10.02633240398887, 53.55399734456993], [10.026723237730673, 53.5538354922136], [10.026823468130122, 53.553674201801954], [10.026702817252106, 53.55351794833876], [10.026336080812934, 53.55339881285004], [10.025024060182504, 53.55326429566947], [10.025493368099118, 53.55326650738494], [10.025721048073738, 53.553130354873396], [10.025575929219277, 53.55283559577911], [10.025634236150205, 53.55256422594272], [10.025480326083102, 53.55241870403784], [10.02509347220674, 53.55240114383562], [10.024886942174229, 53.552581664254845], [10.024379813930802, 53.55250378173369], [10.024129967556203, 53.55264234092194], [10.023461245873204, 53.55247759797576], [10.022532782823642, 53.552370500498895], [10.021970443524866, 53.55250188893257], [10.021918003471523, 53.55276372996591], [10.021182924534184, 53.55261159617168], [10.020923932248165, 53.55263579973103], [10.019687267470847, 53.552377066175715], [10.01979797019809, 53.55223149409449], [10.02020077716382, 53.552328397826656], [10.020449064724101, 53.55229583102357], [10.02068772341866, 53.552025169149786], [10.02057562741048, 53.55186667339583], [10.020177480236471, 53.551751635285804], [10.02013425567136, 53.55148740896318], [10.019683038607296, 53.55135277671742], [10.019294554236165, 53.55148748648567], [10.01935802119069, 53.551724126668155], [10.018990200650814, 53.55220430929887], [10.018499771929346, 53.55198038025759], [10.017487976081183, 53.55186453521692]], [[10.021738528114044, 53.55472099848177], [10.021445312741733, 53.55495587168021], [10.021225093874675, 53.554854879510835], [10.02133818070102, 53.55469221573075], [10.021738528114044, 53.55472099848177]], [[10.019209244428671, 53.55486498700747], [10.019387053067126, 53.55463887305475], [10.019093970176828, 53.55443962145767], [10.019525612912263, 53.55452427456456], [10.019882209542843, 53.554371193176394], [10.020101363460274, 53.554438954348974], [10.019359495982629, 53.55494076669179], [10.019209244428671, 53.55486498700747]], [[10.019055865229157, 53.55442613986747], [10.018601593104655, 53.554363162367345], [10.018299256024452, 53.554533899379564], [10.018131782949224, 53.55446129152142], [10.01869378901774, 53.55400369466068], [10.018969783547478, 53.55408904540539], [10.018892360871263, 53.55427048023419], [10.019055865229157, 53.55442613986747]], [[10.020314164980935, 53.555111420066154], [10.021117049995333, 53.555480421739844], [10.020932483674889, 53.555639393749296], [10.020089619540874, 53.555260785223965], [10.020314164980935, 53.555111420066154]], [[10.020649296323587, 53.554101996194554], [10.019642020960438, 53.553790503009296], [10.019973765634749, 53.5532841828297], [10.021112141050326, 53.5534833641059], [10.020746473739639, 53.55368931743114], [10.020815298586342, 53.55392712692338], [10.020649296323587, 53.554101996194554]], [[10.023328814948204, 53.552922654993154], [10.023369299006712, 53.55299628193363], [10.023123931883294, 53.5529539217845], [10.023148710319528, 53.552906954934514], [10.023328814948204, 53.552922654993154]]]}, "properties": {"aed_id": "13457531601", "time_s": 240, "minutes": 4}}, {"type": "Feature", "geometry": {"type": "Polygon", "coordinates": [[[10.000025761986443, 53.542302214711505], [9.999784203119846, 53.542396421800056], [9.999490043547588, 53.54276671515307], [9.999284168156489, 53.542872889947404], [9.999195188382942, 53.5430781036682], [9.999328633884506, 53.54328438252976], [9.999819624325122, 53.54339002425101], [9.99965535194472, 53.54352923242116], [9.999703890454821, 53.54369876524807], [10.000234667722413, 53.5438269325457], [10.00059371180619, 53.54355661039696], [10.001359154253961, 53.54373414749518], [10.001560591370326, 53.54389353309894], [10.001840160278316, 53.543922607576754], [10.002404758301484, 53.54375512069328], [10.002445612590472, 53.54360568870828], [10.002300321913754, 53.54337467323914], [10.002011249678434, 53.5432307344662], [10.001632076284197, 53.54328762864206], [10.001298488786196, 53.54319676978792], [10.001557928800336, 53.54282391041376], [10.001909763833774, 53.54269011587195], [10.001826985759699, 53.54243815413153], [10.002165796832307, 53.541954810276856], [10.002950830855116, 53.54219567659715], [10.003365797657253, 53.5421122090087], [10.003474034859112, 53.54191040895098], [10.003285704577946, 53.54175440922498], [10.002471608011383, 53.541543952309176], [10.002551588676713, 53.54134152606032], [10.002365061998752, 53.54118476039981], [10.002078406935812, 53.54116421555889], [10.001836310142734, 53.54128832129215], [10.001523111122646, 53.54117450021769], [10.001050879879157, 53.541182599806326], [10.000791277547776, 53.54129665369686], [10.000025761986443, 53.542302214711505]]]}, "properties": {"aed_id": "5880920245", "time_s": 120, "minutes": 2}}, {"type": "Feature", "geometry": {"type": "Polygon", "coordinates": [[[9.99733292998894, 53.542039320920686], [9.997462621127285, 53.542358794201306], [9.99693271023116, 53.54232193636506], [9.996545992626674, 53.54252687241514], [9.996461355457777, 53.54266963304531], [9.996643081482812, 53.542952052788614], [9.99704216963721, 53.54300461575795], [9.99692050593663, 53.54320422274028], [9.997004009284264, 53.54336885401628], [9.997535858481449, 53.54351383700314], [9.997453853110663, 53.54363353358065], [9.997163008944211, 53.54373032547319], [9.997090800489902, 53.54391201467364], [9.997177316314005, 53.544084199823764], [9.997363489932125, 53.54417190116265], [9.997482983578147, 53.544518605795304], [9.997772249721384, 53.54460367121768], [9.998177047456078, 53.544503323899946], [9.998435200326426, 53.5445840677134], [9.99870686382866, 53.54453382949833], [9.999059248694751, 53.54464008554278], [9.999583269823948, 53.54459917149104], [9.999690033963821, 53.54498129384681], [9.999848024997876, 53.545099899119435], [10.000560913390576, 53.54533354051737], [10.001077913736534, 53.54535210763384], [10.001307662733884, 53.54529211498624], [10.001825181948641, 53.54541089868197], [10.00247321091154, 53.54524465205308], [10.002670303260112, 53.54506389159891], [10.003007827613786, 53.54516728790739], [10.003309527335604, 53.54509924165938], [10.003605579583644, 53.54478536304894], [10.003588424938291, 53.54437971100466], [10.004380913901615, 53.544564914553035], [10.004791388024778, 53.54442683472148], [10.004931894765205, 53.54414282375734], [10.004788434418957, 53.543703715242884], [10.004569737070936, 53.54357816248936], [10.004807787913649, 53.54340744729155], [10.005070427167833, 53.54291038144944], [10.005278389031426, 53.54279629635564], [10.005466489689189, 53.542392994298076], [10.00606683898711, 53.54207633194215], [10.006156862788918, 53.54191292503787], [10.00602653575427, 53.54175946207273], [10.005414205951856, 53.541588703707454], [10.005245467555005, 53.541421318027616], [10.0044126053163, 53.54121661771269], [10.00482466750335, 53.541195991467326], [10.005018253544625, 53.54109788263323], [10.005018149221089, 53.54085817444508], [10.005178403447415, 53.540687243198825], [10.005083463170536, 53.54052482711556], [10.004763064436126, 53.540387877584266], [10.004392544059229, 53.54039336879248], [10.004238047755095, 53.54013646626547], [10.00394830409007, 53.54005201670765], [10.003613005204361, 53.54016815573304], [10.003535591174167, 53.540466533517815], [10.003227176615638, 53.540493058367964], [10.003104412781804, 53.54028227846884], [10.003280617940238, 53.54013928858336], [10.003250787894501, 53.53983402887708], [10.003077835854512, 53.53965981935866], [10.002731925272862, 53.53961106778057], [10.002182599228613, 53.53981111287248], [10.001663392671917, 53.54050550712638], [10.001255760202678, 53.54067981732596], [10.000552876706427, 53.54075447442528], [10.000655301348722, 53.54053420714599], [10.000503663794182, 53.54036461557342], [10.000223703697182, 53.540322580183314], [9.999873074254527, 53.54042174241425], [9.999415601947776, 53.540905983603956], [9.999040149592842, 53.54110188897431], [9.998492049517576, 53.54122910621647], [9.998440336728518, 53.541418767066595], [9.99864604183302, 53.54156750514625], [9.998135750207389, 53.541609123615274], [9.997856616724018, 53.541829384542716], [9.997633495015132, 53.54181702897165], [9.997417271284926, 53.54189661732559], [9.99733292998894, 53.542039320920686]], [[10.000389552161193, 53.543777032890446], [10.000593711806186, 53.54355661039694], [10.001298868962298, 53.54373429448225], [10.001127189158439, 53.54398261652506], [10.000389552161193, 53.543777032890446]], [[10.00024058425309, 53.54206883359842], [9.999929998275324, 53.54217205719503], [9.999438226758686, 53.542772015109385], [10.00001852593475, 53.54182427194501], [10.000385209694832, 53.54146007626933], [10.000697427998068, 53.54142780280167], [10.00024058425309, 53.54206883359842]], [[9.99886381661154, 53.543659480022015], [9.999158633819727, 53.54318943231929], [9.9992265769346, 53.54320581523854], [9.99929208987987, 53.543263725867014], [9.99906618769161, 53.543570544541396], [9.99886381661154, 53.543659480022015]], [[10.00014668604127, 53.54433376742881], [10.000097504842596, 53.544281721035745], [10.000204925921226, 53.54431249040341], [10.00014668604127, 53.54433376742881]], [[10.002116450762019, 53.544263413364675], [10.002371815560974, 53.54397412327362], [10.002891275107757, 53.54411169573098], [10.002805118325389, 53.544464885174584], [10.002116450762019, 53.544263413364675]], [[10.002657683575617, 53.54355794111065], [10.003014645484358, 53.543020649591064], [10.00354351653027, 53.54314875925633], [10.003263787086691, 53.54354829338064], [10.002939349012893, 53.5436333319508], [10.002657683575617, 53.54355794111065]], [[10.002471608011383, 53.541543952309176], [10.002553203630942, 53.541266004106674], [10.00309704881798, 53.54121786325087], [10.002803285541686, 53.54162922902339], [10.002471608011383, 53.541543952309176]], [[10.001557928800336, 53.54282391041376], [10.001909763833774, 53.54269011587195], [10.001826985759697, 53.54243815413153], [10.002165796832305, 53.54195481027687], [10.002477623221006, 53.5420349833011], [10.001606848117751, 53.543280700899395], [10.001298488786196, 53.54319676978792], [10.001557928800336, 53.54282391041376]], [[10.003836838624265, 53.54273461837359], [10.003590684189398, 53.54260378099211], [10.003340583917685, 53.54260924231699], [10.003542121700693, 53.542316984841925], [10.004033876503584, 53.54245240137794], [10.003836838624265, 53.54273461837359]], [[10.004042934866776, 53.541612394061474], [10.004547802188425, 53.541733654910296], [10.00433223598965, 53.542039444196405], [10.00383759366916, 53.541903248128285], [10.004042934866776, 53.541612394061474]]]}, "properties": {"aed_id": "5880920245", "time_s": 240, "minutes": 4}}, {"type": "Feature", "geometry": {"type": "Polygon", "coordinates": [[[9.86771239516256, 53.53525282114027], [9.8673053290704, 53.53531224183949], [9.867258980632716, 53.53557852894465], [9.868627723200408, 53.53610400743781], [9.86802873713967, 53.536197409175514], [9.867908494980103, 53.53633079444246], [9.867957588969237, 53.53647934532578], [9.868225425431952, 53.53658640939265], [9.868972870942004, 53.536574110914195], [9.869489649442114, 53.536126812774576], [9.869476173754673, 53.53591736228438], [9.86771239516256, 53.53525282114027]]]}, "properties": {"aed_id": "10045300175", "time_s": 120, "minutes": 2}}, {"type": "Feature", "geometry": {"type": "Polygon", "coordinates": [[[9.865330500164607, 53.53494001088536], [9.865004899925916, 53.5348389935953], [9.864672253167525, 53.53495777371157], [9.864643955761053, 53.535128928328064], [9.864914895105121, 53.53538578765876], [9.86635899104035, 53.53538852771457], [9.865386231827259, 53.536275010535554], [9.865402046326198, 53.53644673508931], [9.865582781475931, 53.53655317865411], [9.865968527313573, 53.53652921639334], [9.866435938038247, 53.53609214806636], [9.866857476514737, 53.536035272612374], [9.8669548456407, 53.535873367147786], [9.8668547810041, 53.53573173367126], [9.867187811430334, 53.535543908991265], [9.868627723200408, 53.53610400743781], [9.868155120251677, 53.536152481728294], [9.867958347608873, 53.53624830152725], [9.86792610481926, 53.536439487706716], [9.868119561763494, 53.53656714408395], [9.868972870942004, 53.536574110914195], [9.869489649442114, 53.536126812774576], [9.869453610443824, 53.535896768237905], [9.868589034525874, 53.53556445260888], [9.868498666167989, 53.535340786660974], [9.86960279830942, 53.53509470785384], [9.869656591075861, 53.53490525046184], [9.869371423451794, 53.534660638042446], [9.86891988935963, 53.53459140944966], [9.867721678075256, 53.534628776545105], [9.867471470700636, 53.5347681632261], [9.867508640234451, 53.534999921938976], [9.867131752786289, 53.53505740607586], [9.866740246599853, 53.53493820218824], [9.865330500164607, 53.53494001088536]]]}, "properties": {"aed_id": "10045300175", "time_s": 240, "minutes": 4}}, {"type": "Feature", "geometry": {"type": "Polygon", "coordinates": [[[10.019742325183449, 53.55532955726169], [10.019524211014987, 53.55544229013791], [10.019391927951423, 53.555715894824], [10.019585281817633, 53.55587843385056], [10.01963629746021, 53.55619638635569], [10.020144110306386, 53.556417476770065], [10.020024191608938, 53.55652536252432], [10.019718858877567, 53.556413075854636], [10.01943336291726, 53.55643911559603], [10.019117312728966, 53.5567545418113], [10.019256555988255, 53.556995650107424], [10.01927429464759, 53.55759885696365], [10.019452657087623, 53.55776438578322], [10.019788821505806, 53.55783037561917], [10.020142476556012, 53.55770702975525], [10.020243491329467, 53.55790127959711], [10.020554452791744, 53.558005450681094], [10.02091762529907, 53.55786520891476], [10.021597286444267, 53.557835745141396], [10.021844402381731, 53.55768333280467], [10.021712624500205, 53.55744430182723], [10.02180330395596, 53.557319995802565], [10.022042708049865, 53.55723383366407], [10.022194522956946, 53.557302118269675], [10.02210377623454, 53.557550518364806], [10.022307055497416, 53.557672693442925], [10.02280184472069, 53.557611188099195], [10.023315908420988, 53.557720894758745], [10.023549727371133, 53.5576614041814], [10.023632529699066, 53.5573982737049], [10.023237722539932, 53.55724422506112], [10.023759215480823, 53.5567264534153], [10.023261231591482, 53.55629215559488], [10.023622988066505, 53.55569328794172], [10.023505187790242, 53.55551440417806], [10.023189948021667, 53.55545602783091], [10.023439729206848, 53.55512910118757], [10.023342138021036, 53.55492537978762], [10.023003456209722, 53.55486051595613], [10.02273446658492, 53.55498040618985], [10.022538907084638, 53.55480598226678], [10.022183144327832, 53.55480488374087], [10.021810077250024, 53.554935468864976], [10.021677602250339, 53.55507215896419], [10.021233335370818, 53.55512124100337], [10.02113364733811, 53.55528265138135], [10.021240021312163, 53.555429784305325], [10.020998768818574, 53.55554354873525], [10.020928299522346, 53.55569026943841], [10.020210138527517, 53.55537548097484], [10.019742325183449, 53.55532955726169]]]}, "properties": {"aed_id": "13732055602", "time_s": 120, "minutes": 2}}, {"type": "Feature", "geometry": {"type": "Polygon", "coordinates": [[[10.01804989730569, 53.554293228118226], [10.01741771450616, 53.5541386948121], [10.017106314132398, 53.55418904350351], [10.016974122196844, 53.55436432447184], [10.017118706780318, 53.55472905354969], [10.017371029496045, 53.55484882315202], [10.017668192386079, 53.55481620301897], [10.01887237629964, 53.55533488287758], [10.018208697902436, 53.55570065781122], [10.017057646316362, 53.555208105982445], [10.016736793258167, 53.55522854119], [10.016559773330178, 53.55538919257887], [10.016632294782873, 53.555555662330676], [10.017019596068753, 53.5557356974884], [10.017128481603477, 53.55615158466487], [10.01741701118145, 53.55631125824412], [10.016968522588792, 53.55663205582715], [10.0169471015349, 53.55682377709163], [10.018130289383476, 53.55746235840959], [10.016929795159472, 53.55807286963014], [10.01698071034465, 53.55832354621599], [10.017215898776369, 53.55845322360584], [10.016994816024479, 53.55866591015101], [10.01705894247856, 53.55889803031802], [10.017251921242698, 53.559043068015754], [10.01766398107216, 53.559074185940176], [10.018230976144237, 53.55876546964263], [10.018581280247215, 53.55894651173249], [10.018965020902813, 53.55895985381945], [10.019241107083058, 53.55884352824959], [10.01971332749769, 53.55911919174307], [10.020442767393783, 53.559215745992894], [10.021044426231935, 53.55900324015122], [10.022106265689917, 53.55843282724765], [10.022143858728171, 53.55868916890232], [10.022449653910465, 53.55879746717046], [10.023528287483156, 53.55843839719196], [10.024239216814447, 53.5579939332087], [10.02421837519302, 53.557658042756046], [10.023909007720244, 53.55748350284963], [10.0245550743735, 53.55773391822604], [10.024957789622956, 53.557664348042486], [10.025046350933247, 53.55752242838267], [10.024963602790042, 53.55737927029976], [10.024324217697703, 53.557108213618626], [10.024197652669397, 53.55684270887244], [10.023444661491407, 53.5564676599235], [10.023762736599517, 53.5560131545691], [10.024091107928852, 53.5559277614217], [10.0244657420632, 53.55549875521358], [10.024993754425777, 53.55564573307075], [10.025023320532622, 53.55583470505045], [10.025253498837262, 53.555938587181416], [10.025654885328503, 53.555883952351586], [10.02583557875494, 53.55574476528686], [10.02589118219257, 53.555446909191765], [10.025749310244581, 53.555213866577944], [10.025490947568848, 53.55513294744526], [10.025205811038763, 53.55489883608083], [10.024728030535739, 53.55492606333993], [10.024863493136145, 53.554676135255], [10.025177953198062, 53.55462213767159], [10.025423511621032, 53.554368923058455], [10.025004718847946, 53.55389086105206], [10.025046018813946, 53.55359633201899], [10.024674204700597, 53.553350006528774], [10.024181088281269, 53.55333726748386], [10.023422539777773, 53.55314949148589], [10.023149321162451, 53.5532517110934], [10.023079668991654, 53.553469025105386], [10.02233767248617, 53.553553786290976], [10.022109819719063, 53.55368588411126], [10.021850310749784, 53.55361659346769], [10.021546099488381, 53.55367398926251], [10.021347969265088, 53.55359865485073], [10.021094847865237, 53.55361288401886], [10.020630848175173, 53.55411847672753], [10.020325997843853, 53.554193696906445], [10.02023182963983, 53.55435021579343], [10.019359495982627, 53.5549407666918], [10.019193078431178, 53.55487018016301], [10.019387480098311, 53.554704813869414], [10.019266335616184, 53.55450562654181], [10.018713934492716, 53.55434921256807], [10.018299256024454, 53.554533899379564], [10.018099175040058, 53.554447154324095], [10.01804989730569, 53.554293228118226]], [[10.02180190129225, 53.55732882134232], [10.022042708049865, 53.55723383366407], [10.02219452295695, 53.557302118269675], [10.022025184177869, 53.557446530603976], [10.02180190129225, 53.55732882134232]], [[10.021445312741735, 53.55495587168021], [10.021225093874675, 53.554854879510835], [10.02133818070102, 53.55469221573075], [10.021738528114042, 53.55472099848177], [10.021445312741735, 53.55495587168021]], [[10.019638046870911, 53.5579718289009], [10.020180067120823, 53.55783316586257], [10.020308808182778, 53.55794379873463], [10.020209633620336, 53.55810887986638], [10.020294846348124, 53.55831287933725], [10.020487745781944, 53.558411520489805], [10.020725077013324, 53.558417712182056], [10.020534221175186, 53.55852484208927], [10.019638046870911, 53.5579718289009]], [[10.020024191608936, 53.55652536252432], [10.018940330884266, 53.55605994720996], [10.018990786903913, 53.55600754859726], [10.020074776181023, 53.55647329207236], [10.020024191608936, 53.55652536252432]], [[10.020314164980935, 53.555111420066154], [10.021117049995333, 53.555480421739844], [10.020932483674889, 53.55563939374931], [10.02008961954087, 53.555260785223965], [10.020314164980935, 53.555111420066154]], [[10.018836244393537, 53.55723170252217], [10.017829832884534, 53.55671595520323], [10.018010188906802, 53.55658971639331], [10.019073793979913, 53.557094737954394], [10.018836244393537, 53.55723170252217]], [[10.022821403195962, 53.557630597614505], [10.022890580766266, 53.55764718862519], [10.02289881758538, 53.55765016793748], [10.022821403195962, 53.557630597614505]], [[10.023237001003158, 53.55541472409449], [10.023388406163, 53.55521038862795], [10.02378063568486, 53.555308401714484], [10.023697904201267, 53.555432470403005], [10.023237001003158, 53.55541472409449]], [[10.02325423393692, 53.55723880325275], [10.023255342766758, 53.557251385869016], [10.023237722539934, 53.55724422506112], [10.02325423393692, 53.55723880325275]], [[10.02339983804893, 53.55714206850932], [10.023399227797027, 53.557141002694365], [10.023410113013172, 53.557124756143146], [10.02339983804893, 53.55714206850932]], [[10.02341521401317, 53.557115858952564], [10.023415452585914, 53.557115759450156], [10.023414406924296, 53.55711752129493], [10.02341521401317, 53.557115858952564]]]}, "properties": {"aed_id": "13732055602", "time_s": 240, "minutes": 4}}, {"type": "Feature", "geometry": {"type": "Polygon", "coordinates": [[[9.983822856747539, 53.55642591080075], [9.983560141390333, 53.55626884586814], [9.983238649943528, 53.55628540774756], [9.982671068605994, 53.55659374854067], [9.982535205001945, 53.55690821775744], [9.982719552605705, 53.557111518136566], [9.98315058206664, 53.55709215297603], [9.983598917941015, 53.557292382830006], [9.983207332651236, 53.55739169493818], [9.98301128934304, 53.55771152124555], [9.983180090746, 53.55796961869803], [9.983719739363176, 53.558130393747774], [9.984205358248671, 53.55804201177411], [9.984657012523115, 53.55785073934295], [9.98463157876768, 53.557620195462334], [9.984273537746539, 53.5574952150539], [9.984353842302713, 53.55738711312025], [9.984893987817388, 53.55753295957622], [9.984950705218532, 53.55768354881513], [9.985188104895084, 53.55778150946658], [9.985785542526697, 53.55767688805247], [9.98595901946153, 53.55756619647185], [9.985856119156448, 53.55730559139209], [9.984565871654834, 53.55695090888408], [9.984576754926293, 53.55684012912056], [9.985169179244942, 53.55690180198364], [9.985454345143685, 53.5567959950455], [9.987062169965249, 53.556758935710825], [9.9872877780105, 53.55668910812822], [9.987387778871682, 53.55654990874487], [9.987316775269209, 53.55640453147956], [9.987070766471863, 53.556314423597236], [9.985121886938563, 53.556353708651265], [9.984928211859224, 53.55623430267124], [9.984604201404794, 53.55622811397291], [9.984763365897463, 53.555891556089584], [9.98500636489141, 53.555799654158335], [9.985072503209405, 53.555643664206535], [9.984724354759145, 53.5552640754644], [9.984413713420093, 53.55517559019653], [9.983781736497669, 53.55522128418109], [9.983338150833005, 53.55567712564017], [9.983376622399062, 53.55589921845467], [9.983851699352055, 53.5561721809191], [9.983822856747539, 53.55642591080075]], [[9.983826369813631, 53.55673719579269], [9.983818121756846, 53.55666519187611], [9.983830472355255, 53.55664608083329], [9.983826369813631, 53.55673719579269]]]}, "properties": {"aed_id": "13831992505", "time_s": 120, "minutes": 2}}, {"type": "Feature", "geometry": {"type": "Polygon", "coordinates": [[[9.980586852901085, 53.55508449836751], [9.980298156015865, 53.55508947843844], [9.980099929258902, 53.55521455691074], [9.980118451615196, 53.55549562202269], [9.980243487185987, 53.555624290199106], [9.980082462953753, 53.55585576610587], [9.980361286947119, 53.55603031792357], [9.980232169521392, 53.55615322603871], [9.980261286534853, 53.55630363039869], [9.980837000949903, 53.556673183868845], [9.980743394486781, 53.556797897850586], [9.980802327369107, 53.55694517544729], [9.981935738717588, 53.55752057315462], [9.981824124209938, 53.55785390544601], [9.981407635505049, 53.55784987595492], [9.981234659749811, 53.55805669031127], [9.981600820956393, 53.55854891676522], [9.982442602149137, 53.558563023272164], [9.981832056957714, 53.55939762529015], [9.981828759694707, 53.559671240315865], [9.982110232386336, 53.5598554870043], [9.982432379865593, 53.55984405048521], [9.982791744883762, 53.55961952536006], [9.983553560679253, 53.55859898707597], [9.984121136214151, 53.559297197914255], [9.984382539221041, 53.559409875226024], [9.984949021499993, 53.55938986037912], [9.985169084000548, 53.5591095202361], [9.985853630147604, 53.55917012115322], [9.986479609471601, 53.558965620358606], [9.986763135835284, 53.55843654569385], [9.987157350280906, 53.55838278201447], [9.987249335003746, 53.558139186839], [9.987015675711719, 53.558006657392966], [9.986135819978548, 53.557934536435305], [9.985732868045458, 53.55787024718827], [9.985663754764968, 53.557795803109215], [9.985898407797846, 53.55773397667816], [9.987070025932473, 53.55782372508151], [9.987401380143686, 53.5579664926954], [9.98768124671449, 53.55793860771628], [9.987853372280973, 53.55783550775658], [9.988341070471956, 53.55779870509429], [9.98851772270878, 53.557900119273555], [9.988770945629007, 53.55791386753537], [9.989385386624805, 53.557652850045976], [9.989429618895281, 53.557503758239], [9.989298747244023, 53.5573583967658], [9.989589896247214, 53.55734234758773], [9.989791423271056, 53.557219147703044], [9.989800552269624, 53.557067845144616], [9.989646407331259, 53.556947438207594], [9.988613650346943, 53.55675758881294], [9.989415686838042, 53.55649998853954], [9.989552098407888, 53.55629851916437], [9.9893045459252, 53.555867282830874], [9.988986991043124, 53.55577175700747], [9.98864381940439, 53.555915223362526], [9.988719571468875, 53.5562157659079], [9.988316275428481, 53.55634284022237], [9.988184623603061, 53.55603832783425], [9.988391385929978, 53.55591118837534], [9.988615221964261, 53.555428686461724], [9.988258586042575, 53.555137167633475], [9.9878793659687, 53.55508828889283], [9.987480992458586, 53.55529174461307], [9.986941932487321, 53.555410600548896], [9.986947211825106, 53.55488305906345], [9.986775662623371, 53.55472116690902], [9.986259064127191, 53.55460366159033], [9.986034949684973, 53.554675161949], [9.98594015631536, 53.55480119439964], [9.985803128489254, 53.55479851498409], [9.984870068354484, 53.554595792951616], [9.98507088225111, 53.55428687680138], [9.986033678999215, 53.554348341253146], [9.986340214638977, 53.55417206513477], [9.986182273949547, 53.55394077965257], [9.985373043689378, 53.553794849876724], [9.985497284116827, 53.553503084991696], [9.98526840873558, 53.55331652577561], [9.985014565361872, 53.553308008584665], [9.98431680878009, 53.55351404607577], [9.984290269616533, 53.55370554091912], [9.984548132809197, 53.55384368968684], [9.984003249208824, 53.5547127335047], [9.983831395716201, 53.55472941703321], [9.982245863391713, 53.55436301938404], [9.982110294733033, 53.554164691769344], [9.981798690570502, 53.55411478973523], [9.981578385094188, 53.554190368568804], [9.981416323060976, 53.55436209127346], [9.98155704046069, 53.554564755829084], [9.98148228038544, 53.55537693461109], [9.98110947459578, 53.55532040529393], [9.980586852901085, 53.55508449836751]], [[9.984917052791376, 53.55764449681], [9.984273537746542, 53.5574952150539], [9.984353842302717, 53.55738711312025], [9.984893987817388, 53.55753295957622], [9.984917052791376, 53.55764449681]], [[9.984572410598888, 53.55691289678423], [9.984576754926293, 53.55684012912056], [9.985169179244942, 53.55690180198364], [9.985454345143685, 53.5567959950455], [9.986713600040671, 53.556767819894205], [9.986952162275202, 53.55732340554144], [9.98572332147941, 53.557260947481524], [9.984572410598888, 53.55691289678423]], [[9.983836675093862, 53.55645167609661], [9.9836571816181, 53.55630061861584], [9.983230366815505, 53.55615399196604], [9.982899424569535, 53.55615152641099], [9.98261933287052, 53.55626778780549], [9.98236428188052, 53.55612780768433], [9.982668459806602, 53.55606492660244], [9.982782476566399, 53.55586471839877], [9.983355780563883, 53.55587497811603], [9.983851699352055, 53.5561721809191], [9.983836675093862, 53.55645167609661]], [[9.984801265130212, 53.55537547030531], [9.984637332462732, 53.55521611864196], [9.98465457617218, 53.555026572369165], [9.985111226403848, 53.555102983168815], [9.985045960762028, 53.55544762454403], [9.984801265130212, 53.55537547030531]], [[9.983185921928328, 53.55717964252816], [9.983531258542582, 53.55726054028762], [9.983587702030308, 53.55730748075876], [9.983185921928328, 53.55717964252816]], [[9.98192151410075, 53.55665299816622], [9.982048671659408, 53.55656807686498], [9.982420599522408, 53.55675383039907], [9.982196540064386, 53.556786192947115], [9.98192151410075, 53.55665299816622]], [[9.982246596401984, 53.55521180091858], [9.982609271435898, 53.55520503565489], [9.982587156027302, 53.555411443768726], [9.98223594580028, 53.55540339515494], [9.982246596401984, 53.55521180091858]], [[9.980691852392875, 53.555986467244914], [9.98086439138793, 53.555973153310795], [9.981362878503946, 53.55635080374258], [9.980691852392875, 53.555986467244914]], [[9.983775829974302, 53.556722127255355], [9.983830472355255, 53.55664608083329], [9.983826369813631, 53.55673719579269], [9.983775829974302, 53.556722127255355]], [[9.985111348491237, 53.55633932932964], [9.984991971310055, 53.556256083840445], [9.986523319491234, 53.55622816105608], [9.98669793199354, 53.55611432734122], [9.986774633572686, 53.55586908145246], [9.987198133206597, 53.5559312808007], [9.987421565085567, 53.556059102050504], [9.987511082450581, 53.556298363906585], [9.985111348491237, 53.55633932932964]], [[9.987463485524277, 53.55739101370649], [9.98763757439258, 53.55718601813637], [9.988084301456231, 53.557113609161135], [9.988144831078234, 53.55736057428079], [9.987463485524277, 53.55739101370649]]]}, "properties": {"aed_id": "13831992505", "time_s": 240, "minutes": 4}}, {"type": "Feature", "geometry": {"type": "Polygon", "coordinates": [[[9.983716032458872, 53.556337152930936], [9.983333199300192, 53.556299524977135], [9.982743772739052, 53.556544007497074], [9.982535205001945, 53.55690821775744], [9.982719552605705, 53.557111518136566], [9.98315058206664, 53.55709215297603], [9.983598917941016, 53.557292382830006], [9.983185364617928, 53.55740944775186], [9.983044030128848, 53.557765503195235], [9.983199323580093, 53.55798070237983], [9.983682823679434, 53.5581286258924], [9.984205358248671, 53.55804201177411], [9.984657012523115, 53.55785073934295], [9.98463157876768, 53.557620195462334], [9.984273537746539, 53.5574952150539], [9.984353842302713, 53.55738711312025], [9.984893987817388, 53.55753295957622], [9.984950705218532, 53.55768354881513], [9.985188104895084, 53.55778150946658], [9.985785542526697, 53.55767688805247], [9.98595901946153, 53.55756619647185], [9.985856119156448, 53.55730559139209], [9.984565871654834, 53.55695090888408], [9.984576754926293, 53.55684012912056], [9.985169179244942, 53.55690180198364], [9.985454345143683, 53.5567959950455], [9.987062169965249, 53.556758935710825], [9.9872877780105, 53.55668910812822], [9.987387778871682, 53.55654990874487], [9.987316775269209, 53.55640453147956], [9.987070766471863, 53.556314423597236], [9.985121886938565, 53.55635370865127], [9.984928211859224, 53.55623430267124], [9.984604201404794, 53.55622811397291], [9.984763365897463, 53.555891556089584], [9.984994385848351, 53.5558092344795], [9.985074136559913, 53.55565373113319], [9.984724354759145, 53.5552640754644], [9.984437212708682, 53.5551768590897], [9.983781736497669, 53.55522128418109], [9.983348864538057, 53.55565601730582], [9.983376622399062, 53.55589921845467], [9.983851699352055, 53.5561721809191], [9.983838930645941, 53.55645743515948], [9.983716032458872, 53.556337152930936]], [[9.983826369813631, 53.55673719579269], [9.983818121756846, 53.55666519187611], [9.983830472355255, 53.55664608083329], [9.983826369813631, 53.55673719579269]]]}, "properties": {"aed_id": "13831992506", "time_s": 120, "minutes": 2}}, {"type": "Feature", "geometry": {"type": "Polygon", "coordinates": [[[9.980442396019805, 53.55511893673268], [9.980208187854535, 53.55521957268959], [9.980113377044205, 53.55542974971637], [9.980243804104122, 53.55562448013857], [9.980134786160024, 53.555851346998125], [9.980412618493858, 53.55600934714372], [9.980242330237397, 53.5561320209516], [9.98024654879072, 53.55628340045802], [9.980837000949906, 53.556673183868845], [9.980741150779084, 53.556819908650056], [9.98082404386866, 53.556963037554134], [9.981935738717588, 53.55752057315462], [9.981824124209938, 53.557853905445995], [9.981377448177216, 53.55786265040763], [9.981259387317058, 53.5581209671444], [9.981613723355876, 53.55855406786577], [9.982442602149137, 53.558563023272164], [9.981832056957714, 53.55939762529015], [9.981874708498701, 53.55969344766374], [9.982135026677046, 53.559829554686075], [9.982452718916749, 53.55981604638553], [9.982791744883762, 53.55961952536006], [9.983553560679253, 53.55859898707597], [9.98401845755307, 53.55913653733504], [9.984686602544027, 53.5593743095047], [9.985028792336225, 53.559316262149856], [9.985169084000548, 53.5591095202361], [9.985853630147604, 53.55917012115322], [9.986479609471601, 53.558965620358606], [9.986763135835284, 53.55843654569385], [9.987157350280906, 53.55838278201447], [9.987249335003746, 53.558139186839], [9.987015675711719, 53.558006657392966], [9.986135819978552, 53.55793453643531], [9.985732868045458, 53.55787024718827], [9.98566375476496, 53.557795803109215], [9.985898407797846, 53.55773397667816], [9.987070025932473, 53.55782372508151], [9.987401380143686, 53.5579664926954], [9.98768124671449, 53.55793860771628], [9.987853372280973, 53.55783550775658], [9.988341070471956, 53.55779870509429], [9.98851772270878, 53.557900119273555], [9.988770945629007, 53.55791386753537], [9.989324082633566, 53.557658315197905], [9.989298747244025, 53.55735839676582], [9.989589896247214, 53.55734234758773], [9.989791423271056, 53.557219147703044], [9.989800552269624, 53.557067845144616], [9.989646407331259, 53.556947438207594], [9.988613650346943, 53.55675758881294], [9.989415686838042, 53.55649998853954], [9.989552098407888, 53.55629851916437], [9.9893045459252, 53.555867282830874], [9.988986991043124, 53.55577175700747], [9.98864381940439, 53.555915223362526], [9.988719571468875, 53.5562157659079], [9.98831627542848, 53.55634284022237], [9.988184623603058, 53.55603832783425], [9.988391385929978, 53.55591118837534], [9.988615221964261, 53.555428686461724], [9.988258586042575, 53.555137167633475], [9.9878793659687, 53.55508828889283], [9.987480992458584, 53.55529174461307], [9.986941932487321, 53.5554106005489], [9.986947211825106, 53.55488305906345], [9.986775662623371, 53.55472116690902], [9.986259064127191, 53.55460366159033], [9.986034949684973, 53.554675161949], [9.98594015631536, 53.55480119439964], [9.98580312848925, 53.55479851498409], [9.984870068354482, 53.55459579295163], [9.98507088225111, 53.55428687680138], [9.985892103027188, 53.55434439547171], [9.986187311878917, 53.55416709200427], [9.986148926942665, 53.55401742706348], [9.98595688128512, 53.55388916999702], [9.985373043689378, 53.553794849876724], [9.985497284116827, 53.553503084991696], [9.98526840873558, 53.55331652577561], [9.985014565361872, 53.553308008584665], [9.98431680878009, 53.55351404607577], [9.984290269616533, 53.55370554091912], [9.984548132809195, 53.55384368968684], [9.984003249208824, 53.5547127335047], [9.983831395716201, 53.55472941703321], [9.982245863391713, 53.55436301938404], [9.982110294733033, 53.554164691769344], [9.981798690570502, 53.55411478973523], [9.981578385094188, 53.554190368568804], [9.981416323060976, 53.55436209127346], [9.98155704046069, 53.554564755829084], [9.981482280385444, 53.55537693461109], [9.980442396019805, 53.55511893673268]], [[9.984917052791376, 53.55764449681], [9.984273537746544, 53.5574952150539], [9.984353842302717, 53.55738711312025], [9.984893987817388, 53.55753295957622], [9.984917052791376, 53.55764449681]], [[9.984572410598888, 53.55691289678423], [9.984576754926293, 53.55684012912056], [9.985169179244942, 53.55690180198364], [9.985454345143685, 53.5567959950455], [9.986713600040671, 53.556767819894205], [9.986952162275202, 53.55732340554144], [9.98572332147941, 53.557260947481524], [9.984572410598888, 53.55691289678423]], [[9.983836675093862, 53.55645167609661], [9.9836571816181, 53.55630061861584], [9.983230366815505, 53.55615399196604], [9.982899424569535, 53.55615152641099], [9.98261933287052, 53.55626778780549], [9.982364281880516, 53.55612780768433], [9.982668459806602, 53.55606492660244], [9.982782476566399, 53.55586471839877], [9.983355780563883, 53.55587497811603], [9.983851699352055, 53.5561721809191], [9.983836675093862, 53.55645167609661]], [[9.984801265130212, 53.55537547030531], [9.984637332462732, 53.55521611864196], [9.98465457617218, 53.555026572369165], [9.985111226403848, 53.555102983168815], [9.985045960762028, 53.55544762454403], [9.984801265130212, 53.55537547030531]], [[9.983185921928328, 53.55717964252816], [9.98353125854258, 53.55726054028762], [9.983587702030308, 53.55730748075876], [9.983185921928328, 53.55717964252816]], [[9.981921514100758, 53.55665299816622], [9.982048671659408, 53.55656807686498], [9.982420599522404, 53.55675383039907], [9.982196540064386, 53.556786192947115], [9.981921514100758, 53.55665299816622]], [[9.982246596401984, 53.55521180091858], [9.982609271435898, 53.55520503565489], [9.9825871560273, 53.55541144376872], [9.98223594580028, 53.55540339515494], [9.982246596401984, 53.55521180091858]], [[9.98068537819855, 53.55598536735744], [9.980864391387936, 53.555973153310795], [9.981362878503944, 53.55635080374258], [9.98068537819855, 53.55598536735744]], [[9.9837758299743, 53.556722127255355], [9.983830472355255, 53.55664608083329], [9.983826369813631, 53.55673719579269], [9.9837758299743, 53.556722127255355]], [[9.985111348491237, 53.55633932932964], [9.984991971310055, 53.556256083840445], [9.986523319491234, 53.55622816105608], [9.98669793199354, 53.55611432734122], [9.986774633572686, 53.55586908145246], [9.987198133206597, 53.5559312808007], [9.987421565085567, 53.556059102050504], [9.987511082450581, 53.556298363906585], [9.985111348491237, 53.55633932932964]], [[9.987445352951092, 53.55739020083134], [9.98763757439258, 53.55718601813637], [9.988084301456231, 53.557113609161135], [9.988144831078234, 53.55736057428079], [9.987445352951092, 53.55739020083134]]]}, "properties": {"aed_id": "13831992506", "time_s": 240, "minutes": 4}}]}