{"type": "FeatureCollection", "features": [{"type": "Feature", "geometry": {"type": "Point", "coordinates": [10.0072392, 53.5492934]}, "properties": {"railway": "switch", "railway:local_operated": "no", "railway:switch": "double_slip", "railway:switch:electric": "yes", "railway:switch:resetting": "no", "ref": "224", "osm_id": 287926052, "osm_type": "node"}}, {"type": "Feature", "geometry": {"type": "Point", "coordinates": [10.0067591, 53.5506023]}, "properties": {"level": "-1", "railway": "signal", "railway:signal:direction": "forward", "railway:signal:position": "right", "railway:signal:stop": "DE-ESO:ne5", "railway:signal:stop:caption": "370 m", "railway:signal:stop:form": "sign", "railway:signal:stop:height": "normal", "osm_id": 287927785, "osm_type": "node"}}, {"type": "Feature", "geometry": {"type": "Point", "coordinates": [10.0071679, 53.549299]}, "properties": {"railway": "switch", "railway:local_operated": "no", "railway:switch": "double_slip", "railway:switch:electric": "yes", "railway:switch:resetting": "no", "ref": "225", "osm_id": 287927787, "osm_type": "node"}}, {"type": "Feature", "geometry": {"type": "Point", "coordinates": [10.0072931, 53.5521946]}, "properties": {"level": "-1", "railway": "signal", "railway:signal:direction": "forward", "railway:signal:main_repeated": "DE-ESO:fahrtanzeiger", "railway:signal:main_repeated:deactivated": "no", "railway:signal:main_repeated:form": "light", "railway:signal:position": "bridge", "ref": "O7", "osm_id": 315220206, "osm_type": "node"}}, {"type": "Feature", "geometry": {"type": "Point", "coordinates": [10.0070958, 53.5521637]}, "properties": {"level": "-1", "railway": "signal", "railway:signal:direction": "backward", "railway:signal:main_repeated": "DE-ESO:fahrtanzeiger", "railway:signal:main_repeated:deactivated": "no", "railway:signal:main_repeated:form": "light", "railway:signal:position": "bridge", "ref": "O8;S8", "osm_id": 315220227, "osm_type": "node"}}, {"type": "Feature", "geometry": {"type": "Point", "coordinates": [10.0070858, 53.5518287]}, "properties": {"level": "-1", "railway": "switch", "railway:local_operated": "no", "railway:switch": "default", "railway:switch:electric": "yes", "railway:switch:resetting": "no", "osm_id": 315220266, "osm_type": "node"}}, {"type": "Feature", "geometry": {"type": "Point", "coordinates": [10.0061414, 53.5520867]}, "properties": {"access": "yes", "door": "no", "entrance": "main", "level": "0", "ref": "B", "wheelchair": "yes", "osm_id": 315232081, "osm_type": "node"}}, {"type": "Feature", "geometry": {"type": "Point", "coordinates": [10.005473, 53.5518618]}, "properties": {"access": "yes", "door": "no", "entrance": "yes", "public_transport": "entrance", "ref": "B1;B2", "wheelchair": "yes", "osm_id": 315308710, "osm_type": "node"}}, {"type": "Feature", "geometry": {"type": "Point", "coordinates": [10.0051909, 53.5517457]}, "properties": {"amenity": "toilets", "changing_table": "yes", "check_date": "2023-07-10", "fee": "yes", "level": "-1", "toilets:wheelchair": "yes", "wheelchair": "yes", "osm_id": 341769514, "osm_type": "node"}}, {"type": "Feature", "geometry": {"type": "Point", "coordinates": [10.0052878, 53.5516263]}, "properties": {"amenity": "bicycle_rental", "bicycle_rental": "docking_station", "brand": "Stadtrad Hamburg", "brand:wikidata": "Q2326366", "brand:wikipedia": "de:StadtRAD Hamburg", "capacity": "16", "check_date": "2024-06-19", "level": "0", "name": "Mönckebergstraße / Steintorwall", "network": "stadtradhamburg", "network:wikidata": "Q2326366", "network:wikipedia": "de:StadtRAD Hamburg", "operator": "Deutsche Bahn Connect GmbH", "operator:type": "private", "operator:wikidata": "Q1152100", "operator:wikipedia": "de:Deutsche Bahn Connect", "ref": "23406", "website": "https://stadtrad.hamburg.de", "osm_id": 441097728, "osm_type": "node"}}, {"type": "Feature", "geometry": {"type": "Point", "coordinates": [10.0043105, 53.5520119]}, "properties": {"addr:city": "Hamburg", "addr:housenumber": "9", "addr:postcode": "20095", "addr:street": "Lange Mühren", "entrance": "yes", "osm_id": 539516811, "osm_type": "node"}}, {"type": "Feature", "geometry": {"type": "Point", "coordinates": [10.0068955, 53.5500549]}, "properties": {"railway": "switch", "railway:local_operated": "no", "railway:switch": "default", "railway:switch:electric": "yes", "railway:switch:heated": "yes", "railway:switch:resetting": "no", "ref": "229", "osm_id": 734893832, "osm_type": "node"}}, {"type": "Feature", "geometry": {"type": "Point", "coordinates": [10.007234, 53.5497198]}, "properties": {"railway": "switch", "railway:local_operated": "no", "railway:switch:electric": "yes", "railway:switch:heated": "yes", "railway:switch:resetting": "no", "ref": "223", "osm_id": 734893860, "osm_type": "node"}}, {"type": "Feature", "geometry": {"type": "Point", "coordinates": [10.0070761, 53.5496587]}, "properties": {"railway": "switch", "railway:local_operated": "no", "railway:switch": "single_slip", "railway:switch:electric": "yes", "railway:switch:heated": "yes", "railway:switch:movable_frog": "no", "railway:switch:resetting": "no", "ref": "228", "osm_id": 734894648, "osm_type": "node"}}, {"type": "Feature", "geometry": {"type": "Point", "coordinates": [10.0071264, 53.5497741]}, "properties": {"railway": "switch", "railway:local_operated": "no", "railway:radius": "190", "railway:switch": "default", "railway:switch:electric": "yes", "railway:switch:heated": "yes", "railway:switch:resetting": "no", "ref": "227", "osm_id": 734894708, "osm_type": "node"}}, {"type": "Feature", "geometry": {"type": "Point", "coordinates": [10.0073414, 53.5511865]}, "properties": {"level": "-1", "railway": "switch", "railway:local_operated": "no", "railway:switch": "default", "railway:switch:electric": "yes", "railway:switch:heated": "yes", "railway:switch:resetting": "no", "ref": "236", "osm_id": 734903212, "osm_type": "node"}}, {"type": "Feature", "geometry": {"type": "Point", "coordinates": [10.0072784, 53.5502949]}, "properties": {"level": "-1", "railway": "switch", "railway:local_operated": "no", "railway:switch": "double_slip", "railway:switch:electric": "yes", "railway:switch:resetting": "no", "ref": "231", "osm_id": 734903990, "osm_type": "node"}}, {"type": "Feature", "geometry": {"type": "Point", "coordinates": [10.0071839, 53.5503273]}, "properties": {"level": "-1", "railway": "switch", "railway:local_operated": "no", "railway:switch": "default", "railway:switch:electric": "yes", "railway:switch:resetting": "no", "ref": "232", "osm_id": 734904214, "osm_type": "node"}}, {"type": "Feature", "geometry": {"type": "Point", "coordinates": [10.0073158, 53.5506903]}, "properties": {"level": "-1", "railway": "railway_crossing", "osm_id": 734941441, "osm_type": "node"}}, {"type": "Feature", "geometry": {"type": "Point", "coordinates": [10.0072975, 53.551423]}, "properties": {"level": "-1", "railway": "switch", "railway:local_operated": "no", "railway:switch": "default", "railway:switch:electric": "yes", "railway:switch:heated": "yes", "railway:switch:resetting": "no", "ref": "237", "osm_id": 734944430, "osm_type": "node"}}, {"type": "Feature", "geometry": {"type": "Point", "coordinates": [10.0072351, 53.5518692]}, "properties": {"level": "-1", "railway": "switch", "railway:local_operated": "no", "railway:switch": "wye", "railway:switch:electric": "yes", "railway:switch:resetting": "no", "ref": "238", "osm_id": 734944431, "osm_type": "node"}}, {"type": "Feature", "geometry": {"type": "Point", "coordinates": [10.0071696, 53.5518524]}, "properties": {"level": "-1", "railway": "switch", "railway:local_operated": "no", "railway:switch:electric": "yes", "railway:switch:resetting": "no", "ref": "239", "osm_id": 734944436, "osm_type": "node"}}, {"type": "Feature", "geometry": {"type": "Point", "coordinates": [10.0019006, 53.5512869]}, "properties": {"name": "Mönckebergstraße", "network": "HVV", "public_transport": "stop_position", "railway": "stop", "ref": "2", "subway": "yes", "osm_id": 1458121995, "osm_type": "node"}}, {"type": "Feature", "geometry": {"type": "Point", "coordinates": [10.0052763, 53.5518407]}, "properties": {"door": "yes", "entrance": "yes", "indoor": "door", "level": "0", "osm_id": 1553556215, "osm_type": "node"}}, {"type": "Feature", "geometry": {"type": "Point", "coordinates": [10.0069627, 53.5522936]}, "properties": {"level": "-1", "railway": "switch", "railway:local_operated": "no", "railway:switch": "default", "railway:switch:electric": "yes", "railway:switch:resetting": "no", "ref": "240", "osm_id": 1677782601, "osm_type": "node"}}, {"type": "Feature", "geometry": {"type": "Point", "coordinates": [10.0050495, 53.5518864]}, "properties": {"entrance": "yes", "layer": "-1", "level": "0", "osm_id": 2264152042, "osm_type": "node"}}, {"type": "Feature", "geometry": {"type": "Point", "coordinates": [10.0066804, 53.5521218]}, "properties": {"amenity": "atm", "brand": "Reisebank", "brand:wikidata": "Q1421107", "brand:wikipedia": "de:Reisebank", "cash_in": "no", "check_date": "2024-08-21", "level": "0", "opening_hours": "24/7", "operator": "Reisebank", "operator:wikidata": "Q1421107", "operator:wikipedia": "de:Reisebank", "osm_id": 2290051258, "osm_type": "node"}}, {"type": "Feature", "geometry": {"type": "Point", "coordinates": [10.0028144, 53.5519014]}, "properties": {"entrance": "yes", "osm_id": 2295536773, "osm_type": "node"}}, {"type": "Feature", "geometry": {"type": "Point", "coordinates": [10.0071806, 53.5504744]}, "properties": {"level": "-1", "railway": "milestone", "railway:milestone:catenary_mast": "yes", "railway:position": "355.0", "osm_id": 2703781402, "osm_type": "node"}}, {"type": "Feature", "geometry": {"type": "Point", "coordinates": [10.007266, 53.5516715]}, "properties": {"description": "Passive Kreuzung", "level": "-1", "railway": "railway_crossing", "osm_id": 2703781406, "osm_type": "node"}}, {"type": "Feature", "geometry": {"type": "Point", "coordinates": [10.0067988, 53.5504398]}, "properties": {"level": "-1", "railway": "milestone", "railway:position": "355.0", "osm_id": 2713160362, "osm_type": "node"}}, {"type": "Feature", "geometry": {"type": "Point", "coordinates": [10.006924, 53.5504497]}, "properties": {"level": "-1", "railway": "milestone", "railway:position": "355.0", "osm_id": 2713160366, "osm_type": "node"}}, {"type": "Feature", "geometry": {"type": "Point", "coordinates": [10.006782, 53.5505132]}, "properties": {"level": "-1", "railway": "signal", "railway:signal:direction": "forward", "railway:signal:main": "DE-ESO:hp", "railway:signal:main:deactivated": "no", "railway:signal:main:form": "light", "railway:signal:main:function": "intermediate", "railway:signal:main:height": "normal", "railway:signal:main:states": "DE-ESO:hp0;DE-ESO:kennlicht", "railway:signal:main:substitute_signal": "DE-ESO:db:zs1", "railway:signal:minor": "DE-ESO:sh1", "railway:signal:minor:form": "light", "railway:signal:position": "right", "railway:signal:traversable": "DE-ESO:mastschild_rot-weiss", "railway:signal:traversable:type": "dictated_default_speed;written_default_speed", "ref": "R14", "osm_id": 2713160370, "osm_type": "node"}}, {"type": "Feature", "geometry": {"type": "Point", "coordinates": [10.0041603, 53.5526006]}, "properties": {"addr:city": "Hamburg", "addr:housenumber": "2-4", "addr:postcode": "20095", "addr:street": "Kurze Mühren", "entrance": "yes", "osm_id": 2901604505, "osm_type": "node"}}, {"type": "Feature", "geometry": {"type": "Point", "coordinates": [10.0036644, 53.5526836]}, "properties": {"addr:city": "Hamburg", "addr:housenumber": "1", "addr:postcode": "20095", "addr:street": "Kurze Mühren", "entrance": "main", "osm_id": 2901706584, "osm_type": "node"}}, {"type": "Feature", "geometry": {"type": "Point", "coordinates": [10.0040222, 53.5516901]}, "properties": {"entrance": "yes", "osm_id": 2901706595, "osm_type": "node"}}, {"type": "Feature", "geometry": {"type": "Point", "coordinates": [10.0037045, 53.5522034]}, "properties": {"entrance": "yes", "osm_id": 2901706706, "osm_type": "node"}}, {"type": "Feature", "geometry": {"type": "Point", "coordinates": [10.0070007, 53.5519949]}, "properties": {"level": "-1", "railway": "signal", "railway:signal:direction": "backward", "railway:signal:main": "DE-ESO:hp", "railway:signal:main:deactivated": "no", "railway:signal:main:form": "light", "railway:signal:main:function": "intermediate", "railway:signal:main:height": "normal", "railway:signal:main:states": "DE-ESO:hp0;DE-ESO:hp1;DE-ESO:hp2;DE-ESO:kennlicht", "railway:signal:minor": "DE-ESO:sh1", "railway:signal:minor:form": "light", "railway:signal:position": "left", "ref": "R10", "osm_id": 3057628916, "osm_type": "node"}}, {"type": "Feature", "geometry": {"type": "Point", "coordinates": [10.0070197, 53.5521582]}, "properties": {"level": "-1", "note": "Position geschätzt; kann dieses Signal wirklich hp1 (\"Fahrt\") zeigen?", "railway": "signal", "railway:signal:direction": "backward", "railway:signal:distant": "DE-ESO:vr", "railway:signal:distant:deactivated": "no", "railway:signal:distant:form": "light", "railway:signal:distant:height": "normal", "railway:signal:distant:repeated": "no", "railway:signal:distant:shortened": "yes", "railway:signal:distant:states": "DE-ESO:vr0;DE-ESO:vr1;DE-ESO:vr2;DE-ESO:kennlicht;off", "railway:signal:main": "DE-ESO:hp", "railway:signal:main:deactivated": "no", "railway:signal:main:form": "light", "railway:signal:main:function": "intermediate", "railway:signal:main:height": "normal", "railway:signal:main:states": "DE-ESO:hp0;DE-ESO:hp1;DE-ESO:hp2;DE-ESO:kennlicht", "railway:signal:minor": "DE-ESO:sh1", "railway:signal:minor:form": "light", "railway:signal:position": "left", "ref": "S9", "osm_id": 3057628917, "osm_type": "node"}}, {"type": "Feature", "geometry": {"type": "Point", "coordinates": [10.0072269, 53.5497741]}, "properties": {"layer": "1", "railway": "signal", "railway:signal:brake_test": "DE-ESO:zp", "railway:signal:brake_test:deactivated": "no", "railway:signal:brake_test:form": "light", "railway:signal:brake_test:states": "DE-ESO:db:zp6;DE-ESO:db:zp7;DE-ESO:db:zp8", "railway:signal:direction": "both", "railway:signal:position": "bridge", "osm_id": 3081529884, "osm_type": "node"}}, {"type": "Feature", "geometry": {"type": "Point", "coordinates": [10.0071245, 53.5497845]}, "properties": {"railway": "signal", "railway:signal:brake_test": "DE-ESO:zp", "railway:signal:brake_test:deactivated": "no", "railway:signal:brake_test:form": "light", "railway:signal:brake_test:states": "DE-ESO:db:zp6;DE-ESO:db:zp7;DE-ESO:db:zp8", "railway:signal:direction": "both", "railway:signal:position": "left", "osm_id": 3081529885, "osm_type": "node"}}, {"type": "Feature", "geometry": {"type": "Point", "coordinates": [10.0071126, 53.5498487]}, "properties": {"railway": "signal", "railway:signal:direction": "forward", "railway:signal:position": "right", "railway:signal:route": "DE-ESO:zs2", "railway:signal:route:deactivated": "no", "railway:signal:route:form": "light", "railway:signal:route:states": "P", "osm_id": 3081529888, "osm_type": "node"}}, {"type": "Feature", "geometry": {"type": "Point", "coordinates": [10.0071094, 53.549866]}, "properties": {"railway": "signal", "railway:signal:direction": "backward", "railway:signal:distant": "DE-ESO:vr", "railway:signal:distant:deactivated": "no", "railway:signal:distant:form": "light", "railway:signal:distant:height": "normal", "railway:signal:distant:repeated": "no", "railway:signal:distant:shortened": "yes", "railway:signal:distant:states": "DE-ESO:vr0;DE-ESO:vr1;DE-ESO:vr2", "railway:signal:main": "DE-ESO:hp", "railway:signal:main:deactivated": "no", "railway:signal:main:form": "light", "railway:signal:main:function": "exit", "railway:signal:main:height": "normal", "railway:signal:main:states": "DE-ESO:hp0;DE-ESO:hp2", "railway:signal:main:substitute_signal": "DE-ESO:db:zs1", "railway:signal:minor": "DE-ESO:sh1", "railway:signal:minor:form": "light", "railway:signal:position": "left", "railway:signal:traversable": "DE-ESO:mastschild_rot-weiss", "railway:signal:traversable:type": "dictated_default_speed;written_default_speed", "ref": "S12", "osm_id": 3081529889, "osm_type": "node"}}, {"type": "Feature", "geometry": {"type": "Point", "coordinates": [10.0068923, 53.5500681]}, "properties": {"level": "-1", "railway": "signal", "railway:signal:direction": "backward", "railway:signal:position": "left", "railway:signal:speed_limit": "DE-ESO:zs3", "railway:signal:speed_limit:deactivated": "no", "railway:signal:speed_limit:form": "light", "railway:signal:speed_limit:height": "normal", "railway:signal:speed_limit:speed": "20;30", "osm_id": 3081529890, "osm_type": "node"}}, {"type": "Feature", "geometry": {"type": "Point", "coordinates": [10.0027969, 53.5518327]}, "properties": {"amenity": "fast_food", "brand": "McDonald's", "brand:wikidata": "Q38076", "cuisine": "burger", "level": "0;1", "name": "McDonald's", "takeaway": "yes", "wheelchair": "yes", "osm_id": 3104007329, "osm_type": "node"}}, {"type": "Feature", "geometry": {"type": "Point", "coordinates": [10.0070019, 53.5505376]}, "properties": {"fixme": "Position", "level": "-1", "railway": "signal", "railway:signal:direction": "forward", "railway:signal:main": "DE-ESO:hp", "railway:signal:main:deactivated": "no", "railway:signal:main:form": "light", "railway:signal:main:function": "intermediate", "railway:signal:main:height": "normal", "railway:signal:main:states": "DE-ESO:hp0;DE-ESO:kennlicht", "railway:signal:main:substitute_signal": "DE-ESO:db:zs1", "railway:signal:minor": "DE-ESO:sh1", "railway:signal:minor:form": "light", "railway:signal:position": "right", "railway:signal:traversable": "DE-ESO:mastschild_rot-weiss", "railway:signal:traversable:type": "dictated_default_speed;written_default_speed", "ref": "R12", "osm_id": 3118521611, "osm_type": "node"}}, {"type": "Feature", "geometry": {"type": "Point", "coordinates": [10.0071706, 53.5520089]}, "properties": {"level": "-1", "note": "Position geschätzt; steht hier tatsächlich \"S8\"; kann dieses Signal wirklich hp1 (\"Fahrt\") zeigen?", "railway": "signal", "railway:signal:direction": "backward", "railway:signal:distant": "DE-ESO:vr", "railway:signal:distant:deactivated": "no", "railway:signal:distant:form": "light", "railway:signal:distant:height": "normal", "railway:signal:distant:repeated": "no", "railway:signal:distant:shortened": "yes", "railway:signal:distant:states": "DE-ESO:vr0;DE-ESO:vr1;DE-ESO:vr2;DE-ESO:kennlicht", "railway:signal:main": "DE-ESO:hp", "railway:signal:main:deactivated": "no", "railway:signal:main:form": "light", "railway:signal:main:function": "intermediate", "railway:signal:main:height": "normal", "railway:signal:main:states": "DE-ESO:hp0;DE-ESO:hp1;DE-ESO:hp2;DE-ESO:kennlicht", "railway:signal:minor": "DE-ESO:sh1", "railway:signal:minor:form": "light", "railway:signal:position": "right", "ref": "S8", "osm_id": 3118563179, "osm_type": "node"}}, {"type": "Feature", "geometry": {"type": "Point", "coordinates": [10.006333, 53.5520756]}, "properties": {"level": "-1", "railway": "signal", "railway:signal:direction": "forward", "railway:signal:main_repeated": "DE-ESO:fahrtanzeiger", "railway:signal:main_repeated:deactivated": "no", "railway:signal:main_repeated:form": "light", "railway:signal:position": "bridge", "ref": "R14", "osm_id": 3140188615, "osm_type": "node"}}, {"type": "Feature", "geometry": {"type": "Point", "coordinates": [10.0064925, 53.5520993]}, "properties": {"level": "-1", "railway": "signal", "railway:signal:direction": "forward", "railway:signal:main_repeated": "DE-ESO:fahrtanzeiger", "railway:signal:main_repeated:deactivated": "no", "railway:signal:main_repeated:form": "light", "railway:signal:position": "bridge", "ref": "R13", "osm_id": 3140188616, "osm_type": "node"}}, {"type": "Feature", "geometry": {"type": "Point", "coordinates": [10.0066109, 53.5521146]}, "properties": {"level": "-1", "railway": "signal", "railway:signal:direction": "backward", "railway:signal:main_repeated": "DE-ESO:fahrtanzeiger", "railway:signal:main_repeated:deactivated": "no", "railway:signal:main_repeated:form": "light", "railway:signal:position": "bridge", "ref": "R12", "osm_id": 3140188617, "osm_type": "node"}}, {"type": "Feature", "geometry": {"type": "Point", "coordinates": [10.0068213, 53.5521335]}, "properties": {"layer": "1", "level": "-1", "railway": "signal", "railway:signal:direction": "forward", "railway:signal:main_repeated": "DE-ESO:fahrtanzeiger", "railway:signal:main_repeated:deactivated": "no", "railway:signal:main_repeated:form": "light", "railway:signal:position": "bridge", "ref": "R11", "osm_id": 3140188618, "osm_type": "node"}}, {"type": "Feature", "geometry": {"type": "Point", "coordinates": [10.0069237, 53.5521487]}, "properties": {"level": "-1", "railway": "signal", "railway:signal:direction": "backward", "railway:signal:main_repeated": "DE-ESO:fahrtanzeiger", "railway:signal:main_repeated:deactivated": "no", "railway:signal:main_repeated:form": "light", "railway:signal:position": "bridge", "ref": "R10", "osm_id": 3140188619, "osm_type": "node"}}, {"type": "Feature", "geometry": {"type": "Point", "coordinates": [10.0068202, 53.5523658]}, "properties": {"level": "-1", "railway": "signal", "railway:signal:direction": "forward", "railway:signal:minor": "DE-ESO:sh", "railway:signal:minor:deactivated": "no", "railway:signal:minor:form": "light", "railway:signal:minor:height": "normal", "railway:signal:minor:states": "DE-ESO:hp0;DE-ESO:sh1;DE-ESO:kennlicht", "railway:signal:position": "right", "ref": "210 I", "osm_id": 3140188623, "osm_type": "node"}}, {"type": "Feature", "geometry": {"type": "Point", "coordinates": [10.0060658, 53.5525355]}, "properties": {"emergency": "fire_hydrant", "fire_hydrant:diameter": "100", "fire_hydrant:type": "underground", "level": "-1", "osm_id": 3140188625, "osm_type": "node"}}, {"type": "Feature", "geometry": {"type": "Point", "coordinates": [10.007229, 53.5525843]}, "properties": {"level": "-1", "railway": "signal", "railway:signal:direction": "forward", "railway:signal:minor": "DE-ESO:sh", "railway:signal:minor:deactivated": "no", "railway:signal:minor:form": "light", "railway:signal:minor:height": "dwarf", "railway:signal:minor:states": "DE-ESO:hp0;DE-ESO:kennlicht", "railway:signal:position": "right", "ref": "206 I", "osm_id": 3140188627, "osm_type": "node"}}, {"type": "Feature", "geometry": {"type": "Point", "coordinates": [10.0072195, 53.5526065]}, "properties": {"level": "-1", "railway": "signal", "railway:signal:direction": "backward", "railway:signal:minor": "DE-ESO:sh", "railway:signal:minor:deactivated": "no", "railway:signal:minor:form": "light", "railway:signal:minor:height": "dwarf", "railway:signal:minor:states": "DE-ESO:hp0;DE-ESO:kennlicht", "railway:signal:position": "left", "ref": "306 II", "osm_id": 3140188628, "osm_type": "node"}}, {"type": "Feature", "geometry": {"type": "Point", "coordinates": [10.0029936, 53.5515904]}, "properties": {"entrance": "yes", "osm_id": 3381349393, "osm_type": "node"}}, {"type": "Feature", "geometry": {"type": "Point", "coordinates": [10.0063003, 53.5521495]}, "properties": {"level": "-1", "local_ref": "14", "name": "Hamburg Hauptbahnhof", "public_transport": "stop_position", "railway": "stop", "train": "yes", "osm_id": 3530748938, "osm_type": "node"}}, {"type": "Feature", "geometry": {"type": "Point", "coordinates": [10.0067919, 53.5511274]}, "properties": {"level": "-1", "local_ref": "13A-C", "name": "Hamburg Hauptbahnhof", "public_transport": "stop_position", "railway": "stop", "train": "yes", "osm_id": 3595451434, "osm_type": "node"}}, {"type": "Feature", "geometry": {"type": "Point", "coordinates": [10.0028407, 53.5512043]}, "properties": {"amenity": "cafe", "check_date": "2025-04-13", "diet:vegan": "no", "diet:vegetarian": "yes", "level": "0;1", "name": "Roncalli Grand Cafe", "opening_date": "Nov 2015", "opening_hours": "Mo-Sa 09:30-19:00; Su 10:00-18:00", "website": "https://grand-cafe-roncalli.hamburg/", "wheelchair": "limited", "osm_id": 3697640374, "osm_type": "node"}}, {"type": "Feature", "geometry": {"type": "Point", "coordinates": [10.0064619, 53.5521682]}, "properties": {"level": "-1", "local_ref": "13", "name": "Hamburg Hauptbahnhof", "public_transport": "stop_position", "railway": "stop", "train": "yes", "osm_id": 3749913074, "osm_type": "node"}}, {"type": "Feature", "geometry": {"type": "Point", "coordinates": [10.0067252, 53.551833]}, "properties": {"level": "-1", "local_ref": "12", "name": "Hamburg Hauptbahnhof", "public_transport": "stop_position", "railway": "stop", "train": "yes", "osm_id": 3782190380, "osm_type": "node"}}, {"type": "Feature", "geometry": {"type": "Point", "coordinates": [10.0069453, 53.5518596]}, "properties": {"level": "-1", "local_ref": "11", "name": "Hamburg Hauptbahnhof", "public_transport": "stop_position", "railway": "stop", "train": "yes", "osm_id": 3782190381, "osm_type": "node"}}, {"type": "Feature", "geometry": {"type": "Point", "coordinates": [10.007194, 53.5501289]}, "properties": {"railway": "signal", "railway:signal:direction": "forward", "railway:signal:position": "right", "railway:signal:stop": "DE-ESO:ne5", "railway:signal:stop:form": "sign", "railway:signal:stop:height": "normal", "osm_id": 3934181871, "osm_type": "node"}}, {"type": "Feature", "geometry": {"type": "Point", "coordinates": [10.0071561, 53.550728]}, "properties": {"level": "-1", "railway": "signal", "railway:signal:direction": "forward", "railway:signal:main": "DE-ESO:hp", "railway:signal:main:form": "light", "railway:signal:main:function": "intermediate", "railway:signal:main:height": "normal", "railway:signal:main:states": "DE-ESO:hp0;DE-ESO:kennlicht;?", "railway:signal:main:substitute_signal": "DE-ESO:db:zs1", "railway:signal:minor": "DE-ESO:sh1", "railway:signal:minor:form": "light", "railway:signal:position": "right", "railway:signal:traversable": "DE-ESO:mastschild_rot-weiss", "railway:signal:traversable:type": "dictated_default_speed;written_default_speed", "ref": "R11", "osm_id": 3934181873, "osm_type": "node"}}, {"type": "Feature", "geometry": {"type": "Point", "coordinates": [10.0069521, 53.5508644]}, "properties": {"level": "-1", "local_ref": "12A-B", "name": "Hamburg Hauptbahnhof", "public_transport": "stop_position", "railway": "stop", "train": "yes", "osm_id": 3934362090, "osm_type": "node"}}, {"type": "Feature", "geometry": {"type": "Point", "coordinates": [10.00714, 53.5508704]}, "properties": {"level": "-1", "local_ref": "11A-C", "name": "Hamburg Hauptbahnhof", "public_transport": "stop_position", "railway": "stop", "train": "yes", "osm_id": 3934362091, "osm_type": "node"}}, {"type": "Feature", "geometry": {"type": "Point", "coordinates": [10.0066262, 53.5511184]}, "properties": {"level": "-1", "local_ref": "14A-C", "name": "Hamburg Hauptbahnhof", "public_transport": "stop_position", "railway": "stop", "train": "yes", "osm_id": 3934362092, "osm_type": "node"}}, {"type": "Feature", "geometry": {"type": "Point", "coordinates": [10.0072738, 53.5524798]}, "properties": {"level": "-1", "local_ref": "6", "name": "Hamburg Hauptbahnhof", "public_transport": "stop_position", "railway": "stop", "train": "yes", "osm_id": 3934362094, "osm_type": "node"}}, {"type": "Feature", "geometry": {"type": "Point", "coordinates": [10.0027344, 53.551189]}, "properties": {"brand": "Guess", "brand:wikidata": "Q2470307", "level": "0", "name": "Guess", "opening_hours": "Mo-Sa 10:00-19:00", "shop": "clothes", "osm_id": 3960338078, "osm_type": "node"}}, {"type": "Feature", "geometry": {"type": "Point", "coordinates": [10.0069804, 53.550106]}, "properties": {"level": "-1", "railway": "signal", "railway:signal:brake_test": "DE-ESO:zp", "railway:signal:brake_test:form": "light", "railway:signal:brake_test:states": "DE-ESO:db:zp6;DE-ESO:db:zp7;DE-ESO:db:zp8", "railway:signal:departure": "DE-ESO:zp", "railway:signal:departure:form": "light", "railway:signal:departure:states": "DE-ESO:zp9", "railway:signal:direction": "forward", "railway:signal:distant": "DE-ESO:vr", "railway:signal:distant:form": "light", "railway:signal:distant:height": "normal", "railway:signal:distant:repeated": "no", "railway:signal:distant:shortened": "yes", "railway:signal:distant:states": "DE-ESO:vr0;DE-ESO:vr1;off", "railway:signal:main": "DE-ESO:hp", "railway:signal:main:form": "light", "railway:signal:main:function": "exit", "railway:signal:main:height": "dwarf", "railway:signal:main:states": "DE-ESO:hp0;DE-ESO:hp2", "railway:signal:main:substitute_signal": "DE-ESO:db:zs1", "railway:signal:minor": "DE-ESO:sh1", "railway:signal:minor:form": "light", "railway:signal:position": "right", "railway:signal:traversable": "DE-ESO:mastschild_rot-weiss", "railway:signal:traversable:type": "dictated_default_speed;written_default_speed", "ref": "S13", "osm_id": 4005899783, "osm_type": "node"}}, {"type": "Feature", "geometry": {"type": "Point", "coordinates": [10.0071948, 53.5501179]}, "properties": {"railway": "signal", "railway:signal:direction": "forward", "railway:signal:distant": "DE-ESO:vr", "railway:signal:distant:form": "light", "railway:signal:distant:height": "normal", "railway:signal:distant:repeated": "no", "railway:signal:distant:shortened": "yes", "railway:signal:distant:states": "DE-ESO:vr0;DE-ESO:vr1;DE-ESO:vr2;off", "railway:signal:main": "DE-ESO:hp", "railway:signal:main:form": "light", "railway:signal:main:function": "exit", "railway:signal:main:height": "normal", "railway:signal:main:states": "DE-ESO:hp0;DE-ESO:hp2;?", "railway:signal:main:substitute_signal": "DE-ESO:db:zs1", "railway:signal:minor": "DE-ESO:sh1", "railway:signal:minor:form": "light", "railway:signal:position": "right", "railway:signal:traversable": "DE-ESO:mastschild_rot-weiss", "railway:signal:traversable:type": "dictated_default_speed;written_default_speed", "ref": "S11", "osm_id": 4005899784, "osm_type": "node"}}, {"type": "Feature", "geometry": {"type": "Point", "coordinates": [10.007157, 53.5496412]}, "properties": {"railway": "signal", "railway:signal:direction": "forward", "railway:signal:position": "right", "railway:signal:speed_limit": "DE-ESO:zs3", "railway:signal:speed_limit:form": "light", "railway:signal:speed_limit:height": "normal", "railway:signal:speed_limit:speed": "20;30;?", "osm_id": 4081668817, "osm_type": "node"}}, {"type": "Feature", "geometry": {"type": "Point", "coordinates": [10.0071476, 53.5511374]}, "properties": {"emergency": "fire_hydrant", "fire_hydrant:diameter": "100", "fire_hydrant:position": "sidewalk", "fire_hydrant:type": "underground", "level": "-1", "osm_id": 4081668818, "osm_type": "node"}}, {"type": "Feature", "geometry": {"type": "Point", "coordinates": [10.0073445, 53.5511659]}, "properties": {"level": "-1", "railway": "signal", "railway:signal:direction": "backward", "railway:signal:position": "left", "railway:signal:route": "DE-ESO:zs2", "railway:signal:route:form": "light", "osm_id": 4081668819, "osm_type": "node"}}, {"type": "Feature", "geometry": {"type": "Point", "coordinates": [10.0071789, 53.5512903]}, "properties": {"level": "-1", "railway": "signal", "railway:signal:direction": "forward", "railway:signal:minor": "DE-ESO:sh", "railway:signal:minor:form": "light", "railway:signal:minor:height": "normal", "railway:signal:minor:states": "DE-ESO:hp0;DE-ESO:sh1", "railway:signal:position": "right", "ref": "110 I", "osm_id": 4081668820, "osm_type": "node"}}, {"type": "Feature", "geometry": {"type": "Point", "coordinates": [10.0053139, 53.5518395]}, "properties": {"door": "yes", "entrance": "yes", "indoor": "door", "layer": "-1", "level": "-1", "osm_id": 4107516491, "osm_type": "node"}}, {"type": "Feature", "geometry": {"type": "Point", "coordinates": [10.0071357, 53.5525687]}, "properties": {"level": "-1", "note": "iB seit 10/2017", "railway": "signal", "railway:signal:direction": "backward", "railway:signal:distant": "DE-ESO:vr", "railway:signal:distant:deactivated": "no", "railway:signal:distant:form": "light", "railway:signal:distant:height": "normal", "railway:signal:distant:repeated": "no", "railway:signal:distant:shortened": "yes", "railway:signal:distant:states": "DE-ESO:vr0;DE-ESO:vr2;?", "railway:signal:main": "DE-ESO:hp", "railway:signal:main:deactivated": "no", "railway:signal:main:form": "light", "railway:signal:main:function": "intermediate", "railway:signal:main:height": "normal", "railway:signal:main:states": "DE-ESO:hp0;DE-ESO:hp2", "railway:signal:main:substitute_signal": "DE-ESO:db:zs1", "railway:signal:minor": "DE-ESO:sh1", "railway:signal:minor:form": "light", "railway:signal:position": "left", "ref": "R7", "start_date": "2016", "osm_id": 4377906684, "osm_type": "node"}}, {"type": "Feature", "geometry": {"type": "Point", "coordinates": [10.0072673, 53.550441]}, "properties": {"level": "-1", "railway": "signal", "railway:signal:direction": "backward", "railway:signal:position": "left", "railway:signal:route": "DE-ESO:zs2", "railway:signal:route:form": "light", "railway:signal:route:states": "H;P;?", "osm_id": 5486723764, "osm_type": "node"}}, {"type": "Feature", "geometry": {"type": "Point", "coordinates": [10.0072561, 53.5505786]}, "properties": {"level": "-1", "railway": "signal", "railway:signal:brake_test": "DE-ESO:zp", "railway:signal:brake_test:form": "light", "railway:signal:brake_test:states": "DE-ESO:db:zp6;DE-ESO:db:zp7;DE-ESO:db:zp8", "railway:signal:departure": "DE-ESO:zp", "railway:signal:departure:form": "light", "railway:signal:departure:states": "DE-ESO:zp9;DE-ESO:zp10", "railway:signal:direction": "backward", "railway:signal:position": "left", "osm_id": 5486723765, "osm_type": "node"}}, {"type": "Feature", "geometry": {"type": "Point", "coordinates": [10.0072492, 53.550658]}, "properties": {"level": "-1", "railway": "signal", "railway:signal:direction": "backward", "railway:signal:distant": "DE-ESO:vr", "railway:signal:distant:form": "light", "railway:signal:distant:height": "normal", "railway:signal:distant:repeated": "no", "railway:signal:distant:shortened": "yes", "railway:signal:distant:states": "DE-ESO:vr0;DE-ESO:vr1;DE-ESO:vr2;off", "railway:signal:main": "DE-ESO:hp", "railway:signal:main:form": "light", "railway:signal:main:function": "exit", "railway:signal:main:height": "normal", "railway:signal:main:states": "DE-ESO:hp0;DE-ESO:hp2", "railway:signal:main:substitute_signal": "DE-ESO:db:zs1", "railway:signal:minor": "DE-ESO:sh1", "railway:signal:minor:form": "light", "railway:signal:position": "left", "railway:signal:traversable": "DE-ESO:mastschild_rot-weiss", "railway:signal:traversable:type": "dictated_default_speed;written_default_speed", "ref": "S10", "osm_id": 5486723766, "osm_type": "node"}}, {"type": "Feature", "geometry": {"type": "Point", "coordinates": [10.0061343, 53.5526562]}, "properties": {"emergency": "fire_hydrant", "level": "-1", "osm_id": 5595240757, "osm_type": "node"}}, {"type": "Feature", "geometry": {"type": "Point", "coordinates": [10.0053152, 53.5518573]}, "properties": {"amenity": "atm", "brand": "Volksbank", "cash_in": "no", "check_date": "2023-07-10", "indoor": "yes", "layer": "-1", "level": "-1", "opening_hours": "24/7", "operator": "Hamburger Volksbank eG", "osm_id": 5624384607, "osm_type": "node"}}, {"type": "Feature", "geometry": {"type": "Point", "coordinates": [10.0069607, 53.5521845]}, "properties": {"board_type": "notice", "check_date": "2024-01-01", "description": "Abfahrttafel DB Regio-/Fernzüge", "information": "board", "level": "0", "passenger_information_display": "yes", "tourism": "information", "osm_id": 5682595847, "osm_type": "node"}}, {"type": "Feature", "geometry": {"type": "Point", "coordinates": [10.0067756, 53.551709]}, "properties": {"level": "-1", "railway": "signal", "railway:signal:direction": "forward", "railway:signal:distant": "DE-ESO:vr", "railway:signal:distant:form": "light", "railway:signal:distant:height": "normal", "railway:signal:distant:repeated": "yes", "railway:signal:distant:states": "DE-ESO:vr0;DE-ESO:vr2", "railway:signal:position": "right", "osm_id": 5715913509, "osm_type": "node"}}, {"type": "Feature", "geometry": {"type": "Point", "coordinates": [10.0066649, 53.5516969]}, "properties": {"level": "-1", "railway": "signal", "railway:signal:direction": "backward", "railway:signal:distant": "DE-ESO:vr", "railway:signal:distant:form": "light", "railway:signal:distant:height": "normal", "railway:signal:distant:repeated": "yes", "railway:signal:distant:shape": "classic", "railway:signal:distant:states": "DE-ESO:vr0;DE-ESO:vr2", "railway:signal:position": "left", "osm_id": 5715913510, "osm_type": "node"}}, {"type": "Feature", "geometry": {"type": "Point", "coordinates": [10.00677, 53.5517227]}, "properties": {"level": "-1", "railway": "signal", "railway:signal:direction": "forward", "railway:signal:minor": "DE-ESO:sh", "railway:signal:minor:form": "light", "railway:signal:minor:height": "normal", "railway:signal:minor:states": "DE-ESO:hp0;DE-ESO:kennlicht", "railway:signal:position": "right", "ref": "212 I", "osm_id": 5715913511, "osm_type": "node"}}, {"type": "Feature", "geometry": {"type": "Point", "coordinates": [10.0063553, 53.5520107]}, "properties": {"level": "-1", "railway": "signal", "railway:signal:direction": "backward", "railway:signal:minor": "DE-ESO:sh", "railway:signal:minor:form": "light", "railway:signal:minor:height": "normal", "railway:signal:minor:states": "DE-ESO:hp0;DE-ESO:kennlicht", "railway:signal:position": "left", "ref": "214 I", "osm_id": 5715913512, "osm_type": "node"}}, {"type": "Feature", "geometry": {"type": "Point", "coordinates": [10.0063517, 53.552021]}, "properties": {"level": "-1", "railway": "signal", "railway:signal:direction": "forward", "railway:signal:minor": "DE-ESO:sh", "railway:signal:minor:form": "light", "railway:signal:minor:height": "normal", "railway:signal:minor:states": "DE-ESO:hp0;DE-ESO:kennlicht", "railway:signal:position": "right", "ref": "414 II", "osm_id": 5715913513, "osm_type": "node"}}, {"type": "Feature", "geometry": {"type": "Point", "coordinates": [10.0065247, 53.5520241]}, "properties": {"level": "-1", "railway": "signal", "railway:signal:direction": "backward", "railway:signal:minor": "DE-ESO:sh", "railway:signal:minor:form": "light", "railway:signal:minor:height": "normal", "railway:signal:minor:states": "DE-ESO:hp0;DE-ESO:kennlicht", "railway:signal:position": "left", "ref": "213 I", "osm_id": 5715913514, "osm_type": "node"}}, {"type": "Feature", "geometry": {"type": "Point", "coordinates": [10.0065204, 53.5520343]}, "properties": {"level": "-1", "railway": "signal", "railway:signal:direction": "forward", "railway:signal:minor": "DE-ESO:sh", "railway:signal:minor:form": "light", "railway:signal:minor:height": "normal", "railway:signal:minor:states": "DE-ESO:hp0;DE-ESO:kennlicht", "railway:signal:position": "right", "ref": "413 II", "osm_id": 5715913515, "osm_type": "node"}}, {"type": "Feature", "geometry": {"type": "Point", "coordinates": [10.0031934, 53.5512065]}, "properties": {"addr:housenumber": "7", "addr:street": "Mönckebergstraße", "amenity": "cafe", "cuisine": "chinese;ramen;dessert;bubble_tea;coffee;cake", "internet_access": "wlan", "internet_access:fee": "no", "level": "1", "name": "Flower's Whisper", "opening_hours": "Mo-Sa 12:00-20:00; Su 14:00-19:00", "phone": "+49 1515 5707152", "website": "https://instagram.com/flowerswhisper_levantehaus", "osm_id": 5858982221, "osm_type": "node"}}, {"type": "Feature", "geometry": {"type": "Point", "coordinates": [10.0069591, 53.5518286]}, "properties": {"level": "-1", "railway": "signal", "railway:signal:direction": "backward", "railway:signal:minor": "DE-ESO:sh", "railway:signal:minor:form": "light", "railway:signal:minor:height": "normal", "railway:signal:minor:states": "DE-ESO:hp0;DE-ESO:kennlicht", "railway:signal:position": "left", "ref": "411 II", "osm_id": 5859777267, "osm_type": "node"}}, {"type": "Feature", "geometry": {"type": "Point", "coordinates": [10.0067616, 53.5517434]}, "properties": {"level": "-1", "railway": "signal", "railway:signal:direction": "backward", "railway:signal:minor": "DE-ESO:sh", "railway:signal:minor:form": "light", "railway:signal:minor:height": "normal", "railway:signal:minor:states": "DE-ESO:hp0;DE-ESO:kennlicht", "railway:signal:position": "left", "ref": "412 II", "osm_id": 5859777268, "osm_type": "node"}}, {"type": "Feature", "geometry": {"type": "Point", "coordinates": [10.0069634, 53.5518188]}, "properties": {"level": "-1", "railway": "signal", "railway:signal:direction": "backward", "railway:signal:minor": "DE-ESO:sh", "railway:signal:minor:form": "light", "railway:signal:minor:height": "normal", "railway:signal:minor:states": "DE-ESO:hp0;DE-ESO:kennlicht", "railway:signal:position": "left", "ref": "211 I", "osm_id": 5859777269, "osm_type": "node"}}, {"type": "Feature", "geometry": {"type": "Point", "coordinates": [10.0068721, 53.551146]}, "properties": {"emergency": "fire_hydrant", "fire_hydrant:diameter": "100", "fire_hydrant:position": "sidewalk", "fire_hydrant:type": "underground", "level": "-1", "osm_id": 5859777270, "osm_type": "node"}}, {"type": "Feature", "geometry": {"type": "Point", "coordinates": [10.0064741, 53.5516726]}, "properties": {"level": "-1", "railway": "signal", "railway:signal:direction": "backward", "railway:signal:distant": "DE-ESO:vr", "railway:signal:distant:form": "light", "railway:signal:distant:height": "normal", "railway:signal:distant:repeated": "yes", "railway:signal:distant:states": "DE-ESO:vr0;DE-ESO:vr2", "railway:signal:position": "left", "osm_id": 5859777271, "osm_type": "node"}}, {"type": "Feature", "geometry": {"type": "Point", "coordinates": [10.0071925, 53.5518152]}, "properties": {"level": "-1", "railway": "signal", "railway:signal:direction": "backward", "railway:signal:distant": "DE-ESO:vr", "railway:signal:distant:form": "light", "railway:signal:distant:height": "normal", "railway:signal:distant:repeated": "yes", "railway:signal:distant:shape": "compact", "railway:signal:distant:states": "DE-ESO:vr0;DE-ESO:vr2", "railway:signal:position": "left", "osm_id": 5859777272, "osm_type": "node"}}, {"type": "Feature", "geometry": {"type": "Point", "coordinates": [10.0071107, 53.5517558]}, "properties": {"level": "-1", "railway": "signal", "railway:signal:direction": "backward", "railway:signal:distant": "DE-ESO:vr", "railway:signal:distant:form": "light", "railway:signal:distant:height": "normal", "railway:signal:distant:repeated": "yes", "railway:signal:distant:shape": "classic", "railway:signal:distant:states": "DE-ESO:vr0;DE-ESO:vr2", "railway:signal:position": "left", "osm_id": 5859777273, "osm_type": "node"}}, {"type": "Feature", "geometry": {"type": "Point", "coordinates": [10.0069983, 53.5517402]}, "properties": {"level": "-1", "railway": "signal", "railway:signal:direction": "backward", "railway:signal:distant": "DE-ESO:vr", "railway:signal:distant:form": "light", "railway:signal:distant:height": "normal", "railway:signal:distant:repeated": "yes", "railway:signal:distant:shape": "classic", "railway:signal:distant:states": "DE-ESO:vr0;DE-ESO:vr2", "railway:signal:position": "left", "osm_id": 5859777274, "osm_type": "node"}}, {"type": "Feature", "geometry": {"type": "Point", "coordinates": [10.0071073, 53.5498776]}, "properties": {"railway": "signal", "railway:signal:direction": "backward", "railway:signal:position": "right", "railway:signal:stop": "DE-ESO:ne5", "railway:signal:stop:form": "sign", "railway:signal:stop:height": "normal", "osm_id": 5859777279, "osm_type": "node"}}, {"type": "Feature", "geometry": {"type": "Point", "coordinates": [10.0070335, 53.5498195]}, "properties": {"railway": "signal", "railway:signal:direction": "backward", "railway:signal:position": "left", "railway:signal:speed_limit": "DE-ESO:zs3", "railway:signal:speed_limit:form": "light", "railway:signal:speed_limit:height": "normal", "railway:signal:speed_limit:speed": "20;30", "osm_id": 5859777280, "osm_type": "node"}}, {"type": "Feature", "geometry": {"type": "Point", "coordinates": [10.006894, 53.5500611]}, "properties": {"level": "-1", "railway": "signal", "railway:signal:direction": "forward", "railway:signal:position": "right", "railway:signal:stop": "DE-ESO:ne5", "railway:signal:stop:form": "sign", "railway:signal:stop:height": "normal", "osm_id": 5859777281, "osm_type": "node"}}, {"type": "Feature", "geometry": {"type": "Point", "coordinates": [10.006841, 53.5505176]}, "properties": {"level": "-1", "railway": "key_switch", "railway:key_switch:brake_test": "DE-ESO:db:zp6;DE-ESO:db:zp7;DE-ESO:db:zp8", "osm_id": 5859777282, "osm_type": "node"}}, {"type": "Feature", "geometry": {"type": "Point", "coordinates": [10.0070768, 53.5505335]}, "properties": {"level": "-1", "railway": "key_switch", "railway:key_switch:brake_test": "DE-ESO:db:zp6;DE-ESO:db:zp7;DE-ESO:db:zp8", "osm_id": 5859777283, "osm_type": "node"}}, {"type": "Feature", "geometry": {"type": "Point", "coordinates": [10.0069114, 53.5505297]}, "properties": {"level": "-1", "railway": "signal", "railway:signal:direction": "forward", "railway:signal:position": "right", "railway:signal:stop": "DE-ESO:ne5", "railway:signal:stop:form": "sign", "railway:signal:stop:height": "normal", "osm_id": 5859777284, "osm_type": "node"}}, {"type": "Feature", "geometry": {"type": "Point", "coordinates": [10.0070191, 53.5504216]}, "properties": {"level": "-1", "railway": "signal", "railway:signal:direction": "backward", "railway:signal:position": "right", "railway:signal:stop": "DE-ESO:ne5", "railway:signal:stop:caption": "370 m", "railway:signal:stop:form": "sign", "railway:signal:stop:height": "normal", "osm_id": 5859780185, "osm_type": "node"}}, {"type": "Feature", "geometry": {"type": "Point", "coordinates": [10.0070175, 53.5514499]}, "properties": {"level": "-1", "railway:platform:section": "B", "osm_id": 5859780187, "osm_type": "node"}}, {"type": "Feature", "geometry": {"type": "Point", "coordinates": [10.0070433, 53.5515026]}, "properties": {"level": "-1", "railway": "signal", "railway:signal:direction": "forward", "railway:signal:distant": "DE-ESO:vr", "railway:signal:distant:form": "light", "railway:signal:distant:height": "normal", "railway:signal:distant:repeated": "yes", "railway:signal:distant:shape": "compact", "railway:signal:distant:states": "DE-ESO:vr0;DE-ESO:vr2", "railway:signal:position": "right", "ref": "WV s11 II", "osm_id": 5859780188, "osm_type": "node"}}, {"type": "Feature", "geometry": {"type": "Point", "coordinates": [10.0072245, 53.5513939]}, "properties": {"level": "-1", "railway": "signal", "railway:signal:direction": "backward", "railway:signal:minor": "DE-ESO:sh", "railway:signal:minor:form": "light", "railway:signal:minor:height": "dwarf", "railway:signal:minor:states": "DE-ESO:hp0;DE-ESO:sh1", "railway:signal:position": "left", "ref": "428 I", "osm_id": 5859780189, "osm_type": "node"}}, {"type": "Feature", "geometry": {"type": "Point", "coordinates": [10.0071193, 53.5510289]}, "properties": {"level": "-1", "railway": "signal", "railway:signal:direction": "forward", "railway:signal:distant": "DE-ESO:vr", "railway:signal:distant:form": "light", "railway:signal:distant:height": "normal", "railway:signal:distant:repeated": "yes", "railway:signal:distant:shape": "compact", "railway:signal:distant:states": "DE-ESO:vr0;DE-ESO:vr2", "railway:signal:position": "right", "ref": "WV s11 III", "osm_id": 5859780190, "osm_type": "node"}}, {"type": "Feature", "geometry": {"type": "Point", "coordinates": [10.0072914, 53.5509938]}, "properties": {"level": "-1", "railway": "signal", "railway:signal:direction": "forward", "railway:signal:minor": "DE-ESO:sh", "railway:signal:minor:form": "light", "railway:signal:minor:height": "dwarf", "railway:signal:minor:states": "DE-ESO:hp0;DE-ESO:sh1", "railway:signal:position": "right", "ref": "428 II", "osm_id": 5859780191, "osm_type": "node"}}, {"type": "Feature", "geometry": {"type": "Point", "coordinates": [10.0069831, 53.5507677]}, "properties": {"level": "-1", "railway:platform:section": "B", "osm_id": 5859780192, "osm_type": "node"}}, {"type": "Feature", "geometry": {"type": "Point", "coordinates": [10.0069679, 53.5507668]}, "properties": {"level": "-1", "railway": "signal", "railway:signal:brake_test": "DE-ESO:zp", "railway:signal:brake_test:form": "light", "railway:signal:brake_test:states": "DE-ESO:db:zp6;DE-ESO:db:zp7;DE-ESO:db:zp8", "railway:signal:direction": "both", "railway:signal:position": "right", "osm_id": 5859780193, "osm_type": "node"}}, {"type": "Feature", "geometry": {"type": "Point", "coordinates": [10.0069783, 53.5507024]}, "properties": {"level": "-1", "railway": "signal", "railway:signal:direction": "backward", "railway:signal:position": "right", "railway:signal:stop": "DE-ESO:ne5", "railway:signal:stop:caption": "320 m", "railway:signal:stop:form": "sign", "railway:signal:stop:height": "normal", "osm_id": 5859780194, "osm_type": "node"}}, {"type": "Feature", "geometry": {"type": "Point", "coordinates": [10.0071809, 53.5504597]}, "properties": {"level": "-1", "railway": "signal", "railway:signal:direction": "forward", "railway:signal:position": "right", "railway:signal:stop": "DE-ESO:ne5", "railway:signal:stop:caption": "370 m", "railway:signal:stop:form": "sign", "railway:signal:stop:height": "normal", "osm_id": 5859780195, "osm_type": "node"}}, {"type": "Feature", "geometry": {"type": "Point", "coordinates": [10.0072021, 53.5507156]}, "properties": {"level": "-1", "railway": "key_switch", "railway:key_switch:brake_test": "DE-ESO:db:zp6;DE-ESO:db:zp7;DE-ESO:db:zp8", "railway:key_switch:departure": "DE-ESO:zp9", "railway:key_switch:track": "10", "osm_id": 5859780196, "osm_type": "node"}}, {"type": "Feature", "geometry": {"type": "Point", "coordinates": [10.0070639, 53.5507105]}, "properties": {"level": "-1", "railway": "key_switch", "railway:key_switch:close_doors": "DE-ESO:zp10", "railway:key_switch:departure": "DE-ESO:zp9", "railway:key_switch:track": "11;12", "osm_id": 5859780197, "osm_type": "node"}}, {"type": "Feature", "geometry": {"type": "Point", "coordinates": [10.0072064, 53.5506857]}, "properties": {"level": "-1", "operator": "DB Netz AG", "railway": "phone", "osm_id": 5859780198, "osm_type": "node"}}, {"type": "Feature", "geometry": {"type": "Point", "coordinates": [10.0071577, 53.5507125]}, "properties": {"level": "-1", "railway": "signal", "railway:signal:direction": "forward", "railway:signal:position": "right", "railway:signal:stop": "DE-ESO:ne5", "railway:signal:stop:caption": "320 m", "railway:signal:stop:form": "sign", "railway:signal:stop:height": "normal", "osm_id": 5859780199, "osm_type": "node"}}, {"type": "Feature", "geometry": {"type": "Point", "coordinates": [10.0070756, 53.5516311]}, "properties": {"level": "-1", "railway": "key_switch", "osm_id": 6002452900, "osm_type": "node"}}, {"type": "Feature", "geometry": {"type": "Point", "coordinates": [10.0069048, 53.5516126]}, "properties": {"level": "-1", "railway": "key_switch", "railway:key_switch:departure": "DE-ESO:zp9", "osm_id": 6002452901, "osm_type": "node"}}, {"type": "Feature", "geometry": {"type": "Point", "coordinates": [10.0067421, 53.550758]}, "properties": {"level": "-1", "railway:platform:section": "B", "osm_id": 6002452902, "osm_type": "node"}}, {"type": "Feature", "geometry": {"type": "Point", "coordinates": [10.0068391, 53.5507619]}, "properties": {"level": "-1", "railway:platform:section": "B", "osm_id": 6002452903, "osm_type": "node"}}, {"type": "Feature", "geometry": {"type": "Point", "coordinates": [10.0071231, 53.5507734]}, "properties": {"level": "-1", "railway:platform:section": "B", "osm_id": 6002452904, "osm_type": "node"}}, {"type": "Feature", "geometry": {"type": "Point", "coordinates": [10.0070549, 53.5512186]}, "properties": {"level": "-1", "railway:platform:section": "A", "osm_id": 6002452905, "osm_type": "node"}}, {"type": "Feature", "geometry": {"type": "Point", "coordinates": [10.0065673, 53.5514128]}, "properties": {"level": "-1", "railway:platform:section": "B", "osm_id": 6002452906, "osm_type": "node"}}, {"type": "Feature", "geometry": {"type": "Point", "coordinates": [10.0068726, 53.551438]}, "properties": {"level": "-1", "railway:platform:section": "B", "osm_id": 6002452907, "osm_type": "node"}}, {"type": "Feature", "geometry": {"type": "Point", "coordinates": [10.0067124, 53.5514248]}, "properties": {"level": "-1", "railway:platform:section": "B", "osm_id": 6002452908, "osm_type": "node"}}, {"type": "Feature", "geometry": {"type": "Point", "coordinates": [10.0070246, 53.5516231]}, "properties": {"level": "-1", "railway": "signal", "railway:signal:direction": "forward", "railway:signal:position": "right", "railway:signal:stop": "DE-ESO:ne5", "railway:signal:stop:caption": "240 m", "railway:signal:stop:form": "sign", "railway:signal:stop:height": "normal", "osm_id": 6002452909, "osm_type": "node"}}, {"type": "Feature", "geometry": {"type": "Point", "coordinates": [10.0070949, 53.5517802]}, "properties": {"level": "-1", "railway": "signal", "railway:signal:brake_test": "DE-ESO:zp", "railway:signal:brake_test:form": "light", "railway:signal:brake_test:states": "DE-ESO:db:zp6;DE-ESO:db:zp7;DE-ESO:db:zp8", "railway:signal:departure": "DE-ESO:zp", "railway:signal:departure:form": "light", "railway:signal:departure:states": "DE-ESO:zp9", "railway:signal:direction": "backward", "railway:signal:position": "left", "osm_id": 6002452915, "osm_type": "node"}}, {"type": "Feature", "geometry": {"type": "Point", "coordinates": [10.0072136, 53.5519158]}, "properties": {"level": "-1", "railway": "signal", "railway:signal:direction": "backward", "railway:signal:position": "right", "railway:signal:stop": "DE-ESO:ne5", "railway:signal:stop:form": "sign", "railway:signal:stop:height": "normal", "osm_id": 6002452921, "osm_type": "node"}}, {"type": "Feature", "geometry": {"type": "Point", "coordinates": [10.007218, 53.55195]}, "properties": {"level": "-1", "railway:platform:section": "C", "osm_id": 6002452922, "osm_type": "node"}}, {"type": "Feature", "geometry": {"type": "Point", "coordinates": [10.0061112, 53.5521269]}, "properties": {"access": "yes", "door": "no", "entrance": "yes", "level": "0", "ref": "B1", "wheelchair": "no", "osm_id": 6081879877, "osm_type": "node"}}, {"type": "Feature", "geometry": {"type": "Point", "coordinates": [10.0034546, 53.5526226]}, "properties": {"addr:city": "Hamburg", "addr:housenumber": "1-3", "addr:postcode": "20095", "addr:street": "Kurze Mühren", "level": "5", "name": "BIT-SERV GmbH", "office": "company", "website": "https://www.bit-serv.de", "wheelchair": "yes", "osm_id": 6243649091, "osm_type": "node"}}, {"type": "Feature", "geometry": {"type": "Point", "coordinates": [10.0046084, 53.5514279]}, "properties": {"entrance": "shop", "osm_id": 6746957619, "osm_type": "node"}}, {"type": "Feature", "geometry": {"type": "Point", "coordinates": [10.0053045, 53.5514716]}, "properties": {"entrance": "yes", "level": "0", "repeat_on": "-1", "osm_id": 6746957622, "osm_type": "node"}}, {"type": "Feature", "geometry": {"type": "Point", "coordinates": [10.0063219, 53.5514715]}, "properties": {"entrance": "yes", "osm_id": 6796479074, "osm_type": "node"}}, {"type": "Feature", "geometry": {"type": "Point", "coordinates": [10.0073282, 53.5522744]}, "properties": {"amenity": "vending_machine", "brand": "Deutsche Bahn", "brand:wikidata": "Q9322", "level": "0", "operator": "DB Vertrieb GmbH", "operator:wikidata": "Q1152124", "payment:cash": "yes", "payment:cryptocurrencies": "no", "payment:electronic_purses": "no", "ref": "B81257", "vending": "public_transport_tickets", "wheelchair": "limited", "osm_id": 6842658441, "osm_type": "node"}}, {"type": "Feature", "geometry": {"type": "Point", "coordinates": [10.0073082, 53.552272]}, "properties": {"amenity": "vending_machine", "brand": "Deutsche Bahn", "brand:wikidata": "Q9322", "level": "0", "operator": "DB Vertrieb GmbH", "operator:wikidata": "Q1152124", "payment:cash": "yes", "payment:cryptocurrencies": "no", "payment:electronic_purses": "no", "ref": "B81259", "vending": "public_transport_tickets", "wheelchair": "limited", "osm_id": 6842658444, "osm_type": "node"}}, {"type": "Feature", "geometry": {"type": "Point", "coordinates": [10.007345, 53.5522764]}, "properties": {"amenity": "waste_basket", "check_date": "2024-01-01", "level": "0", "osm_id": 6844874383, "osm_type": "node"}}, {"type": "Feature", "geometry": {"type": "Point", "coordinates": [10.0072921, 53.5522701]}, "properties": {"amenity": "waste_basket", "check_date": "2024-01-01", "level": "0", "osm_id": 6844874384, "osm_type": "node"}}, {"type": "Feature", "geometry": {"type": "Point", "coordinates": [10.0071002, 53.5522471]}, "properties": {"amenity": "waste_basket", "check_date": "2024-01-01", "level": "0", "osm_id": 6844882785, "osm_type": "node"}}, {"type": "Feature", "geometry": {"type": "Point", "coordinates": [10.006986, 53.5522334]}, "properties": {"amenity": "waste_basket", "check_date": "2024-01-01", "level": "0", "osm_id": 6844882786, "osm_type": "node"}}, {"type": "Feature", "geometry": {"type": "Point", "coordinates": [10.0067369, 53.5522035]}, "properties": {"amenity": "waste_basket", "check_date": "2024-01-01", "level": "0", "osm_id": 6844882787, "osm_type": "node"}}, {"type": "Feature", "geometry": {"type": "Point", "coordinates": [10.006594, 53.5521863]}, "properties": {"amenity": "vending_machine", "brand": "Deutsche Bahn", "brand:wikidata": "Q9322", "level": "0", "operator": "DB Vertrieb GmbH", "operator:wikidata": "Q1152124", "payment:cash": "yes", "payment:cryptocurrencies": "no", "payment:electronic_purses": "no", "vending": "public_transport_tickets", "osm_id": 6844882788, "osm_type": "node"}}, {"type": "Feature", "geometry": {"type": "Point", "coordinates": [10.0065783, 53.5521844]}, "properties": {"amenity": "vending_machine", "brand": "Deutsche Bahn", "brand:wikidata": "Q9322", "level": "0", "operator": "DB Vertrieb GmbH", "operator:wikidata": "Q1152124", "payment:cash": "yes", "payment:cryptocurrencies": "no", "payment:electronic_purses": "no", "vending": "public_transport_tickets", "osm_id": 6844882789, "osm_type": "node"}}, {"type": "Feature", "geometry": {"type": "Point", "coordinates": [10.0066509, 53.5521931]}, "properties": {"amenity": "waste_basket", "check_date": "2024-01-01", "level": "0", "osm_id": 6844882790, "osm_type": "node"}}, {"type": "Feature", "geometry": {"type": "Point", "coordinates": [10.0064229, 53.5521658]}, "properties": {"amenity": "waste_basket", "check_date": "2024-01-01", "level": "0", "osm_id": 6844882791, "osm_type": "node"}}, {"type": "Feature", "geometry": {"type": "Point", "coordinates": [10.0062852, 53.5521492]}, "properties": {"amenity": "vending_machine", "brand": "Deutsche Bahn", "brand:wikidata": "Q9322", "level": "0", "operator": "DB Vertrieb GmbH", "operator:wikidata": "Q1152124", "payment:cash": "yes", "payment:cryptocurrencies": "no", "payment:electronic_purses": "no", "ref": "B81260", "vending": "public_transport_tickets", "osm_id": 6844882792, "osm_type": "node"}}, {"type": "Feature", "geometry": {"type": "Point", "coordinates": [10.0063559, 53.5521577]}, "properties": {"amenity": "waste_basket", "check_date": "2024-01-01", "level": "0", "osm_id": 6844882793, "osm_type": "node"}}, {"type": "Feature", "geometry": {"type": "Point", "coordinates": [10.0063011, 53.5521511]}, "properties": {"amenity": "vending_machine", "brand": "Deutsche Bahn", "brand:wikidata": "Q9322", "level": "0", "operator": "DB Vertrieb GmbH", "operator:wikidata": "Q1152124", "payment:cash": "yes", "payment:cryptocurrencies": "no", "payment:electronic_purses": "no", "ref": "B81810", "vending": "public_transport_tickets", "osm_id": 6844882794, "osm_type": "node"}}, {"type": "Feature", "geometry": {"type": "Point", "coordinates": [10.0073252, 53.5521797]}, "properties": {"alt_name": "Kaffeewelt", "brand": "Nur Hier", "brand:wikidata": "Q107985207", "check_date": "2024-08-21", "indoor_seating": "no", "level": "0", "name": "Nur Hier", "note": "\"Kaffeewelt\" is common name to both shops (actually 2 counters to one shop)", "opening_hours": "24/7", "outdoor_seating": "no", "payment:contactless": "yes", "payment:girocard": "yes", "payment:google_pay": "yes", "payment:mastercard": "yes", "shop": "bakery", "takeaway": "only", "wheelchair": "yes", "osm_id": 6873158939, "osm_type": "node"}}, {"type": "Feature", "geometry": {"type": "Point", "coordinates": [10.0072607, 53.5521666]}, "properties": {"alt_name": "Kaffeewelt", "brand": "franz & friends", "check_date:opening_hours": "2024-07-28", "indoor_seating": "no", "level": "0", "name": "franz & friends", "note": "\"Kaffeewelt\" is common name to both shops (actually 2 counters to one shop)", "opening_hours:signed": "no", "outdoor_seating": "no", "shop": "bakery", "takeaway": "only", "wheelchair": "yes", "osm_id": 6873158940, "osm_type": "node"}}, {"type": "Feature", "geometry": {"type": "Point", "coordinates": [10.0059408, 53.5525787]}, "properties": {"entrance": "yes", "level": "0", "osm_id": 6886127195, "osm_type": "node"}}, {"type": "Feature", "geometry": {"type": "Point", "coordinates": [10.0058814, 53.5527035]}, "properties": {"entrance": "yes", "level": "0", "osm_id": 6886127198, "osm_type": "node"}}, {"type": "Feature", "geometry": {"type": "Point", "coordinates": [10.001913, 53.5512618]}, "properties": {"name": "Mönckebergstraße", "network": "HVV", "public_transport": "stop_position", "railway": "stop", "ref": "1", "subway": "yes", "osm_id": 6900722098, "osm_type": "node"}}, {"type": "Feature", "geometry": {"type": "Point", "coordinates": [10.0054036, 53.5519113]}, "properties": {"description": "Eingang zu Karstadt", "entrance": "yes", "level": "-1", "osm_id": 6920651491, "osm_type": "node"}}, {"type": "Feature", "geometry": {"type": "Point", "coordinates": [10.0054118, 53.5519153]}, "properties": {"description": "Eingang zu Karstadt", "entrance": "yes", "level": "-1", "osm_id": 6920651495, "osm_type": "node"}}, {"type": "Feature", "geometry": {"type": "Point", "coordinates": [10.0052309, 53.5519936]}, "properties": {"door": "yes", "layer": "-1", "level": "-2", "osm_id": 6920651502, "osm_type": "node"}}, {"type": "Feature", "geometry": {"type": "Point", "coordinates": [10.0052846, 53.5519309]}, "properties": {"door": "yes", "indoor": "door", "level": "-2", "osm_id": 6920651509, "osm_type": "node"}}, {"type": "Feature", "geometry": {"type": "Point", "coordinates": [10.0052894, 53.5519204]}, "properties": {"door": "yes", "indoor": "door", "level": "-1", "noexit": "yes", "osm_id": 6920651510, "osm_type": "node"}}, {"type": "Feature", "geometry": {"type": "Point", "coordinates": [10.0053244, 53.5517312]}, "properties": {"amenity": "waste_basket", "check_date": "2023-07-10", "layer": "-1", "level": "-1", "osm_id": 6920651553, "osm_type": "node"}}, {"type": "Feature", "geometry": {"type": "Point", "coordinates": [10.0061431, 53.5520318]}, "properties": {"amenity": "photo_booth", "brand": "Fotofix", "indoor": "yes", "layer": "-1", "level": "-1", "operator": "ME Group Germany GmbH", "operator:wikidata": "Q7187637", "osm_id": 6920651568, "osm_type": "node"}}, {"type": "Feature", "geometry": {"type": "Point", "coordinates": [10.0056057, 53.5519116]}, "properties": {"amenity": "waste_basket", "check_date": "2023-07-10", "layer": "-1", "level": "-1", "osm_id": 6920651577, "osm_type": "node"}}, {"type": "Feature", "geometry": {"type": "Point", "coordinates": [10.0057289, 53.5519559]}, "properties": {"amenity": "waste_basket", "check_date": "2023-07-10", "layer": "-1", "level": "-1", "osm_id": 6920651578, "osm_type": "node"}}, {"type": "Feature", "geometry": {"type": "Point", "coordinates": [10.0057669, 53.5519692]}, "properties": {"amenity": "waste_basket", "check_date": "2023-07-10", "layer": "-1", "level": "-1", "osm_id": 6920651579, "osm_type": "node"}}, {"type": "Feature", "geometry": {"type": "Point", "coordinates": [10.0058904, 53.5520126]}, "properties": {"amenity": "waste_basket", "check_date": "2023-07-10", "layer": "-1", "level": "-1", "osm_id": 6920651580, "osm_type": "node"}}, {"type": "Feature", "geometry": {"type": "Point", "coordinates": [10.0058311, 53.5519088]}, "properties": {"amenity": "waste_basket", "check_date": "2024-01-01", "layer": "-1", "level": "-1", "osm_id": 6920695602, "osm_type": "node"}}, {"type": "Feature", "geometry": {"type": "Point", "coordinates": [10.0046481, 53.5524881]}, "properties": {"entrance": "yes", "osm_id": 6925705837, "osm_type": "node"}}, {"type": "Feature", "geometry": {"type": "Point", "coordinates": [10.0051211, 53.5520755]}, "properties": {"door": "yes", "layer": "-1", "level": "-2", "osm_id": 7038736689, "osm_type": "node"}}, {"type": "Feature", "geometry": {"type": "Point", "coordinates": [10.0050462, 53.5521291]}, "properties": {"door": "yes", "layer": "-1", "level": "-2", "osm_id": 7038736692, "osm_type": "node"}}, {"type": "Feature", "geometry": {"type": "Point", "coordinates": [10.002789, 53.5510812]}, "properties": {"check_date": "2024-02-03", "check_date:opening_hours": "2024-02-17", "level": "0", "name": "Town House Living &Decoration", "opening_hours": "Mo-Fr 10:00-19:00; Sa 10:00-18:00", "payment:credit_cards": "yes", "payment:debit_cards": "yes", "shop": "interior_decoration", "osm_id": 7810279986, "osm_type": "node"}}, {"type": "Feature", "geometry": {"type": "Point", "coordinates": [10.0032439, 53.551213]}, "properties": {"addr:housenumber": "7", "addr:street": "Mönckebergstraße", "amenity": "cafe", "cuisine": "bubble_tea", "level": "1", "name": "Joy&Tea", "opening_hours": "Mo-Sa 11:00-20:00; Su 13:00-19:00", "website": "http://www.joyandtea.com/m/index.php", "osm_id": 7810939908, "osm_type": "node"}}, {"type": "Feature", "geometry": {"type": "Point", "coordinates": [10.0025973, 53.5510238]}, "properties": {"addr:housenumber": "7", "addr:street": "Mönckebergstraße", "level": "1", "name": "FON Friseur", "opening_hours": "Mo-Fr 10:00-20:00; Sa 10:00-18:00", "phone": "+49 4032526380", "shop": "hairdresser", "website": "https://www.fon-friseur.de/hamburg", "osm_id": 7810960462, "osm_type": "node"}}, {"type": "Feature", "geometry": {"type": "Point", "coordinates": [10.0034464, 53.5512639]}, "properties": {"addr:housenumber": "7", "addr:street": "Mönckebergstraße", "amenity": "restaurant", "check_date": "2025-04-13", "cuisine": "korean;japanese;bowls", "diet:vegan": "yes", "diet:vegetarian": "yes", "level": "0", "name": "wagu wagu", "opening_hours": "Mo-Sa 12:00-20:00", "phone": "+49 40 32503680", "takeaway": "yes", "website": "https://www.waguwagu.de/", "osm_id": 7835688003, "osm_type": "node"}}, {"type": "Feature", "geometry": {"type": "Point", "coordinates": [10.0063169, 53.552153]}, "properties": {"amenity": "vending_machine", "brand": "Deutsche Bahn", "brand:wikidata": "Q9322", "level": "0", "operator": "DB Vertrieb GmbH", "operator:wikidata": "Q1152124", "payment:cash": "yes", "payment:cryptocurrencies": "no", "payment:electronic_purses": "no", "ref": "B80952", "vending": "public_transport_tickets", "osm_id": 8259875405, "osm_type": "node"}}, {"type": "Feature", "geometry": {"type": "Point", "coordinates": [10.0059979, 53.5524543]}, "properties": {"entrance": "yes", "level": "0", "osm_id": 8259880880, "osm_type": "node"}}, {"type": "Feature", "geometry": {"type": "Point", "coordinates": [10.0066812, 53.5516506]}, "properties": {"railway": "signal", "railway:signal:brake_test": "DE-ESO:zp", "railway:signal:brake_test:form": "light", "railway:signal:brake_test:states": "DE-ESO:db:zp6;DE-ESO:db:zp7;DE-ESO:db:zp8", "railway:signal:departure": "DE-ESO:zp", "railway:signal:departure:form": "light", "railway:signal:departure:states": "DE-ESO:zp9", "railway:signal:direction": "forward", "railway:signal:position": "right", "osm_id": 8480270347, "osm_type": "node"}}, {"type": "Feature", "geometry": {"type": "Point", "coordinates": [10.0067262, 53.5514442]}, "properties": {"railway": "signal", "railway:signal:direction": "forward", "railway:signal:distant": "DE-ESO:vr", "railway:signal:distant:form": "light", "railway:signal:distant:height": "normal", "railway:signal:distant:repeated": "yes", "railway:signal:distant:states": "DE-ESO:vr0;DE-ESO:vr2", "railway:signal:position": "right", "osm_id": 8480270348, "osm_type": "node"}}, {"type": "Feature", "geometry": {"type": "Point", "coordinates": [10.006837, 53.5509057]}, "properties": {"railway": "signal", "railway:signal:brake_test": "DE-ESO:zp", "railway:signal:brake_test:form": "light", "railway:signal:brake_test:states": "DE-ESO:db:zp6;DE-ESO:db:zp7;DE-ESO:db:zp8", "railway:signal:direction": "both", "railway:signal:position": "right", "osm_id": 8480270349, "osm_type": "node"}}, {"type": "Feature", "geometry": {"type": "Point", "coordinates": [10.007085, 53.5496237]}, "properties": {"railway": "signal", "railway:signal:direction": "forward", "railway:signal:position": "right", "railway:signal:route": "DE-ESO:zs2", "railway:signal:route:form": "light", "railway:signal:route:states": "P;H", "osm_id": 8480270350, "osm_type": "node"}}, {"type": "Feature", "geometry": {"type": "Point", "coordinates": [10.006801, 53.551626]}, "properties": {"railway": "signal", "railway:signal:brake_test": "DE-ESO:zp", "railway:signal:brake_test:form": "light", "railway:signal:brake_test:states": "DE-ESO:db:zp6;DE-ESO:db:zp7;DE-ESO:db:zp8", "railway:signal:direction": "both", "railway:signal:position": "right", "osm_id": 8480270353, "osm_type": "node"}}, {"type": "Feature", "geometry": {"type": "Point", "coordinates": [10.0068942, 53.5517112]}, "properties": {"entrance": "yes", "public_transport": "entrance", "ref": "C4", "osm_id": 8909508185, "osm_type": "node"}}, {"type": "Feature", "geometry": {"type": "Point", "coordinates": [10.0065686, 53.5516682]}, "properties": {"entrance": "yes", "public_transport": "entrance", "ref": "C5", "osm_id": 8909508188, "osm_type": "node"}}, {"type": "Feature", "geometry": {"type": "Point", "coordinates": [10.0071944, 53.5519574]}, "properties": {"railway": "signal", "railway:signal:brake_test": "DE-ESO:zp", "railway:signal:brake_test:form": "light", "railway:signal:brake_test:states": "DE-ESO:db:zp6;DE-ESO:db:zp7;DE-ESO:db:zp8", "railway:signal:departure": "DE-ESO:zp", "railway:signal:departure:form": "light", "railway:signal:departure:states": "DE-ESO:zp10", "railway:signal:direction": "both", "railway:signal:position": "right", "osm_id": 9548341844, "osm_type": "node"}}, {"type": "Feature", "geometry": {"type": "Point", "coordinates": [10.0026501, 53.5514458]}, "properties": {"description": "Bahnsteig U3 Ri. Schlump/Barmbek", "highway": "elevator", "level": "0;-1", "operator": "HOCHBAHN", "start_date": "2022", "osm_id": 9781370316, "osm_type": "node"}}, {"type": "Feature", "geometry": {"type": "Point", "coordinates": [10.0027002, 53.5513102]}, "properties": {"description": "Bahnsteig U3 Ri. Wandsbek-Garstenstadt", "highway": "elevator", "level": "0;-1", "operator": "HOCHBAHN", "start_date": "2022", "osm_id": 9781382519, "osm_type": "node"}}, {"type": "Feature", "geometry": {"type": "Point", "coordinates": [10.0029827, 53.5514737]}, "properties": {"entrance": "yes", "name": "Lange Mühren", "public_transport": "entrance", "railway": "subway_entrance", "ref": "B2", "wheelchair": "yes", "osm_id": 9781422969, "osm_type": "node"}}, {"type": "Feature", "geometry": {"type": "Point", "coordinates": [10.0065668, 53.5516267]}, "properties": {"amenity": "vending_machine", "brand": "Deutsche Bahn", "brand:wikidata": "Q9322", "check_date": "2024-12-01", "level": "-1", "operator": "DB Vertrieb GmbH", "operator:wikidata": "Q1152124", "payment:coins": "yes", "payment:girocard": "yes", "payment:notes": "yes", "ref": "B81254", "vending": "public_transport_tickets", "osm_id": 9782730730, "osm_type": "node"}}, {"type": "Feature", "geometry": {"type": "Point", "coordinates": [10.0030262, 53.551375]}, "properties": {"entrance": "yes", "name": "Levantehaus", "public_transport": "entrance", "railway": "subway_entrance", "ref": "B1", "wheelchair": "limited", "osm_id": 9788402421, "osm_type": "node"}}, {"type": "Feature", "geometry": {"type": "Point", "coordinates": [10.0032967, 53.5511644]}, "properties": {"addr:city": "Hamburg", "addr:housenumber": "7", "addr:street": "Mönckebergstraße", "amenity": "restaurant", "cuisine": "vietnamese", "email": "ductungnguyen@gmx.de", "level": "1", "name": "Ngan Tinh Vietnamesisches Restaurant", "opening_hours": "Mo-Su 11:30-21:00; PH off", "phone": "+49 40 30386693", "website": "https://www.ngantinhrestaurant.de/", "osm_id": 9891643282, "osm_type": "node"}}, {"type": "Feature", "geometry": {"type": "Point", "coordinates": [10.0026593, 53.5518586]}, "properties": {"amenity": "toilets", "fee": "yes", "level": "-1", "osm_id": 10008690571, "osm_type": "node"}}, {"type": "Feature", "geometry": {"type": "Point", "coordinates": [10.006886, 53.5516602]}, "properties": {"amenity": "vending_machine", "brand": "Deutsche Bahn", "brand:wikidata": "Q9322", "check_date": "2024-12-01", "level": "-1", "operator": "DB Vertrieb GmbH", "operator:wikidata": "Q1152124", "payment:coins": "yes", "payment:girocard": "yes", "payment:notes": "yes", "ref": "B81253", "vending": "public_transport_tickets", "osm_id": 10133566136, "osm_type": "node"}}, {"type": "Feature", "geometry": {"type": "Point", "coordinates": [10.0065215, 53.5525867]}, "properties": {"amenity": "bench", "backrest": "yes", "level": "-1", "osm_id": 10176325119, "osm_type": "node"}}, {"type": "Feature", "geometry": {"type": "Point", "coordinates": [10.0064417, 53.5527125]}, "properties": {"amenity": "waste_basket", "level": "-1", "osm_id": 10176325217, "osm_type": "node"}}, {"type": "Feature", "geometry": {"type": "Point", "coordinates": [10.0065324, 53.5525563]}, "properties": {"amenity": "waste_basket", "level": "-1", "osm_id": 10176325218, "osm_type": "node"}}, {"type": "Feature", "geometry": {"type": "Point", "coordinates": [10.0053661, 53.5518393]}, "properties": {"amenity": "atm", "cash_in": "no", "covered": "yes", "indoor": "corridor", "layer": "-1", "level": "-1", "opening_hours": "24/7", "operator": "Hamburger Volksbank", "osm_id": 10250397332, "osm_type": "node"}}, {"type": "Feature", "geometry": {"type": "Point", "coordinates": [10.0025341, 53.5511279]}, "properties": {"check_date": "2024-02-03", "level": "0", "lottery": "yes", "name": "B+B Tabakwaren", "note": "nur Pakete, kein Postdienst", "opening_hours": "Mo-Fr 10:30-17:00;Sa 10:30-13:30;PH off", "post_office:brand": "DHL PaketShop", "post_office:parcel_from": "DHL", "post_office:parcel_pickup": "DHL", "post_office:parcel_to": "DHL", "post_office:service_provider": "DHL", "post_office:type": "post_partner", "ref:DHL": "443", "shop": "tobacco", "osm_id": 11003409842, "osm_type": "node"}}, {"type": "Feature", "geometry": {"type": "Point", "coordinates": [10.0027795, 53.5521042]}, "properties": {"entrance": "yes", "name": "Funkhaus Spitalerstraße", "osm_id": 11105706451, "osm_type": "node"}}, {"type": "Feature", "geometry": {"type": "Point", "coordinates": [10.0070111, 53.5510734]}, "properties": {"amenity": "waste_basket", "level": "-1", "osm_id": 11584835543, "osm_type": "node"}}, {"type": "Feature", "geometry": {"type": "Point", "coordinates": [10.0069657, 53.5513183]}, "properties": {"amenity": "bench", "backrest": "yes", "colour": "brown", "level": "-1", "material": "wood", "seats": "4", "osm_id": 11584835546, "osm_type": "node"}}, {"type": "Feature", "geometry": {"type": "Point", "coordinates": [10.0069519, 53.5513834]}, "properties": {"amenity": "bench", "backrest": "yes", "colour": "brown", "level": "-1", "material": "wood", "seats": "4", "osm_id": 11584835547, "osm_type": "node"}}, {"type": "Feature", "geometry": {"type": "Point", "coordinates": [10.0069592, 53.5513482]}, "properties": {"amenity": "vending_machine", "level": "-1", "vending": "drinks;food;sweets", "osm_id": 11584835548, "osm_type": "node"}}, {"type": "Feature", "geometry": {"type": "Point", "coordinates": [10.0066435, 53.5513935]}, "properties": {"amenity": "vending_machine", "level": "-1", "vending": "drinks;food;sweets", "osm_id": 11584835549, "osm_type": "node"}}, {"type": "Feature", "geometry": {"type": "Point", "coordinates": [10.0066183, 53.5514827]}, "properties": {"level": "-1", "public_transport": "info_board", "osm_id": 11584835550, "osm_type": "node"}}, {"type": "Feature", "geometry": {"type": "Point", "coordinates": [10.0069292, 53.5515121]}, "properties": {"amenity": "bench", "backrest": "yes", "colour": "brown", "level": "-1", "material": "wood", "seats": "4", "osm_id": 11584835551, "osm_type": "node"}}, {"type": "Feature", "geometry": {"type": "Point", "coordinates": [10.0069373, 53.5514663]}, "properties": {"amenity": "smoking_area", "level": "-1", "osm_id": 11584835553, "osm_type": "node"}}, {"type": "Feature", "geometry": {"type": "Point", "coordinates": [10.0034527, 53.5512041]}, "properties": {"addr:city": "Hamburg", "addr:housenumber": "7", "addr:street": "Mönckebergstraße", "check_date": "2025-09-05", "disused:amenity": "restaurant", "disused:name": "Bar Levante", "level": "0", "osm_id": 11587853658, "osm_type": "node"}}, {"type": "Feature", "geometry": {"type": "Point", "coordinates": [10.0034716, 53.5512052]}, "properties": {"check_date": "2025-04-13", "level": "1", "name": "Der Erzgebirgsladen im Levantehaus", "shop": "gift", "osm_id": 11587853662, "osm_type": "node"}}, {"type": "Feature", "geometry": {"type": "Point", "coordinates": [10.0034586, 53.5512359]}, "properties": {"check_date": "2025-04-13", "level": "0", "name": "Levante Fashion Design", "shop": "fabric", "osm_id": 11587853663, "osm_type": "node"}}, {"type": "Feature", "geometry": {"type": "Point", "coordinates": [10.0030029, 53.5511819]}, "properties": {"check_date": "2024-02-03", "check_date:opening_hours": "2024-02-17", "level": "0", "name": "sahling", "opening_hours:signed": "no", "payment:credit_cards": "yes", "payment:debit_cards": "yes", "shop": "perfumery", "osm_id": 11587853664, "osm_type": "node"}}, {"type": "Feature", "geometry": {"type": "Point", "coordinates": [10.0033607, 53.5512281]}, "properties": {"check_date": "2024-02-03", "level": "0", "name": "Blumenboulevard", "opening_hours": "Mo-Sa 10:00-19:00", "shop": "florist", "osm_id": 11587853665, "osm_type": "node"}}, {"type": "Feature", "geometry": {"type": "Point", "coordinates": [10.0033933, 53.5511751]}, "properties": {"check_date": "2025-04-13", "level": "0", "name": "vonwegen", "opening_hours": "Mo-Sa 12:00-18:00", "shop": "art", "osm_id": 11587853666, "osm_type": "node"}}, {"type": "Feature", "geometry": {"type": "Point", "coordinates": [10.003181, 53.5511418]}, "properties": {"check_date": "2024-02-03", "check_date:opening_hours": "2024-02-17", "level": "0", "name": "Kay", "opening_hours:signed": "no", "shop": "jewelry", "osm_id": 11587853668, "osm_type": "node"}}, {"type": "Feature", "geometry": {"type": "Point", "coordinates": [10.0033138, 53.5511639]}, "properties": {"brand": "Steiff", "brand:wikidata": "Q151137", "check_date": "2025-04-13", "level": "0", "name": "Steiff", "opening_hours": "Mo-Fr 10:00-19:00; Sa 10:00-18:00", "shop": "toys", "osm_id": 11587877770, "osm_type": "node"}}, {"type": "Feature", "geometry": {"type": "Point", "coordinates": [10.0030116, 53.551158]}, "properties": {"artist_name": "Erwin Wurm", "artwork_type": "sculpture", "level": "0", "material": "metal", "name": "Direktor (Herrentasche)", "start_date": "2019", "tourism": "artwork", "osm_id": 11587877773, "osm_type": "node"}}, {"type": "Feature", "geometry": {"type": "Point", "coordinates": [10.0026531, 53.5511452]}, "properties": {"brand": "Le Creuset", "brand:wikidata": "Q555861", "check_date": "2024-02-03", "check_date:opening_hours": "2024-02-17", "level": "0", "name": "Le Creuset", "opening_hours:signed": "no", "shop": "houseware", "osm_id": 11587877774, "osm_type": "node"}}, {"type": "Feature", "geometry": {"type": "Point", "coordinates": [10.002686, 53.5510706]}, "properties": {"check_date": "2024-02-03", "check_date:opening_hours": "2024-02-17", "level": "0", "name": "Hamburger Seifenwerkstatt", "opening_hours:signed": "no", "shop": "cosmetics", "osm_id": 11587877775, "osm_type": "node"}}, {"type": "Feature", "geometry": {"type": "Point", "coordinates": [10.0073245, 53.5517912]}, "properties": {"camera:mount": "ceiling", "camera:type": "dome", "check_date": "2024-07-23", "height": "3", "layer": "-1", "level": "-1", "man_made": "surveillance", "surveillance": "public", "surveillance:type": "camera", "surveillance:zone": "public_transport_platform", "osm_id": 12125046360, "osm_type": "node"}}, {"type": "Feature", "geometry": {"type": "Point", "coordinates": [10.007258, 53.551924]}, "properties": {"camera:mount": "ceiling", "camera:type": "dome", "check_date": "2024-07-23", "height": "3", "layer": "-1", "level": "-1", "man_made": "surveillance", "surveillance": "public", "surveillance:type": "camera", "surveillance:zone": "public_transport_platform", "osm_id": 12125046363, "osm_type": "node"}}, {"type": "Feature", "geometry": {"type": "Point", "coordinates": [10.0071602, 53.5521402]}, "properties": {"camera:mount": "wall", "camera:type": "dome", "check_date": "2024-07-23", "height": "3", "layer": "-1", "level": "-1", "man_made": "surveillance", "surveillance": "public", "surveillance:type": "camera", "surveillance:zone": "public_transport_platform", "osm_id": 12125046364, "osm_type": "node"}}, {"type": "Feature", "geometry": {"type": "Point", "coordinates": [10.0072414, 53.5522115]}, "properties": {"camera:mount": "ceiling", "camera:type": "dome", "check_date": "2024-07-23", "height": "3", "layer": "-1", "level": "-1", "man_made": "surveillance", "surveillance": "public", "surveillance:type": "camera", "surveillance:zone": "public_transport_platform", "osm_id": 12125046365, "osm_type": "node"}}, {"type": "Feature", "geometry": {"type": "Point", "coordinates": [10.0070704, 53.5524936]}, "properties": {"camera:mount": "ceiling", "camera:type": "dome", "check_date": "2025-07-17", "height": "2.5", "layer": "-1", "level": "-1", "man_made": "surveillance", "surveillance": "public", "surveillance:type": "camera", "surveillance:zone": "public_transport_platform", "osm_id": 12125046366, "osm_type": "node"}}, {"type": "Feature", "geometry": {"type": "Point", "coordinates": [10.00701, 53.5525587]}, "properties": {"camera:mount": "ceiling", "camera:type": "dome", "check_date": "2025-07-17", "height": "2.5", "layer": "-1", "level": "-1", "man_made": "surveillance", "surveillance": "public", "surveillance:type": "camera", "surveillance:zone": "public_transport_platform", "osm_id": 12125046367, "osm_type": "node"}}, {"type": "Feature", "geometry": {"type": "Point", "coordinates": [10.007067, 53.5525671]}, "properties": {"camera:mount": "ceiling", "camera:type": "dome", "check_date": "2024-07-23", "height": "2.5", "layer": "-1", "level": "-1", "man_made": "surveillance", "surveillance": "public", "surveillance:type": "camera", "surveillance:zone": "public_transport_platform", "osm_id": 12125046368, "osm_type": "node"}}, {"type": "Feature", "geometry": {"type": "Point", "coordinates": [10.0073346, 53.5525368]}, "properties": {"camera:mount": "ceiling", "camera:type": "dome", "check_date": "2024-07-23", "height": "2.5", "layer": "-1", "level": "-1", "man_made": "surveillance", "surveillance": "public", "surveillance:type": "camera", "surveillance:zone": "public_transport_platform", "osm_id": 12128336440, "osm_type": "node"}}, {"type": "Feature", "geometry": {"type": "Point", "coordinates": [10.0073319, 53.5526119]}, "properties": {"camera:mount": "ceiling", "camera:type": "dome", "check_date": "2024-07-23", "height": "2.5", "layer": "-1", "level": "-1", "man_made": "surveillance", "surveillance": "public", "surveillance:type": "camera", "surveillance:zone": "public_transport_platform", "osm_id": 12128336441, "osm_type": "node"}}, {"type": "Feature", "geometry": {"type": "Point", "coordinates": [10.0072742, 53.5526029]}, "properties": {"camera:mount": "ceiling", "camera:type": "dome", "check_date": "2024-07-23", "height": "2.5", "layer": "-1", "level": "-1", "man_made": "surveillance", "surveillance": "public", "surveillance:type": "camera", "surveillance:zone": "public_transport_platform", "osm_id": 12128336442, "osm_type": "node"}}, {"type": "Feature", "geometry": {"type": "Point", "coordinates": [10.0028509, 53.5513357]}, "properties": {"amenity": "vending_machine", "check_date": "2024-08-28", "indoor": "yes", "level": "-1", "operator": "Hamburger Hochbahn AG", "payment:coins": "yes", "payment:contactless": "yes", "payment:credit_cards": "yes", "payment:debit_cards": "yes", "payment:notes": "yes", "vending": "public_transport_tickets", "osm_id": 12161497136, "osm_type": "node"}}, {"type": "Feature", "geometry": {"type": "Point", "coordinates": [10.002517, 53.5513036]}, "properties": {"camera:angle": "10", "camera:direction": "75", "camera:mount": "ceiling", "camera:type": "fixed", "check_date": "2024-08-28", "height": "2.5", "layer": "-1", "level": "-1", "man_made": "surveillance", "operator": "Hamburger Verkehrsverbund", "operator:short": "HVV", "operator:wikidata": "Q896916", "surveillance": "public", "surveillance:type": "camera", "surveillance:zone": "public_transport_platform", "osm_id": 12161503397, "osm_type": "node"}}, {"type": "Feature", "geometry": {"type": "Point", "coordinates": [10.0027373, 53.5513091]}, "properties": {"camera:angle": "10", "camera:direction": "65", "camera:mount": "ceiling", "camera:type": "fixed", "check_date": "2024-08-28", "height": "2.5", "layer": "-1", "level": "-1", "man_made": "surveillance", "operator": "Hamburger Verkehrsverbund", "operator:short": "HVV", "operator:wikidata": "Q896916", "surveillance": "public", "surveillance:type": "camera", "surveillance:zone": "public_transport_platform", "osm_id": 12161503398, "osm_type": "node"}}, {"type": "Feature", "geometry": {"type": "Point", "coordinates": [10.002626, 53.5514321]}, "properties": {"camera:angle": "10", "camera:direction": "250", "camera:mount": "ceiling", "camera:type": "fixed", "check_date": "2024-08-28", "height": "2.5", "layer": "-1", "level": "-1", "man_made": "surveillance", "operator": "Hamburger Verkehrsverbund", "operator:short": "HVV", "operator:wikidata": "Q896916", "surveillance": "public", "surveillance:type": "camera", "surveillance:zone": "public_transport_platform", "osm_id": 12161503399, "osm_type": "node"}}, {"type": "Feature", "geometry": {"type": "Point", "coordinates": [10.0026799, 53.5514553]}, "properties": {"camera:angle": "10", "camera:direction": "90", "camera:mount": "ceiling", "camera:type": "fixed", "check_date": "2024-08-28", "height": "2.5", "layer": "-1", "level": "-1", "man_made": "surveillance", "operator": "Hamburger Verkehrsverbund", "operator:short": "HVV", "operator:wikidata": "Q896916", "surveillance": "public", "surveillance:type": "camera", "surveillance:zone": "public_transport_platform", "osm_id": 12161503400, "osm_type": "node"}}, {"type": "Feature", "geometry": {"type": "Point", "coordinates": [10.006151, 53.5518393]}, "properties": {"camera:angle": "5", "camera:direction": "80", "camera:mount": "pole", "camera:type": "fixed", "check_date": "2025-02-14", "height": "8", "layer": "0", "level": "0", "man_made": "surveillance", "note": "Höhe grob geschätzt", "surveillance": "public", "surveillance:type": "camera", "surveillance:zone": "traffic", "osm_id": 12616745611, "osm_type": "node"}}, {"type": "Feature", "geometry": {"type": "Point", "coordinates": [10.0061497, 53.5518392]}, "properties": {"camera:angle": "5", "camera:direction": "345", "camera:mount": "pole", "camera:type": "fixed", "check_date": "2025-02-14", "height": "8", "layer": "0", "level": "0", "man_made": "surveillance", "note": "Höhe grob geschätzt", "surveillance": "public", "surveillance:type": "camera", "surveillance:zone": "traffic", "osm_id": 12616745612, "osm_type": "node"}}, {"type": "Feature", "geometry": {"type": "Point", "coordinates": [10.0060783, 53.5523963]}, "properties": {"entrance": "yes", "name": "Bunkereingang", "osm_id": 12736051375, "osm_type": "node"}}, {"type": "Feature", "geometry": {"type": "Point", "coordinates": [10.0027357, 53.5518792]}, "properties": {"entrance": "yes", "osm_id": 13235301070, "osm_type": "node"}}, {"type": "Feature", "geometry": {"type": "Point", "coordinates": [10.00287, 53.5519185]}, "properties": {"entrance": "yes", "osm_id": 13235301071, "osm_type": "node"}}, {"type": "Feature", "geometry": {"type": "Point", "coordinates": [10.0068738, 53.5521176]}, "properties": {"camera:mount": "ceiling", "camera:type": "dome", "layer": "0", "level": "0", "man_made": "surveillance", "surveillance": "indoor", "surveillance:type": "camera", "surveillance:zone": "public_transport_platform", "osm_id": 13420702968, "osm_type": "node"}}, {"type": "Feature", "geometry": {"type": "Point", "coordinates": [10.0063318, 53.5520939]}, "properties": {"camera:direction": "250", "camera:mount": "pole", "camera:type": "fixed", "check_date": "2025-12-31", "layer": "0", "level": "0", "man_made": "surveillance", "surveillance": "public", "surveillance:type": "camera", "surveillance:zone": "public_transport_platform", "osm_id": 13420702969, "osm_type": "node"}}, {"type": "Feature", "geometry": {"type": "Point", "coordinates": [10.0066709, 53.5521862]}, "properties": {"camera:direction": "200", "camera:mount": "pole", "camera:type": "fixed", "check_date": "2025-12-31", "layer": "0", "level": "0", "man_made": "surveillance", "surveillance": "public", "surveillance:type": "camera", "surveillance:zone": "public_transport_platform", "osm_id": 13420702971, "osm_type": "node"}}, {"type": "Feature", "geometry": {"type": "Point", "coordinates": [10.0073456, 53.5521847]}, "properties": {"camera:direction": "350", "camera:mount": "pole", "camera:type": "fixed", "check_date": "2025-12-31", "layer": "0", "level": "0", "man_made": "surveillance", "surveillance": "public", "surveillance:type": "camera", "surveillance:zone": "public_transport_platform", "osm_id": 13420702972, "osm_type": "node"}}, {"type": "Feature", "geometry": {"type": "Point", "coordinates": [10.0067763, 53.5521088]}, "properties": {"camera:mount": "ceiling", "camera:type": "dome", "layer": "0", "level": "0", "man_made": "surveillance", "surveillance": "indoor", "surveillance:type": "camera", "surveillance:zone": "public_transport_platform", "osm_id": 13420702973, "osm_type": "node"}}, {"type": "Feature", "geometry": {"type": "Point", "coordinates": [10.0064634, 53.5520867]}, "properties": {"camera:mount": "ceiling", "camera:type": "dome", "check_date": "2025-12-31", "height": "3.5", "layer": "0", "level": "0", "man_made": "surveillance", "surveillance": "indoor", "surveillance:type": "camera", "osm_id": 13420702974, "osm_type": "node"}}, {"type": "Feature", "geometry": {"type": "Point", "coordinates": [10.0069459, 53.5522284]}, "properties": {"camera:direction": "350", "camera:mount": "pole", "camera:type": "fixed", "layer": "0", "level": "0", "man_made": "surveillance", "surveillance": "public", "surveillance:type": "camera", "surveillance:zone": "public_transport_platform", "osm_id": 13420702975, "osm_type": "node"}}, {"type": "Feature", "geometry": {"type": "Point", "coordinates": [10.0063333, 53.5520906]}, "properties": {"camera:direction": "250", "camera:mount": "pole", "camera:type": "fixed", "check_date": "2025-12-31", "layer": "0", "level": "0", "man_made": "surveillance", "surveillance": "public", "surveillance:type": "camera", "surveillance:zone": "public_transport_platform", "osm_id": 13420702976, "osm_type": "node"}}, {"type": "Feature", "geometry": {"type": "Point", "coordinates": [10.0067925, 53.5521252]}, "properties": {"camera:mount": "ceiling", "camera:type": "dome", "check_date": "2025-12-31", "height": "3.5", "layer": "0", "level": "0", "man_made": "surveillance", "surveillance": "indoor", "surveillance:type": "camera", "osm_id": 13420702977, "osm_type": "node"}}, {"type": "Feature", "geometry": {"type": "Point", "coordinates": [10.0064188, 53.5520718]}, "properties": {"camera:direction": "350", "camera:mount": "pole", "camera:type": "fixed", "check_date": "2025-12-31", "layer": "0", "level": "0", "man_made": "surveillance", "surveillance": "public", "surveillance:type": "camera", "surveillance:zone": "public_transport_platform", "osm_id": 13420702978, "osm_type": "node"}}, {"type": "Feature", "geometry": {"type": "Point", "coordinates": [10.0064679, 53.5520443]}, "properties": {"camera:mount": "ceiling", "camera:type": "dome", "check_date": "2025-12-31", "height": "3.5", "layer": "0", "level": "0", "man_made": "surveillance", "surveillance": "indoor", "surveillance:type": "camera", "osm_id": 13420702979, "osm_type": "node"}}, {"type": "Feature", "geometry": {"type": "Point", "coordinates": [10.0063226, 53.5521388]}, "properties": {"camera:direction": "250", "camera:mount": "pole", "camera:type": "fixed", "check_date": "2025-12-31", "layer": "0", "level": "0", "man_made": "surveillance", "surveillance": "public", "surveillance:type": "camera", "surveillance:zone": "public_transport_platform", "osm_id": 13420702980, "osm_type": "node"}}, {"type": "Feature", "geometry": {"type": "Point", "coordinates": [10.0065644, 53.5520881]}, "properties": {"camera:mount": "ceiling", "camera:type": "dome", "check_date": "2025-12-31", "height": "3.5", "layer": "0", "level": "0", "man_made": "surveillance", "surveillance": "indoor", "surveillance:type": "camera", "osm_id": 13420702981, "osm_type": "node"}}, {"type": "Feature", "geometry": {"type": "Point", "coordinates": [10.0064947, 53.5521144]}, "properties": {"camera:mount": "ceiling", "camera:type": "dome", "check_date": "2025-12-31", "layer": "0", "level": "0", "man_made": "surveillance", "surveillance": "public", "surveillance:type": "camera", "surveillance:zone": "public_transport_platform", "osm_id": 13420702982, "osm_type": "node"}}, {"type": "Feature", "geometry": {"type": "Point", "coordinates": [10.0072285, 53.5522479]}, "properties": {"camera:mount": "pole", "camera:type": "dome", "check_date": "2025-12-31", "layer": "0", "level": "0", "man_made": "surveillance", "surveillance": "public", "surveillance:type": "camera", "surveillance:zone": "public_transport_platform", "osm_id": 13420702983, "osm_type": "node"}}, {"type": "Feature", "geometry": {"type": "Point", "coordinates": [10.0065084, 53.552095]}, "properties": {"camera:mount": "ceiling", "camera:type": "dome", "check_date": "2025-12-31", "height": "3.5", "layer": "0", "level": "0", "man_made": "surveillance", "surveillance": "indoor", "surveillance:type": "camera", "osm_id": 13420702984, "osm_type": "node"}}, {"type": "Feature", "geometry": {"type": "Point", "coordinates": [10.0067197, 53.5521144]}, "properties": {"camera:direction": "350", "camera:mount": "pole", "camera:type": "fixed", "check_date": "2025-12-31", "layer": "0", "level": "0", "man_made": "surveillance", "surveillance": "public", "surveillance:type": "camera", "surveillance:zone": "public_transport_platform", "osm_id": 13420702985, "osm_type": "node"}}, {"type": "Feature", "geometry": {"type": "Point", "coordinates": [10.00672, 53.5512282]}, "properties": {"camera:mount": "ceiling", "camera:type": "dome", "check_date": "2025-12-31", "level": "-1", "man_made": "surveillance", "surveillance": "public", "surveillance:type": "camera", "surveillance:zone": "public_transport_platform", "osm_id": 13420705292, "osm_type": "node"}}, {"type": "Feature", "geometry": {"type": "Point", "coordinates": [10.0066205, 53.551313]}, "properties": {"camera:mount": "ceiling", "camera:type": "dome", "check_date": "2025-12-31", "level": "-1", "man_made": "surveillance", "surveillance": "public", "surveillance:type": "camera", "surveillance:zone": "public_transport_platform", "osm_id": 13420705293, "osm_type": "node"}}, {"type": "Feature", "geometry": {"type": "Point", "coordinates": [10.0064408, 53.5514712]}, "properties": {"camera:angle": "50", "camera:direction": "270", "camera:mount": "wall", "camera:type": "fixed", "height": "3", "level": "0", "man_made": "surveillance", "surveillance": "outdoor", "surveillance:type": "camera", "osm_id": 13420721811, "osm_type": "node"}}, {"type": "Feature", "geometry": {"type": "Point", "coordinates": [10.0030981, 53.5511941]}, "properties": {"addr:housenumber": "7", "addr:street": "Mönckebergstraße", "check_date": "2025-09-05", "check_date:opening_hours": "2026-02-03", "contact:website": "https://www.toeddensen.de/", "level": "1", "name": "Carl Töddensen - Gutes aus Manufakturen", "opening_hours": "Mo-Sa 10:30-18:00", "shop": "department_store", "wheelchair": "yes", "osm_id": 13790868293, "osm_type": "node"}}, {"type": "Feature", "geometry": {"type": "Point", "coordinates": [10.0052717, 53.5523582]}, "properties": {"entrance": "staircase", "osm_id": 13936798857, "osm_type": "node"}}, {"type": "Feature", "geometry": {"type": "Point", "coordinates": [10.0104214, 53.550117]}, "properties": {"note": "EW 54-760-1:14 IBW", "railway": "switch", "railway:local_operated": "no", "railway:radius": "760", "railway:switch": "inner_curved", "railway:switch:electric": "yes", "railway:switch:resetting": "no", "ref": "44", "osm_id": 11206070, "osm_type": "node"}}, {"type": "Feature", "geometry": {"type": "Point", "coordinates": [10.0108798, 53.5500403]}, "properties": {"railway": "switch", "railway:local_operated": "no", "railway:switch": "default", "railway:switch:electric": "yes", "railway:switch:resetting": "no", "ref": "42", "osm_id": 24764373, "osm_type": "node"}}, {"type": "Feature", "geometry": {"type": "Point", "coordinates": [10.0077511, 53.5515459]}, "properties": {"level": "-1", "local_ref": "6A-C", "name": "Hamburg Hauptbahnhof", "public_transport": "stop_position", "railway": "stop", "train": "yes", "osm_id": 25081442, "osm_type": "node"}}, {"type": "Feature", "geometry": {"type": "Point", "coordinates": [10.0093799, 53.550522]}, "properties": {"railway": "switch", "railway:local_operated": "no", "railway:switch": "default", "railway:switch:electric": "yes", "railway:switch:resetting": "no", "ref": "46", "osm_id": 31161158, "osm_type": "node"}}, {"type": "Feature", "geometry": {"type": "Point", "coordinates": [10.0091269, 53.5503661]}, "properties": {"railway": "switch", "railway:local_operated": "no", "railway:switch": "default", "railway:switch:electric": "yes", "railway:switch:resetting": "no", "ref": "311", "osm_id": 315220224, "osm_type": "node"}}, {"type": "Feature", "geometry": {"type": "Point", "coordinates": [10.0075035, 53.5493546]}, "properties": {"railway": "switch", "railway:local_operated": "no", "railway:switch": "default", "railway:switch:electric": "yes", "railway:switch:heated": "yes", "railway:switch:resetting": "no", "ref": "215", "osm_id": 315220263, "osm_type": "node"}}, {"type": "Feature", "geometry": {"type": "Point", "coordinates": [10.0085678, 53.5508698]}, "properties": {"description": "H/V-Hauptsignal mit Vr-Vorsignal in südöstlicher Richtung", "level": "-1", "railway": "signal", "railway:signal:brake_test": "DE-ESO:zp", "railway:signal:brake_test:deactivated": "no", "railway:signal:brake_test:form": "light", "railway:signal:brake_test:states": "DE-ESO:db:zp6;DE-ESO:db:zp7;DE-ESO:db:zp8", "railway:signal:departure": "DE-ESO:zp", "railway:signal:departure:deactivated": "no", "railway:signal:departure:form": "light", "railway:signal:departure:states": "DE-ESO:zp9;DE-ESO:zp10", "railway:signal:direction": "forward", "railway:signal:distant": "DE-ESO:vr", "railway:signal:distant:deactivated": "no", "railway:signal:distant:form": "light", "railway:signal:distant:height": "normal", "railway:signal:distant:repeated": "no", "railway:signal:distant:states": "DE-ESO:vr0;DE-ESO:vr1;off", "railway:signal:main": "DE-ESO:hp", "railway:signal:main:form": "light", "railway:signal:main:function": "exit", "railway:signal:main:height": "normal", "railway:signal:main:states": "DE-ESO:hp0;DE-ESO:hp2", "railway:signal:main:substitute_signal": "DE-ESO:db:zs1", "railway:signal:minor": "DE-ESO:sh1", "railway:signal:minor:form": "light", "railway:signal:position": "right", "railway:signal:route": "DE-ESO:zs2", "railway:signal:route:deactivated": "no", "railway:signal:route:form": "light", "railway:signal:route:states": "B;L", "railway:signal:traversable": "DE-ESO:mastschild_rot-weiss", "railway:signal:traversable:type": "dictated_default_speed;written_default_speed", "ref": "O5", "source": "estimation; survey", "osm_id": 315221420, "osm_type": "node"}}, {"type": "Feature", "geometry": {"type": "Point", "coordinates": [10.0081243, 53.5522111]}, "properties": {"level": "-1", "light_rail": "yes", "local_ref": "2", "name": "Hamburg Hauptbahnhof", "network": "Hamburger Verkehrsverbund", "operator": "S-Bahn Hamburg GmbH", "operator:wikidata": "Q99869216", "public_transport": "stop_position", "railway": "stop", "subway": "no", "train": "yes", "osm_id": 315230133, "osm_type": "node"}}, {"type": "Feature", "geometry": {"type": "Point", "coordinates": [10.010535, 53.552068]}, "properties": {"check_date:wheelchair": "2024-05-17", "entrance": "yes", "name": "ZOB", "railway": "subway_entrance", "wheelchair": "no", "osm_id": 480372897, "osm_type": "node"}}, {"type": "Feature", "geometry": {"type": "Point", "coordinates": [10.0102946, 53.5525446]}, "properties": {"check_date:wheelchair": "2024-01-20", "entrance": "yes", "name": "Adenauerallee", "railway": "subway_entrance", "wheelchair": "no", "osm_id": 480372905, "osm_type": "node"}}, {"type": "Feature", "geometry": {"type": "Point", "coordinates": [10.0088778, 53.5522109]}, "properties": {"TMC:cid_58:tabcd_1:Direction": "negative", "TMC:cid_58:tabcd_1:LCLversion": "8.00", "TMC:cid_58:tabcd_1:LocationCode": "53928", "TMC:cid_58:tabcd_1:NextLocationCode": "53929", "TMC:cid_58:tabcd_1:PrevLocationCode": "53927", "osm_id": 517871438, "osm_type": "node"}}, {"type": "Feature", "geometry": {"type": "Point", "coordinates": [10.0101597, 53.5524921]}, "properties": {"level": "-1", "osm_id": 518727045, "osm_type": "node"}}, {"type": "Feature", "geometry": {"type": "Point", "coordinates": [10.01039, 53.5500729]}, "properties": {"railway": "switch", "railway:local_operated": "no", "railway:switch": "default", "railway:switch:electric": "yes", "railway:switch:resetting": "no", "ref": "43", "osm_id": 534744596, "osm_type": "node"}}, {"type": "Feature", "geometry": {"type": "Point", "coordinates": [10.0089357, 53.5511136]}, "properties": {"level": "-1", "railway": "switch", "railway:local_operated": "no", "railway:switch:electric": "yes", "railway:switch:resetting": "no", "ref": "40", "osm_id": 534744629, "osm_type": "node"}}, {"type": "Feature", "geometry": {"type": "Point", "coordinates": [10.0094632, 53.5503743]}, "properties": {"railway": "switch", "railway:local_operated": "no", "railway:switch:electric": "yes", "railway:switch:resetting": "no", "ref": "313", "osm_id": 535450126, "osm_type": "node"}}, {"type": "Feature", "geometry": {"type": "Point", "coordinates": [10.0096333, 53.5520248]}, "properties": {"name": "Hauptbahnhof Süd", "network": "HVV", "public_transport": "stop_position", "railway": "stop", "ref": "2", "subway": "yes", "osm_id": 540999013, "osm_type": "node"}}, {"type": "Feature", "geometry": {"type": "Point", "coordinates": [10.008494, 53.5518806]}, "properties": {"check_date:wheelchair": "2023-05-07", "entrance": "yes", "entrance_marker:subway": "yes", "name": "Hauptbahnhof Süd", "railway": "subway_entrance", "wheelchair": "yes", "osm_id": 563245816, "osm_type": "node"}}, {"type": "Feature", "geometry": {"type": "Point", "coordinates": [10.0096119, 53.5511055]}, "properties": {"access": "yes", "amenity": "library", "description": "Kunstwissenschaftliche Fachbibliothek. Eine Ausleihe ist nicht möglich.", "email": "bibliothek@mkg-hamburg.de", "fax": "+49 40 428134209", "level": "-1", "level:ref": "UG", "name": "Gerd Bucerius Bibliothek", "opening_hours": "Tu-Th 12:00-16:00", "phone": "+49 40 428134203", "ref:isil": "DE-H22", "website": "https://www.mkg-hamburg.de/bibliothek", "wheelchair": "yes", "wikidata": "Q28733431", "osm_id": 585008249, "osm_type": "node"}}, {"type": "Feature", "geometry": {"type": "Point", "coordinates": [10.0074909, 53.5494308]}, "properties": {"railway": "switch", "railway:local_operated": "no", "railway:switch": "default", "railway:switch:electric": "yes", "railway:switch:heated": "yes", "railway:switch:resetting": "no", "ref": "216", "osm_id": 734903988, "osm_type": "node"}}, {"type": "Feature", "geometry": {"type": "Point", "coordinates": [10.0073517, 53.5502167]}, "properties": {"level": "-1", "railway": "switch", "railway:local_operated": "no", "railway:switch": "default", "railway:switch:electric": "yes", "railway:switch:resetting": "no", "ref": "233", "osm_id": 734903992, "osm_type": "node"}}, {"type": "Feature", "geometry": {"type": "Point", "coordinates": [10.0073722, 53.5499463]}, "properties": {"railway": "switch", "railway:local_operated": "no", "railway:switch": "default", "railway:switch:electric": "yes", "railway:switch:heated": "yes", "railway:switch:resetting": "no", "ref": "219", "osm_id": 734903993, "osm_type": "node"}}, {"type": "Feature", "geometry": {"type": "Point", "coordinates": [10.0074233, 53.5494438]}, "properties": {"railway": "switch", "railway:local_operated": "no", "railway:switch": "default", "railway:switch:electric": "yes", "railway:switch:heated": "yes", "railway:switch:resetting": "no", "ref": "218", "osm_id": 734905010, "osm_type": "node"}}, {"type": "Feature", "geometry": {"type": "Point", "coordinates": [10.0074341, 53.5493642]}, "properties": {"railway": "switch", "railway:local_operated": "no", "railway:switch:electric": "yes", "railway:switch:heated": "yes", "railway:switch:resetting": "no", "ref": "217", "osm_id": 734905505, "osm_type": "node"}}, {"type": "Feature", "geometry": {"type": "Point", "coordinates": [10.0073896, 53.5508661]}, "properties": {"level": "-1", "railway": "switch", "railway:local_operated": "no", "railway:switch:electric": "yes", "railway:switch:heated": "yes", "railway:switch:resetting": "no", "ref": "235", "osm_id": 734941876, "osm_type": "node"}}, {"type": "Feature", "geometry": {"type": "Point", "coordinates": [10.008382, 53.5507375]}, "properties": {"description": "H/V-Hauptsignal mit Vr-Vorsignal in südöstlicher Richtung", "level": "-1", "note": "Zeigt hp2/vr1 (ohne verkürzten Bremswegabstand) uns zs2 \"B\" für Ausfahrten Richtung Berlin", "railway": "signal", "railway:signal:brake_test": "DE-ESO:zp", "railway:signal:brake_test:deactivated": "no", "railway:signal:brake_test:form": "light", "railway:signal:brake_test:states": "DE-ESO:db:zp6;DE-ESO:db:zp7;DE-ESO:db:zp8", "railway:signal:departure": "DE-ESO:zp", "railway:signal:departure:deactivated": "no", "railway:signal:departure:form": "light", "railway:signal:departure:states": "DE-ESO:zp9;DE-ESO:zp10", "railway:signal:direction": "forward", "railway:signal:distant": "DE-ESO:vr", "railway:signal:distant:deactivated": "no", "railway:signal:distant:form": "light", "railway:signal:distant:height": "normal", "railway:signal:distant:repeated": "no", "railway:signal:distant:shape": "classic", "railway:signal:distant:shortened": "no", "railway:signal:distant:states": "DE-ESO:vr0;DE-ESO:vr1;off", "railway:signal:main": "DE-ESO:hp", "railway:signal:main:deactivated": "no", "railway:signal:main:form": "light", "railway:signal:main:function": "exit", "railway:signal:main:height": "normal", "railway:signal:main:states": "DE-ESO:hp0;DE-ESO:hp2", "railway:signal:main:substitute_signal": "DE-ESO:db:zs1", "railway:signal:minor": "DE-ESO:sh1", "railway:signal:minor:form": "light", "railway:signal:position": "right", "railway:signal:route": "DE-ESO:zs2", "railway:signal:route:deactivated": "no", "railway:signal:route:form": "light", "railway:signal:route:states": "B;L", "railway:signal:traversable": "DE-ESO:mastschild_rot-weiss", "railway:signal:traversable:type": "dictated_default_speed;written_default_speed", "ref": "O8", "source": "estimation; survey", "osm_id": 986373166, "osm_type": "node"}}, {"type": "Feature", "geometry": {"type": "Point", "coordinates": [10.0084124, 53.5508045]}, "properties": {"description": "H/V-Hauptsignal mit Vr-Vorsignal in südöstlicher Richtung", "level": "-1", "note": "Zeigt hp2/vr1 (ohne verkürzten Bremswegabstand) und zs2 \"L\" für Ausfahrten Richtung Lübeck", "railway": "signal", "railway:signal:brake_test": "DE-ESO:zp", "railway:signal:brake_test:deactivated": "no", "railway:signal:brake_test:form": "light", "railway:signal:brake_test:states": "DE-ESO:db:zp6;DE-ESO:db:zp7;DE-ESO:db:zp8", "railway:signal:departure": "DE-ESO:zp", "railway:signal:departure:deactivated": "no", "railway:signal:departure:form": "light", "railway:signal:departure:states": "DE-ESO:zp9;DE-ESO:zp10", "railway:signal:direction": "forward", "railway:signal:distant": "DE-ESO:vr", "railway:signal:distant:deactivated": "no", "railway:signal:distant:form": "light", "railway:signal:distant:height": "normal", "railway:signal:distant:repeated": "no", "railway:signal:distant:shape": "compact", "railway:signal:distant:shortened": "no", "railway:signal:distant:states": "DE-ESO:vr0;DE-ESO:vr1;off", "railway:signal:main": "DE-ESO:hp", "railway:signal:main:form": "light", "railway:signal:main:function": "exit", "railway:signal:main:height": "normal", "railway:signal:main:states": "DE-ESO:hp0;DE-ESO:hp2", "railway:signal:main:substitute_signal": "DE-ESO:db:zs1", "railway:signal:minor": "DE-ESO:sh1", "railway:signal:minor:form": "light", "railway:signal:position": "right", "railway:signal:route": "DE-ESO:zs2", "railway:signal:route:deactivated": "no", "railway:signal:route:form": "light", "railway:signal:route:states": "B;L", "railway:signal:traversable": "DE-ESO:mastschild_rot-weiss", "railway:signal:traversable:type": "dictated_default_speed;written_default_speed", "ref": "O7", "source": "estimation; survey", "osm_id": 986373278, "osm_type": "node"}}, {"type": "Feature", "geometry": {"type": "Point", "coordinates": [10.0076657, 53.5515984]}, "properties": {"level": "-2", "osm_id": 1133573630, "osm_type": "node"}}, {"type": "Feature", "geometry": {"type": "Point", "coordinates": [10.009546, 53.5523259]}, "properties": {"description": "Hauptbahnhof Süd", "name": "Hauptbahnhof Süd", "network": "Hamburger Verkehrsverbund", "network:short": "HVV", "network:wikidata": "Q896916", "operator": "Hamburger Hochbahn AG", "public_transport": "stop_position", "railway": "stop", "subway": "yes", "osm_id": 1145811376, "osm_type": "node"}}, {"type": "Feature", "geometry": {"type": "Point", "coordinates": [10.0096592, 53.5519032]}, "properties": {"name": "Hauptbahnhof Süd", "network": "HVV", "public_transport": "stop_position", "railway": "stop", "ref": "1", "subway": "yes", "osm_id": 1145811379, "osm_type": "node"}}, {"type": "Feature", "geometry": {"type": "Point", "coordinates": [10.007497, 53.5517746]}, "properties": {"level": "-1", "local_ref": "7A-D", "name": "Hamburg Hauptbahnhof", "public_transport": "stop_position", "railway": "stop", "train": "yes", "osm_id": 1238439077, "osm_type": "node"}}, {"type": "Feature", "geometry": {"type": "Point", "coordinates": [10.0080212, 53.5518566]}, "properties": {"level": "-1", "railway": "signal", "railway:signal:direction": "forward", "railway:signal:position": "left", "railway:signal:stop": "DE-ESO:ne5", "railway:signal:stop:caption": "Kurzzug", "railway:signal:stop:form": "sign", "railway:signal:stop:height": "dwarf", "osm_id": 1238955290, "osm_type": "node"}}, {"type": "Feature", "geometry": {"type": "Point", "coordinates": [10.0104545, 53.5499038]}, "properties": {"railway": "switch", "railway:local_operated": "no", "railway:switch": "default", "railway:switch:electric": "yes", "railway:switch:resetting": "no", "ref": "307", "osm_id": 1239081983, "osm_type": "node"}}, {"type": "Feature", "geometry": {"type": "Point", "coordinates": [10.0104322, 53.5501758]}, "properties": {"note": "EW 54-760-1:14 IBW", "railway": "switch", "railway:local_operated": "no", "railway:radius": "760", "railway:switch": "inner_curved", "railway:switch:electric": "yes", "railway:switch:resetting": "no", "ref": "45", "osm_id": 1239081996, "osm_type": "node"}}, {"type": "Feature", "geometry": {"type": "Point", "coordinates": [10.0107773, 53.5500124]}, "properties": {"railway": "switch", "railway:local_operated": "no", "railway:switch": "default", "railway:switch:electric": "yes", "railway:switch:resetting": "no", "ref": "41", "osm_id": 1239082018, "osm_type": "node"}}, {"type": "Feature", "geometry": {"type": "Point", "coordinates": [10.0105056, 53.549936]}, "properties": {"railway": "switch", "railway:local_operated": "no", "railway:switch": "default", "railway:switch:electric": "yes", "railway:switch:resetting": "no", "ref": "308", "osm_id": 1239082032, "osm_type": "node"}}, {"type": "Feature", "geometry": {"type": "Point", "coordinates": [10.0094802, 53.5505694]}, "properties": {"railway": "switch", "railway:local_operated": "no", "railway:switch:electric": "yes", "railway:switch:resetting": "no", "osm_id": 1239082035, "osm_type": "node"}}, {"type": "Feature", "geometry": {"type": "Point", "coordinates": [10.0083178, 53.5522329]}, "properties": {"level": "-1", "light_rail": "yes", "local_ref": "1", "name": "Hamburg Hauptbahnhof", "network": "Hamburger Verkehrsverbund", "operator": "S-Bahn Hamburg GmbH", "operator:wikidata": "Q99869216", "public_transport": "stop_position", "railway": "stop", "subway": "no", "train": "yes", "osm_id": 1359198009, "osm_type": "node"}}, {"type": "Feature", "geometry": {"type": "Point", "coordinates": [10.0077688, 53.552546]}, "properties": {"level": "-1", "light_rail": "yes", "local_ref": "3", "name": "Hamburg Hauptbahnhof", "network": "Hamburger Verkehrsverbund", "operator": "S-Bahn Hamburg GmbH", "operator:wikidata": "Q99869216", "public_transport": "stop_position", "railway": "stop", "subway": "no", "osm_id": 1359198012, "osm_type": "node"}}, {"type": "Feature", "geometry": {"type": "Point", "coordinates": [10.0075634, 53.552512]}, "properties": {"level": "-1", "light_rail": "yes", "local_ref": "4", "name": "Hamburg Hauptbahnhof", "network": "Hamburger Verkehrsverbund", "operator": "S-Bahn Hamburg GmbH", "operator:wikidata": "Q99869216", "public_transport": "stop_position", "railway": "stop", "subway": "no", "train": "yes", "osm_id": 1412279568, "osm_type": "node"}}, {"type": "Feature", "geometry": {"type": "Point", "coordinates": [10.0078823, 53.5515845]}, "properties": {"level": "-1", "local_ref": "5A-C", "name": "Hamburg Hauptbahnhof", "public_transport": "stop_position", "railway": "stop", "train": "yes", "osm_id": 1508604304, "osm_type": "node"}}, {"type": "Feature", "geometry": {"type": "Point", "coordinates": [10.0075573, 53.5522307]}, "properties": {"level": "-1", "railway": "signal", "railway:signal:direction": "forward", "railway:signal:main_repeated": "DE-ESO:fahrtanzeiger", "railway:signal:main_repeated:deactivated": "no", "railway:signal:main_repeated:form": "light", "railway:signal:position": "bridge", "ref": "O5", "osm_id": 1508604333, "osm_type": "node"}}, {"type": "Feature", "geometry": {"type": "Point", "coordinates": [10.0085598, 53.5507873]}, "properties": {"description": "H/V-Hauptsignal mit Vr-Vorsignal in südöstlicher Richtung", "level": "-1", "railway": "signal", "railway:signal:brake_test": "DE-ESO:zp", "railway:signal:brake_test:deactivated": "no", "railway:signal:brake_test:form": "light", "railway:signal:brake_test:states": "DE-ESO:db:zp6;DE-ESO:db:zp7;DE-ESO:db:zp8", "railway:signal:direction": "forward", "railway:signal:distant": "DE-ESO:vr", "railway:signal:distant:deactivated": "no", "railway:signal:distant:form": "light", "railway:signal:distant:height": "normal", "railway:signal:distant:repeated": "no", "railway:signal:distant:states": "DE-ESO:vr0;DE-ESO:vr1;off", "railway:signal:main": "DE-ESO:hp", "railway:signal:main:form": "light", "railway:signal:main:function": "exit", "railway:signal:main:height": "normal", "railway:signal:main:states": "DE-ESO:hp0;DE-ESO:hp2", "railway:signal:main:substitute_signal": "DE-ESO:db:zs1", "railway:signal:minor": "DE-ESO:sh1", "railway:signal:minor:form": "light", "railway:signal:position": "right", "railway:signal:route": "DE-ESO:zs2", "railway:signal:route:deactivated": "no", "railway:signal:route:form": "light", "railway:signal:route:states": "B;L", "railway:signal:traversable": "DE-ESO:mastschild_rot-weiss", "railway:signal:traversable:type": "dictated_default_speed;written_default_speed", "ref": "O6", "source": "estimation; survey", "osm_id": 1553530728, "osm_type": "node"}}, {"type": "Feature", "geometry": {"type": "Point", "coordinates": [10.008048, 53.5523642]}, "properties": {"amenity": "post_box", "check_date": "2024-06-20", "collection_times": "Mo-Fr 18:00; Sa 12:00; Su 09:00", "count": "2", "level": "0", "operator": "Deutsche Post", "operator:wikidata": "Q157645", "operator:wikipedia": "de:Deutsche Post AG", "ref": "Steintorplatz, 20099 Hamburg", "osm_id": 1655891790, "osm_type": "node"}}, {"type": "Feature", "geometry": {"type": "Point", "coordinates": [10.0082474, 53.551242]}, "properties": {"description": "Zs 2 \"H\" für Harburg \"B\" für Berliner Tor", "level": "-1", "railway": "signal", "railway:signal:combined": "DE-ESO:sv", "railway:signal:combined:deactivated": "no", "railway:signal:combined:form": "light", "railway:signal:combined:function": "intermediate", "railway:signal:combined:height": "normal", "railway:signal:combined:shortened": "no", "railway:signal:combined:states": "DE-ESO:hp0;DE-ESO:sv0;DE-ESO:sv1;DE-ESO:sv2;DE-ESO:sv3;DE-ESO:sv4;DE-ESO:sv5;DE-ESO:sv6", "railway:signal:combined:substitute_signal": "DE-ESO:db:zs12", "railway:signal:departure": "DE-ESO:zp", "railway:signal:departure:form": "light", "railway:signal:departure:states": "DE-ESO:zp10;DE-ESO:zp9", "railway:signal:direction": "forward", "railway:signal:minor": "DE-ESO:sh", "railway:signal:minor:deactivated": "no", "railway:signal:minor:form": "light", "railway:signal:minor:height": "normal", "railway:signal:minor:states": "DE-ESO:hp0;DE-ESO:sh1;DE-ESO:kennlicht", "railway:signal:position": "left", "railway:signal:route": "DE-ESO:zs2", "railway:signal:route:deactivated": "no", "railway:signal:route:form": "light", "railway:signal:route:states": "H;B", "railway:signal:traversable": "DE-ESO:mastschild_rot-weiss", "railway:signal:traversable:type": "dictated_default_speed;written_default_speed", "ref": "14", "osm_id": 1677782591, "osm_type": "node"}}, {"type": "Feature", "geometry": {"type": "Point", "coordinates": [10.0082615, 53.5524815]}, "properties": {"addr:city": "Hamburg", "addr:housenumber": "16", "addr:place": "Hachmannplatz", "addr:postcode": "20099", "entrance": "yes", "osm_id": 2127149514, "osm_type": "node"}}, {"type": "Feature", "geometry": {"type": "Point", "coordinates": [10.0075644, 53.5526959]}, "properties": {"departures_board": "realtime", "departures_board:speech_output": "no", "hvv:psv_type": "S", "level": "-1", "light_rail": "yes", "name": "Hamburg Hauptbahnhof", "network": "Hamburger Verkehrsverbund", "network:short": "HVV", "network:wikidata": "Q896916", "note": "Der Bahnhof der S-Bahn ist eine separate Betriebsstelle und daher ein separater Bahnhofs-Node!", "official_name": "Hamburg Hbf (S-Bahn)", "operator": "S-Bahn Hamburg GmbH", "operator:wikidata": "Q99869216", "public_transport": "station", "public_transport:station:part": "yes", "railway": "station", "railway:ref": "AHS", "railway:station:part": "yes", "railway:station_category": "1", "ref:IFOPT": "de:02000:10950", "ref:ibnr": "8098549", "ref:station": "2514", "short_name": "Hamburg Hbf", "station": "light_rail", "toilets:wheelchair": "yes", "train": "yes", "uic_name": "Hamburg Hbf (S-Bahn)", "uic_ref": "8001020", "website": "https://www.bahnhof.de/hamburg-hbf", "wheelchair": "limited", "wikidata": "Q6456", "wikipedia": "de:Hamburg Hauptbahnhof", "osm_id": 2459919677, "osm_type": "node"}}, {"type": "Feature", "geometry": {"type": "Point", "coordinates": [10.0084513, 53.5506517]}, "properties": {"description": "einfache Tafel unterhalb der Brücke", "level": "-1", "operator": "DB Netz AG", "railway": "milestone", "railway:milestone:catenary_mast": "no", "railway:milestone:emergency_brake_override": "no", "railway:position": "286.3", "osm_id": 2703781403, "osm_type": "node"}}, {"type": "Feature", "geometry": {"type": "Point", "coordinates": [10.0085031, 53.5506743]}, "properties": {"description": "einfache Tafel unterhalb der Brücke", "level": "-1", "railway": "milestone", "railway:milestone:catenary_mast": "no", "railway:milestone:emergency_brake_override": "no", "railway:position": "286.3", "osm_id": 2703781404, "osm_type": "node"}}, {"type": "Feature", "geometry": {"type": "Point", "coordinates": [10.0088969, 53.5506004]}, "properties": {"fixme": "Weichenverlauf ist noch zu kartieren", "level": "-1", "railway": "switch", "railway:local_operated": "no", "railway:switch": "default", "railway:switch:electric": "yes", "railway:switch:resetting": "no", "ref": "314", "osm_id": 2703781405, "osm_type": "node"}}, {"type": "Feature", "geometry": {"type": "Point", "coordinates": [10.009903, 53.5514132]}, "properties": {"entrance": "main", "osm_id": 2780264614, "osm_type": "node"}}, {"type": "Feature", "geometry": {"type": "Point", "coordinates": [10.010532, 53.5519808]}, "properties": {"level": "-2", "osm_id": 3020952117, "osm_type": "node"}}, {"type": "Feature", "geometry": {"type": "Point", "coordinates": [10.0094682, 53.5505755]}, "properties": {"railway": "signal", "railway:signal:combined": "DE-ESO:sv", "railway:signal:combined:deactivated": "no", "railway:signal:combined:form": "light", "railway:signal:combined:function": "intermediate", "railway:signal:combined:height": "normal", "railway:signal:combined:states": "DE-ESO:hp0;DE-ESO:sv0;DE-ESO:sv1;DE-ESO:sv2", "railway:signal:combined:substitute_signal": "DE-ESO:db:zs12", "railway:signal:direction": "forward", "railway:signal:distant:shortened": "yes", "railway:signal:minor": "DE-ESO:sh", "railway:signal:minor:form": "light", "railway:signal:minor:height": "dwarf", "railway:signal:minor:states": "DE-ESO:hp0;DE-ESO:sh1", "railway:signal:position": "left", "railway:signal:traversable": "DE-ESO:mastschild_rot-weiss", "railway:signal:traversable:type": "dictated_default_speed;written_default_speed", "ref": "42", "osm_id": 3057461342, "osm_type": "node"}}, {"type": "Feature", "geometry": {"type": "Point", "coordinates": [10.0095626, 53.5505809]}, "properties": {"railway": "signal", "railway:signal:combined": "DE-ESO:sv", "railway:signal:combined:deactivated": "no", "railway:signal:combined:form": "light", "railway:signal:combined:function": "intermediate", "railway:signal:combined:height": "normal", "railway:signal:combined:states": "DE-ESO:hp0;DE-ESO:sv0;DE-ESO:sv1;DE-ESO:sv2;DE-ESO:sv4;DE-ESO:sv6", "railway:signal:combined:substitute_signal": "DE-ESO:db:zs12", "railway:signal:direction": "forward", "railway:signal:distant:shortened": "yes", "railway:signal:minor": "DE-ESO:sh", "railway:signal:minor:form": "light", "railway:signal:minor:height": "dwarf", "railway:signal:minor:states": "DE-ESO:hp0;DE-ESO:sh1", "railway:signal:position": "left", "railway:signal:traversable": "DE-ESO:mastschild_rot-weiss", "railway:signal:traversable:type": "dictated_default_speed;written_default_speed", "ref": "21", "osm_id": 3057461343, "osm_type": "node"}}, {"type": "Feature", "geometry": {"type": "Point", "coordinates": [10.0096674, 53.55059]}, "properties": {"railway": "milestone", "railway:milestone:catenary_mast": "no", "railway:milestone:emergency_brake_override": "yes", "railway:position": "0.4", "osm_id": 3057461344, "osm_type": "node"}}, {"type": "Feature", "geometry": {"type": "Point", "coordinates": [10.0096418, 53.5506026]}, "properties": {"railway": "signal", "railway:signal:combined": "DE-ESO:sv", "railway:signal:combined:deactivated": "no", "railway:signal:combined:form": "light", "railway:signal:combined:function": "intermediate", "railway:signal:combined:height": "normal", "railway:signal:combined:states": "DE-ESO:hp0;DE-ESO:sv0;DE-ESO:sv1;DE-ESO:sv2", "railway:signal:combined:substitute_signal": "DE-ESO:db:zs12", "railway:signal:direction": "forward", "railway:signal:distant:shortened": "yes", "railway:signal:position": "left", "railway:signal:traversable": "DE-ESO:mastschild_rot-weiss", "railway:signal:traversable:type": "dictated_default_speed;written_default_speed", "ref": "41", "osm_id": 3057461345, "osm_type": "node"}}, {"type": "Feature", "geometry": {"type": "Point", "coordinates": [10.0095878, 53.5502216]}, "properties": {"railway": "switch", "railway:local_operated": "no", "railway:switch": "default", "railway:switch:electric": "yes", "railway:switch:resetting": "no", "ref": "309", "osm_id": 3073828387, "osm_type": "node"}}, {"type": "Feature", "geometry": {"type": "Point", "coordinates": [10.0074269, 53.5494066]}, "properties": {"railway": "signal", "railway:signal:direction": "forward", "railway:signal:distant": "DE-ESO:vr", "railway:signal:distant:deactivated": "no", "railway:signal:distant:form": "light", "railway:signal:distant:height": "normal", "railway:signal:distant:repeated": "no", "railway:signal:distant:shape": "compact", "railway:signal:distant:shortened": "yes", "railway:signal:distant:states": "DE-ESO:vr0;DE-ESO:vr1;DE-ESO:vr2;off", "railway:signal:main": "DE-ESO:hp", "railway:signal:main:deactivated": "no", "railway:signal:main:form": "light", "railway:signal:main:function": "exit", "railway:signal:main:height": "normal", "railway:signal:main:states": "DE-ESO:hp0;DE-ESO:hp1;DE-ESO:hp2;DE-ESO:kennlicht", "railway:signal:main:substitute_signal": "DE-ESO:db:zs1", "railway:signal:minor": "DE-ESO:sh1", "railway:signal:minor:form": "light", "railway:signal:position": "right", "railway:signal:traversable": "DE-ESO:mastschild_rot-weiss", "railway:signal:traversable:type": "dictated_default_speed;written_default_speed", "ref": "S28", "osm_id": 3081529882, "osm_type": "node"}}, {"type": "Feature", "geometry": {"type": "Point", "coordinates": [10.007424, 53.550654]}, "properties": {"level": "-1", "railway": "derail", "railway:derail": "wedge", "railway:local_operated": "no", "railway:signal:minor": "DE-ESO:sh0", "railway:signal:minor:deactivated": "no", "railway:signal:minor:form": "semaphore", "railway:signal:minor:height": "dwarf", "railway:signal:minor:states": "DE-ESO:sh0;DE-ESO:sh1", "ref": "Gs III", "osm_id": 3118519748, "osm_type": "node"}}, {"type": "Feature", "geometry": {"type": "Point", "coordinates": [10.0074213, 53.5506658]}, "properties": {"level": "-1", "railway": "signal", "railway:signal:direction": "forward", "railway:signal:minor": "DE-ESO:sh", "railway:signal:minor:deactivated": "no", "railway:signal:minor:form": "light", "railway:signal:minor:height": "dwarf", "railway:signal:minor:states": "DE-ESO:hp0;DE-ESO:sh1", "railway:signal:position": "right", "ref": "227 I", "osm_id": 3118519749, "osm_type": "node"}}, {"type": "Feature", "geometry": {"type": "Point", "coordinates": [10.0073873, 53.5506829]}, "properties": {"level": "-1", "railway": "signal", "railway:signal:direction": "backward", "railway:signal:minor": "DE-ESO:sh", "railway:signal:minor:deactivated": "no", "railway:signal:minor:form": "light", "railway:signal:minor:height": "dwarf", "railway:signal:minor:states": "DE-ESO:hp0;DE-ESO:sh1", "railway:signal:position": "left", "ref": "328 I", "osm_id": 3118519750, "osm_type": "node"}}, {"type": "Feature", "geometry": {"type": "Point", "coordinates": [10.0082967, 53.5507254]}, "properties": {"level": "-1", "railway": "signal", "railway:signal:direction": "backward", "railway:signal:minor": "DE-ESO:sh", "railway:signal:minor:deactivated": "no", "railway:signal:minor:form": "light", "railway:signal:minor:height": "dwarf", "railway:signal:minor:states": "DE-ESO:hp0;DE-ESO:sh1", "railway:signal:position": "left", "ref": "31 II", "osm_id": 3118519751, "osm_type": "node"}}, {"type": "Feature", "geometry": {"type": "Point", "coordinates": [10.007359, 53.5515032]}, "properties": {"level": "-1", "railway": "signal", "railway:position": "right", "railway:signal:direction": "forward", "railway:signal:minor": "DE-ESO:sh", "railway:signal:minor:deactivated": "no", "railway:signal:minor:form": "light", "railway:signal:minor:height": "dwarf", "railway:signal:minor:states": "DE-ESO:hp0;DE-ESO:sh1", "railway:signal:position": "right", "ref": "31 I", "osm_id": 3118519752, "osm_type": "node"}}, {"type": "Feature", "geometry": {"type": "Point", "coordinates": [10.0074077, 53.5515655]}, "properties": {"level": "-1", "railway": "signal", "railway:signal:direction": "backward", "railway:signal:minor": "DE-ESO:sh", "railway:signal:minor:deactivated": "no", "railway:signal:minor:form": "light", "railway:signal:minor:height": "normal", "railway:signal:minor:states": "DE-ESO:hp0;DE-ESO:sh1;DE-ESO:kennlicht", "railway:signal:position": "left", "ref": "208 I", "osm_id": 3118519753, "osm_type": "node"}}, {"type": "Feature", "geometry": {"type": "Point", "coordinates": [10.0083596, 53.5512742]}, "properties": {"level": "-1", "railway": "signal", "railway:signal:combined": "DE-ESO:sv", "railway:signal:combined:deactivated": "no", "railway:signal:combined:form": "light", "railway:signal:combined:function": "intermediate", "railway:signal:combined:height": "normal", "railway:signal:combined:shortened": "no", "railway:signal:combined:states": "DE-ESO:hp0;DE-ESO:sv0;DE-ESO:sv1;DE-ESO:sv2;DE-ESO:sv3;DE-ESO:sv4;DE-ESO:sv6", "railway:signal:combined:substitute_signal": "DE-ESO:db:zs12", "railway:signal:departure": "DE-ESO:zp", "railway:signal:departure:form": "light", "railway:signal:departure:states": "DE-ESO:zp10;DE-ESO:zp9", "railway:signal:direction": "forward", "railway:signal:minor": "DE-ESO:sh", "railway:signal:minor:deactivated": "no", "railway:signal:minor:form": "light", "railway:signal:minor:height": "normal", "railway:signal:minor:states": "DE-ESO:hp0;DE-ESO:sh1;DE-ESO:kennlicht", "railway:signal:position": "right", "railway:signal:route": "DE-ESO:zs2", "railway:signal:route:deactivated": "no", "railway:signal:route:form": "light", "railway:signal:route:states": "H;B", "railway:signal:traversable": "DE-ESO:mastschild_rot-weiss", "railway:signal:traversable:type": "dictated_default_speed;written_default_speed", "railway:signal:wrong_road": "DE-ESO:db:zs6", "railway:signal:wrong_road:form": "light", "ref": "13", "osm_id": 3128440993, "osm_type": "node"}}, {"type": "Feature", "geometry": {"type": "Point", "coordinates": [10.0074808, 53.5508407]}, "properties": {"level": "-1", "note": "3 Baken mit 1-3 Querstreifen", "railway": "signal", "railway:signal:distant_distant": "DE-ESO:db:ne3", "railway:signal:distant_distant:form": "sign", "railway:signal:distant_distant:height": "normal", "railway:signal:distant_distant:shortened": "yes", "osm_id": 3139210440, "osm_type": "node"}}, {"type": "Feature", "geometry": {"type": "Point", "coordinates": [10.0075802, 53.5509009]}, "properties": {"level": "-1", "railway": "signal", "railway:signal:speed_limit_distant": "DE-ESO:db:lf4", "railway:signal:speed_limit_distant:deactivated": "no", "railway:signal:speed_limit_distant:form": "sign", "railway:signal:speed_limit_distant:height": "normal", "railway:signal:speed_limit_distant:speed": "60", "osm_id": 3139210441, "osm_type": "node"}}, {"type": "Feature", "geometry": {"type": "Point", "coordinates": [10.0076244, 53.5509032]}, "properties": {"level": "-1", "railway": "signal", "railway:signal:main": "DE-ESO:ne1", "railway:signal:main:deactivated": "no", "railway:signal:main:form": "sign", "railway:signal:main:function": "entry", "railway:signal:main:height": "normal", "osm_id": 3139210442, "osm_type": "node"}}, {"type": "Feature", "geometry": {"type": "Point", "coordinates": [10.0074991, 53.5508576]}, "properties": {"level": "-1", "note": "3 Baken mit 1-3 Querstreifen", "railway": "signal", "railway:signal:distant_distant": "DE-ESO:db:ne3", "railway:signal:distant_distant:form": "sign", "railway:signal:distant_distant:height": "normal", "railway:signal:distant_distant:shortened": "yes", "osm_id": 3139210443, "osm_type": "node"}}, {"type": "Feature", "geometry": {"type": "Point", "coordinates": [10.007657, 53.5509077]}, "properties": {"level": "-1", "railway": "milestone", "railway:milestone:catenary_mast": "no", "railway:milestone:emergency_brake_override": "no", "railway:position": "50.8", "osm_id": 3139210444, "osm_type": "node"}}, {"type": "Feature", "geometry": {"type": "Point", "coordinates": [10.0077069, 53.5509089]}, "properties": {"level": "-1", "railway": "signal", "railway:signal:ring": "DE-ESO:bü5", "railway:signal:ring:deactivated": "no", "railway:signal:ring:form": "sign", "railway:signal:ring:only_transit": "no", "railway:signal:whistle": "DE-ESO:db:bü4", "railway:signal:whistle:deactivated": "no", "railway:signal:whistle:form": "sign", "railway:signal:whistle:only_transit": "no", "railway:signal:whistle:twice": "no", "osm_id": 3139210445, "osm_type": "node"}}, {"type": "Feature", "geometry": {"type": "Point", "coordinates": [10.007753, 53.5509123]}, "properties": {"level": "-1", "railway": "signal", "railway:signal:crossing_distant": "DE-ESO:bü2", "railway:signal:crossing_distant:deactivated": "no", "railway:signal:crossing_distant:form": "sign", "railway:signal:crossing_distant:repeated": "no", "railway:signal:crossing_distant:shortened": "no", "osm_id": 3139210446, "osm_type": "node"}}, {"type": "Feature", "geometry": {"type": "Point", "coordinates": [10.0075126, 53.5508912]}, "properties": {"level": "-1", "note": "3 Baken mit 1-3 Querstreifen", "railway": "signal", "railway:signal:distant_distant": "DE-ESO:db:ne3", "railway:signal:distant_distant:form": "sign", "railway:signal:distant_distant:height": "normal", "railway:signal:distant_distant:shortened": "yes", "osm_id": 3139210447, "osm_type": "node"}}, {"type": "Feature", "geometry": {"type": "Point", "coordinates": [10.0075977, 53.5509196]}, "properties": {"level": "-1", "railway": "signal", "railway:signal:stop": "DE-ESO:ne5", "railway:signal:stop:caption": "200 m", "railway:signal:stop:deactivated": "no", "railway:signal:stop:form": "sign", "railway:signal:stop:height": "normal", "osm_id": 3139210448, "osm_type": "node"}}, {"type": "Feature", "geometry": {"type": "Point", "coordinates": [10.0076801, 53.5509237]}, "properties": {"level": "-1", "railway": "signal", "railway:signal:shunting": "DE-ESO:ra11", "railway:signal:shunting:deactivated": "no", "railway:signal:shunting:form": "sign", "osm_id": 3139210449, "osm_type": "node"}}, {"type": "Feature", "geometry": {"type": "Point", "coordinates": [10.0075673, 53.5509552]}, "properties": {"level": "-1", "railway": "signal", "railway:signal:shunting": "DE-ESO:ra10", "railway:signal:shunting:deactivated": "no", "railway:signal:shunting:form": "sign", "osm_id": 3139210452, "osm_type": "node"}}, {"type": "Feature", "geometry": {"type": "Point", "coordinates": [10.0075205, 53.5509185]}, "properties": {"level": "-1", "railway": "signal", "railway:signal:distant": "DE-ESO:vr", "railway:signal:distant:deactivated": "no", "railway:signal:distant:form": "semaphore", "railway:signal:distant:height": "normal", "railway:signal:distant:marker_light": "no", "railway:signal:distant:repeated": "no", "railway:signal:distant:shortened": "DE-ESO:db:ne2", "railway:signal:distant:states": "DE-ESO:vr0;DE-ESO:vr1;DE-ESO:vr2", "osm_id": 3139210453, "osm_type": "node"}}, {"type": "Feature", "geometry": {"type": "Point", "coordinates": [10.0076297, 53.5509525]}, "properties": {"level": "-1", "railway": "signal", "railway:signal:speed_limit_distant": "DE-ESO:lf6", "railway:signal:speed_limit_distant:deactivated": "no", "railway:signal:speed_limit_distant:form": "sign", "railway:signal:speed_limit_distant:height": "dwarf", "railway:signal:speed_limit_distant:speed": "90", "osm_id": 3139210454, "osm_type": "node"}}, {"type": "Feature", "geometry": {"type": "Point", "coordinates": [10.0076504, 53.5509509]}, "properties": {"level": "-1", "railway": "signal", "railway:signal:departure": "DE-ESO:zp", "railway:signal:departure:deactivated": "no", "railway:signal:departure:form": "light", "railway:signal:departure:states": "DE-ESO:zp10;DE-ESO:zp9", "osm_id": 3139210455, "osm_type": "node"}}, {"type": "Feature", "geometry": {"type": "Point", "coordinates": [10.0076246, 53.5509799]}, "properties": {"level": "-1", "railway": "signal", "railway:signal:stop": "DE-ESO:ne5", "railway:signal:stop:caption": "Vollzug", "railway:signal:stop:deactivated": "no", "railway:signal:stop:form": "sign", "railway:signal:stop:height": "normal", "osm_id": 3139210456, "osm_type": "node"}}, {"type": "Feature", "geometry": {"type": "Point", "coordinates": [10.0076756, 53.550946]}, "properties": {"level": "-1", "railway": "signal", "railway:signal:combined": "DE-ESO:sv", "railway:signal:combined:deactivated": "no", "railway:signal:combined:form": "light", "railway:signal:combined:function": "block", "railway:signal:combined:height": "normal", "railway:signal:combined:marker_light": "no", "railway:signal:combined:states": "DE-ESO:sv1;DE-ESO:sv2;DE-ESO:sv0", "railway:signal:distant:shortened": "no", "ref": "214", "osm_id": 3139210457, "osm_type": "node"}}, {"type": "Feature", "geometry": {"type": "Point", "coordinates": [10.0075948, 53.5509566]}, "properties": {"level": "-1", "railway": "signal", "railway:signal:distant": "DE-ESO:vr", "railway:signal:distant:deactivated": "no", "railway:signal:distant:form": "light", "railway:signal:distant:height": "normal", "railway:signal:distant:repeated": "no", "railway:signal:distant:shortened": "no", "railway:signal:distant:states": "DE-ESO:vr0;DE-ESO:vr1;DE-ESO:vr2", "railway:signal:main": "DE-ESO:hp", "railway:signal:main:deactivated": "no", "railway:signal:main:form": "light", "railway:signal:main:function": "block", "railway:signal:main:height": "normal", "railway:signal:main:marker_light": "no", "railway:signal:main:states": "DE-ESO:hp0;DE-ESO:hp1", "railway:signal:main:substitute_signal": "DE-ESO:db:zs1", "ref": "505", "osm_id": 3139210458, "osm_type": "node"}}, {"type": "Feature", "geometry": {"type": "Point", "coordinates": [10.0075386, 53.5509333]}, "properties": {"level": "-1", "railway": "signal", "railway:signal:main": "DE-ESO:hp", "railway:signal:main:deactivated": "no", "railway:signal:main:form": "semaphore", "railway:signal:main:function": "entry", "railway:signal:main:height": "normal", "railway:signal:main:states": "DE-ESO:hp0;DE-ESO:hp1;DE-ESO:hp2", "railway:signal:main:substitute_signal": "DE-ESO:db:zs12", "ref": "F", "osm_id": 3139210459, "osm_type": "node"}}, {"type": "Feature", "geometry": {"type": "Point", "coordinates": [10.0075522, 53.5509492]}, "properties": {"level": "-1", "railway": "signal", "railway:signal:minor": "DE-ESO:sh", "railway:signal:minor:deactivated": "no", "railway:signal:minor:form": "semaphore", "railway:signal:minor:height": "normal", "railway:signal:minor:states": "DE-ESO:sh0;DE-ESO:sh1", "ref": "Hs 913", "osm_id": 3139210460, "osm_type": "node"}}, {"type": "Feature", "geometry": {"type": "Point", "coordinates": [10.007616, 53.5511176]}, "properties": {"level": "-1", "railway": "signal", "railway:signal:crossing_distant": "DE-ESO:bü3", "railway:signal:crossing_distant:deactivated": "no", "railway:signal:crossing_distant:form": "sign", "railway:signal:crossing_distant:repeated": "no", "railway:signal:crossing_distant:shortened": "no", "osm_id": 3139210461, "osm_type": "node"}}, {"type": "Feature", "geometry": {"type": "Point", "coordinates": [10.0074644, 53.5511199]}, "properties": {"level": "-1", "railway": "signal", "railway:signal:minor": "DE-ESO:sh", "railway:signal:minor:deactivated": "no", "railway:signal:minor:form": "light", "railway:signal:minor:height": "dwarf", "railway:signal:minor:marker_light": "no", "railway:signal:minor:states": "DE-ESO:hp0;DE-ESO:sh1", "osm_id": 3139210462, "osm_type": "node"}}, {"type": "Feature", "geometry": {"type": "Point", "coordinates": [10.0074203, 53.5512374]}, "properties": {"level": "-1", "railway": "signal", "railway:signal:whistle": "DE-ESO:db:bü4", "railway:signal:whistle:deactivated": "no", "railway:signal:whistle:form": "sign", "railway:signal:whistle:only_transit": "no", "railway:signal:whistle:twice": "no", "osm_id": 3139210466, "osm_type": "node"}}, {"type": "Feature", "geometry": {"type": "Point", "coordinates": [10.0074049, 53.5512739]}, "properties": {"level": "-1", "note": "schwarze Tafel, Bü 3", "railway": "signal", "railway:signal:crossing_distant": "DE-ESO:bü3", "railway:signal:crossing_distant:form": "sign", "railway:signal:crossing_info": "DE-ESO:bü-kennzeichentafel", "osm_id": 3139210467, "osm_type": "node"}}, {"type": "Feature", "geometry": {"type": "Point", "coordinates": [10.0073944, 53.552623]}, "properties": {"level": "-1", "railway": "signal", "railway:signal:direction": "backward", "railway:signal:minor": "DE-ESO:sh", "railway:signal:minor:deactivated": "no", "railway:signal:minor:form": "light", "railway:signal:minor:height": "normal", "railway:signal:minor:states": "DE-ESO:hp0;DE-ESO:kennlicht", "railway:signal:position": "left", "ref": "205 I", "osm_id": 3140191629, "osm_type": "node"}}, {"type": "Feature", "geometry": {"type": "Point", "coordinates": [10.0073744, 53.5526702]}, "properties": {"level": "-1", "railway": "signal", "railway:milestone:catenary_mast": "no", "railway:milestone:emergency_brake_override": "no", "railway:position": "286.6", "railway:signal:direction": "forward", "railway:signal:minor": "DE-ESO:sh", "railway:signal:minor:deactivated": "no", "railway:signal:minor:form": "light", "railway:signal:minor:height": "normal", "railway:signal:minor:states": "DE-ESO:hp0;DE-ESO:kennlicht", "railway:signal:position": "right", "ref": "305 II", "osm_id": 3140191630, "osm_type": "node"}}, {"type": "Feature", "geometry": {"type": "Point", "coordinates": [10.0087291, 53.5507713]}, "properties": {"level": "-1", "railway": "signal", "railway:signal:direction": "backward", "railway:signal:position": "left", "railway:signal:speed_limit": "DE-ESO:zs3", "railway:signal:speed_limit:deactivated": "no", "railway:signal:speed_limit:form": "light", "railway:signal:speed_limit:height": "normal", "railway:signal:speed_limit:speed": "40", "osm_id": 3181277875, "osm_type": "node"}}, {"type": "Feature", "geometry": {"type": "Point", "coordinates": [10.0081261, 53.5512605]}, "properties": {"level": "-1", "railway": "signal", "railway:signal:direction": "forward", "railway:signal:position": "right", "railway:signal:stop": "DE-ESO:ne5", "railway:signal:stop:caption": "370 m", "railway:signal:stop:form": "sign", "railway:signal:stop:height": "normal", "osm_id": 3256725643, "osm_type": "node"}}, {"type": "Feature", "geometry": {"type": "Point", "coordinates": [10.0082303, 53.5512613]}, "properties": {"level": "-1", "railway": "signal", "railway:signal:direction": "forward", "railway:signal:position": "right", "railway:signal:stop": "DE-ESO:ne5", "railway:signal:stop:form": "sign", "railway:signal:stop:height": "dwarf", "osm_id": 3256725644, "osm_type": "node"}}, {"type": "Feature", "geometry": {"type": "Point", "coordinates": [10.0083439, 53.5512935]}, "properties": {"level": "-1", "railway": "signal", "railway:signal:direction": "forward", "railway:signal:position": "right", "railway:signal:stop": "DE-ESO:ne5", "railway:signal:stop:form": "sign", "railway:signal:stop:height": "dwarf", "osm_id": 3256725645, "osm_type": "node"}}, {"type": "Feature", "geometry": {"type": "Point", "coordinates": [10.0079305, 53.5516631]}, "properties": {"level": "-1", "railway": "milestone", "railway:milestone:catenary_mast": "no", "railway:position": "0.2", "osm_id": 3256725646, "osm_type": "node"}}, {"type": "Feature", "geometry": {"type": "Point", "coordinates": [10.0080788, 53.5517075]}, "properties": {"level": "-1", "railway": "milestone", "railway:milestone:catenary_mast": "no", "railway:position": "0.2", "osm_id": 3256725647, "osm_type": "node"}}, {"type": "Feature", "geometry": {"type": "Point", "coordinates": [10.0077342, 53.5520938]}, "properties": {"level": "-1", "railway": "signal", "railway:signal:direction": "forward", "railway:signal:position": "right", "railway:signal:stop": "DE-ESO:ne5", "railway:signal:stop:caption": "Kurzzug", "railway:signal:stop:form": "sign", "railway:signal:stop:height": "dwarf", "osm_id": 3256725657, "osm_type": "node"}}, {"type": "Feature", "geometry": {"type": "Point", "coordinates": [10.0077023, 53.5521579]}, "properties": {"level": "-1", "railway": "signal", "railway:signal:direction": "forward", "railway:signal:position": "right", "railway:signal:stop": "DE-ESO:ne5", "railway:signal:stop:caption": "AKN", "railway:signal:stop:form": "sign", "railway:signal:stop:height": "dwarf", "osm_id": 3256725658, "osm_type": "node"}}, {"type": "Feature", "geometry": {"type": "Point", "coordinates": [10.00869, 53.5511979]}, "properties": {"level": "-1", "railway": "signal", "railway:signal:combined": "DE-ESO:sv", "railway:signal:combined:deactivated": "no", "railway:signal:combined:form": "light", "railway:signal:combined:function": "intermediate", "railway:signal:combined:height": "dwarf", "railway:signal:combined:states": "DE-ESO:hp0;DE-ESO:sv0;DE-ESO:sv1;DE-ESO:sv2;DE-ESO:sv3;DE-ESO:sv4;DE-ESO:sv5;DE-ESO:sv6", "railway:signal:combined:substitute_signal": "DE-ESO:db:zs12", "railway:signal:departure": "DE-ESO:zp", "railway:signal:departure:form": "light", "railway:signal:departure:states": "DE-ESO:zp9;DE-ESO:zp10", "railway:signal:direction": "backward", "railway:signal:distant:shortened": "no", "railway:signal:minor": "DE-ESO:sh", "railway:signal:minor:form": "light", "railway:signal:minor:states": "DE-ESO:hp0;DE-ESO:sh1", "railway:signal:position": "right", "railway:signal:route": "DE-ESO:zs2", "railway:signal:route:form": "light", "railway:signal:route:states": "B;H", "railway:signal:wrong_road": "DE-ESO:db:zs6", "railway:signal:wrong_road:form": "light", "ref": "12", "osm_id": 3260317656, "osm_type": "node"}}, {"type": "Feature", "geometry": {"type": "Point", "coordinates": [10.0086726, 53.5512154]}, "properties": {"level": "-1", "railway": "signal", "railway:signal:direction": "backward", "railway:signal:position": "left", "railway:signal:stop": "DE-ESO:ne5", "railway:signal:stop:form": "sign", "osm_id": 3260317657, "osm_type": "node"}}, {"type": "Feature", "geometry": {"type": "Point", "coordinates": [10.0086742, 53.5512169]}, "properties": {"level": "-1", "railway": "phone", "osm_id": 3260317658, "osm_type": "node"}}, {"type": "Feature", "geometry": {"type": "Point", "coordinates": [10.0087926, 53.5512589]}, "properties": {"level": "-1", "railway": "signal", "railway:signal:combined": "DE-ESO:sv", "railway:signal:combined:form": "light", "railway:signal:combined:function": "intermediate", "railway:signal:combined:height": "dwarf", "railway:signal:combined:states": "DE-ESO:hp0;DE-ESO:sv0;DE-ESO:sv1;DE-ESO:sv2;DE-ESO:sv3;DE-ESO:sv4;DE-ESO:sv5;DE-ESO:sv6", "railway:signal:combined:substitute_signal": "DE-ESO:db:zs12", "railway:signal:departure": "DE-ESO:zp", "railway:signal:departure:form": "light", "railway:signal:departure:states": "DE-ESO:zp9;DE-ESO:zp10", "railway:signal:direction": "backward", "railway:signal:minor": "DE-ESO:sh", "railway:signal:minor:form": "light", "railway:signal:minor:states": "DE-ESO:hp0;DE-ESO:sh1", "railway:signal:position": "left", "railway:signal:route": "DE-ESO:zs2", "railway:signal:route:form": "light", "railway:signal:route:states": "B;H", "railway:signal:wrong_road": "DE-ESO:db:zs6", "railway:signal:wrong_road:form": "light", "ref": "11", "osm_id": 3260317659, "osm_type": "node"}}, {"type": "Feature", "geometry": {"type": "Point", "coordinates": [10.0087885, 53.5512641]}, "properties": {"level": "-1", "railway": "signal", "railway:signal:direction": "backward", "railway:signal:position": "right", "railway:signal:stop": "DE-ESO:ne5", "railway:signal:stop:form": "sign", "osm_id": 3260317660, "osm_type": "node"}}, {"type": "Feature", "geometry": {"type": "Point", "coordinates": [10.0086256, 53.5512676]}, "properties": {"camera:mount": "ceiling", "camera:type": "fixed", "check_date": "2024-06-28", "description": "gleisparallel Richtung Norden", "level": "-1", "man_made": "surveillance", "surveillance": "public", "surveillance:type": "camera", "surveillance:zone": "traffic", "osm_id": 3260318461, "osm_type": "node"}}, {"type": "Feature", "geometry": {"type": "Point", "coordinates": [10.0084437, 53.5515748]}, "properties": {"camera:mount": "ceiling", "camera:type": "fixed", "check_date": "2024-06-28", "description": "gleisparallel Richtung Süden", "level": "-1", "man_made": "surveillance", "note": "zwei Kameras nebeneinander in dieselbe Richtung", "surveillance": "public", "surveillance:type": "camera", "surveillance:zone": "traffic", "osm_id": 3260318462, "osm_type": "node"}}, {"type": "Feature", "geometry": {"type": "Point", "coordinates": [10.0082508, 53.5520553]}, "properties": {"camera:mount": "ceiling", "camera:type": "fixed", "check_date": "2024-01-06", "description": "gleisparallel Richtung Norden", "level": "-1", "man_made": "surveillance", "surveillance": "public", "surveillance:type": "camera", "surveillance:zone": "traffic", "osm_id": 3260318463, "osm_type": "node"}}, {"type": "Feature", "geometry": {"type": "Point", "coordinates": [10.0083013, 53.5520577]}, "properties": {"camera:mount": "ceiling", "camera:type": "fixed", "check_date": "2024-01-06", "description": "gleisparallel Richtung Norden", "level": "-1", "man_made": "surveillance", "surveillance": "public", "surveillance:type": "camera", "surveillance:zone": "traffic", "osm_id": 3260318464, "osm_type": "node"}}, {"type": "Feature", "geometry": {"type": "Point", "coordinates": [10.0081525, 53.5521138]}, "properties": {"railway": "signal", "railway:signal:direction": "backward", "railway:signal:position": "left", "railway:signal:stop": "DE-ESO:ne5", "railway:signal:stop:caption": "Vollzug", "railway:signal:stop:form": "sign", "osm_id": 3260318465, "osm_type": "node"}}, {"type": "Feature", "geometry": {"type": "Point", "coordinates": [10.0081252, 53.5521253]}, "properties": {"camera:mount": "ceiling", "camera:type": "fixed", "check_date": "2024-01-06", "description": "gleisparallel Richtung Süden", "level": "-1", "man_made": "surveillance", "note": "zwei Kameras nebeneinander in dieselbe Richtung", "surveillance": "public", "surveillance:type": "camera", "surveillance:zone": "traffic", "osm_id": 3260318466, "osm_type": "node"}}, {"type": "Feature", "geometry": {"type": "Point", "coordinates": [10.008122, 53.5521254]}, "properties": {"camera:mount": "ceiling", "camera:type": "fixed", "check_date": "2024-01-06", "description": "gleisparallel Richtung Süden", "level": "-1", "man_made": "surveillance", "note": "zwei Kameras nebeneinander in dieselbe Richtung", "surveillance": "public", "surveillance:type": "camera", "surveillance:zone": "traffic", "osm_id": 3260318467, "osm_type": "node"}}, {"type": "Feature", "geometry": {"type": "Point", "coordinates": [10.0081576, 53.5521267]}, "properties": {"camera:mount": "ceiling", "camera:type": "dome", "check_date": "2024-01-06", "level": "-1", "man_made": "surveillance", "surveillance": "public", "surveillance:type": "camera", "surveillance:zone": "traffic", "osm_id": 3260318468, "osm_type": "node"}}, {"type": "Feature", "geometry": {"type": "Point", "coordinates": [10.008108, 53.5522611]}, "properties": {"level": "-1", "railway": "signal", "railway:signal:direction": "backward", "railway:signal:position": "left", "railway:signal:stop": "DE-ESO:ne5", "railway:signal:stop:caption": "Kurzzug, Wender AKN", "railway:signal:stop:form": "sign", "osm_id": 3260318473, "osm_type": "node"}}, {"type": "Feature", "geometry": {"type": "Point", "coordinates": [10.0083018, 53.5522863]}, "properties": {"level": "-1", "railway": "signal", "railway:signal:direction": "forward", "railway:signal:position": "left", "railway:signal:stop": "DE-ESO:ne5", "railway:signal:stop:caption": "Kurzzug, Wender AKN", "railway:signal:stop:form": "sign", "osm_id": 3260318475, "osm_type": "node"}}, {"type": "Feature", "geometry": {"type": "Point", "coordinates": [10.0086682, 53.5518362]}, "properties": {"railway": "signal", "railway:signal:direction": "backward", "railway:signal:main": "DE-HHA:h", "railway:signal:main:form": "light", "railway:signal:main:states": "DE-HHA:h0", "railway:signal:position": "left", "ref": "X1", "osm_id": 3397108142, "osm_type": "node"}}, {"type": "Feature", "geometry": {"type": "Point", "coordinates": [10.0086479, 53.5519512]}, "properties": {"railway": "signal", "railway:signal:departure": "DE-HHA:a", "railway:signal:departure:form": "light", "railway:signal:departure:states": "DE-HHA:a1;DE-HHA:a2", "railway:signal:direction": "forward", "railway:signal:main": "DE-HHA:h", "railway:signal:main:form": "light", "railway:signal:position": "left", "ref": "B HB", "osm_id": 3397108143, "osm_type": "node"}}, {"type": "Feature", "geometry": {"type": "Point", "coordinates": [10.0103187, 53.5519557]}, "properties": {"railway": "signal", "railway:signal:direction": "forward", "railway:signal:main": "DE-HHA:h", "railway:signal:main:form": "light", "railway:signal:main:height": "normal", "railway:signal:main:states": "DE-HHA:h0;DE-HHA:h2", "railway:signal:position": "right", "ref": "C HB", "osm_id": 3397108144, "osm_type": "node"}}, {"type": "Feature", "geometry": {"type": "Point", "coordinates": [10.0103337, 53.5520733]}, "properties": {"railway": "signal", "railway:signal:direction": "backward", "railway:signal:main": "DE-HHA:h", "railway:signal:main:form": "light", "railway:signal:position": "left", "ref": "K2 HB", "osm_id": 3397108146, "osm_type": "node"}}, {"type": "Feature", "geometry": {"type": "Point", "coordinates": [10.0102928, 53.5522182]}, "properties": {"railway": "signal", "railway:signal:direction": "backward", "railway:signal:minor": "DE-HHA:sh3", "railway:signal:position": "left", "osm_id": 3397108147, "osm_type": "node"}}, {"type": "Feature", "geometry": {"type": "Point", "coordinates": [10.0102565, 53.5523301]}, "properties": {"railway": "signal", "railway:signal:direction": "backward", "railway:signal:main": "DE-HHA:h", "railway:signal:main:form": "light", "railway:signal:main:states": "DE-HHA:h0;DE-HHA:h1;DE-HHA:h2", "railway:signal:position": "right", "ref": "G HB", "osm_id": 3397108149, "osm_type": "node"}}, {"type": "Feature", "geometry": {"type": "Point", "coordinates": [10.0076743, 53.5513714]}, "properties": {"amenity": "bench", "backrest": "yes", "check_date": "2023-05-07", "covered": "no", "level": "-1", "material": "wood", "source": "survey", "osm_id": 3499317768, "osm_type": "node"}}, {"type": "Feature", "geometry": {"type": "Point", "coordinates": [10.007492, 53.5515917]}, "properties": {"amenity": "bench", "backrest": "yes", "check_date": "2023-05-07", "covered": "no", "level": "-1", "material": "wood", "source": "survey", "osm_id": 3499317781, "osm_type": "node"}}, {"type": "Feature", "geometry": {"type": "Point", "coordinates": [10.0090684, 53.5525801]}, "properties": {"check_date:wheelchair": "2024-01-01", "door": "no", "entrance": "yes", "entrance_marker:subway": "yes", "name": "Kirchenallee", "railway": "subway_entrance", "wheelchair": "no", "width": "3", "osm_id": 3500856879, "osm_type": "node"}}, {"type": "Feature", "geometry": {"type": "Point", "coordinates": [10.0084222, 53.5524079]}, "properties": {"check_date:wheelchair": "2024-06-14", "entrance": "yes", "entrance_marker:subway": "yes", "level": "0", "name": "Hauptbahnhof", "railway": "subway_entrance", "wheelchair": "no", "osm_id": 3501182065, "osm_type": "node"}}, {"type": "Feature", "geometry": {"type": "Point", "coordinates": [10.0080633, 53.5515779]}, "properties": {"amenity": "bench", "backrest": "yes", "check_date": "2021-06-18", "level": "-1", "material": "wood", "seats": "8", "osm_id": 3501182079, "osm_type": "node"}}, {"type": "Feature", "geometry": {"type": "Point", "coordinates": [10.0087532, 53.5522688]}, "properties": {"amenity": "vending_machine", "check_date": "2024-01-01", "layer": "-1", "operator": "Hamburger Hochbahn AG", "ref": "92462", "vending": "public_transport_tickets", "osm_id": 3860751727, "osm_type": "node"}}, {"type": "Feature", "geometry": {"type": "Point", "coordinates": [10.0087514, 53.5522766]}, "properties": {"amenity": "vending_machine", "check_date": "2024-01-01", "layer": "-1", "operator": "Hamburger Hochbahn AG", "vending": "public_transport_tickets", "osm_id": 3860751728, "osm_type": "node"}}, {"type": "Feature", "geometry": {"type": "Point", "coordinates": [10.0087495, 53.5522845]}, "properties": {"amenity": "vending_machine", "check_date": "2024-01-01", "layer": "-1", "operator": "Hamburger Hochbahn AG", "vending": "public_transport_tickets", "osm_id": 3860751729, "osm_type": "node"}}, {"type": "Feature", "geometry": {"type": "Point", "coordinates": [10.0087472, 53.5522943]}, "properties": {"amenity": "vending_machine", "check_date": "2024-01-01", "layer": "-1", "operator": "Hamburger Hochbahn AG", "vending": "public_transport_tickets", "osm_id": 3860751730, "osm_type": "node"}}, {"type": "Feature", "geometry": {"type": "Point", "coordinates": [10.0087451, 53.5523032]}, "properties": {"amenity": "vending_machine", "check_date": "2024-01-01", "layer": "-1", "operator": "Hamburger Hochbahn AG", "vending": "public_transport_tickets", "osm_id": 3860751731, "osm_type": "node"}}, {"type": "Feature", "geometry": {"type": "Point", "coordinates": [10.0089199, 53.5518686]}, "properties": {"amenity": "vending_machine", "check_date": "2024-02-19", "layer": "-1", "level": "-1", "operator": "Hamburger Hochbahn AG", "ref": "92497", "vending": "public_transport_tickets", "osm_id": 3863038504, "osm_type": "node"}}, {"type": "Feature", "geometry": {"type": "Point", "coordinates": [10.0089429, 53.5518702]}, "properties": {"amenity": "vending_machine", "check_date": "2024-02-19", "layer": "-1", "level": "-1", "operator": "Hamburger Hochbahn AG", "ref": "94331", "vending": "public_transport_tickets", "osm_id": 3863038505, "osm_type": "node"}}, {"type": "Feature", "geometry": {"type": "Point", "coordinates": [10.0102226, 53.5520749]}, "properties": {"amenity": "vending_machine", "check_date": "2024-05-31", "layer": "-1", "level": "-1", "operator": "Hamburger Hochbahn AG", "ref": "92489", "vending": "public_transport_tickets", "osm_id": 3867208232, "osm_type": "node"}}, {"type": "Feature", "geometry": {"type": "Point", "coordinates": [10.0102489, 53.5520767]}, "properties": {"amenity": "vending_machine", "check_date": "2024-08-26", "layer": "-1", "level": "-1", "operator": "Hamburger Hochbahn AG", "ref": "94323", "vending": "public_transport_tickets", "osm_id": 3867208233, "osm_type": "node"}}, {"type": "Feature", "geometry": {"type": "Point", "coordinates": [10.0074458, 53.5524993]}, "properties": {"level": "-1", "local_ref": "5", "name": "Hamburg Hauptbahnhof", "public_transport": "stop_position", "railway": "stop", "train": "yes", "osm_id": 3934362095, "osm_type": "node"}}, {"type": "Feature", "geometry": {"type": "Point", "coordinates": [10.01008, 53.5524641]}, "properties": {"amenity": "vending_machine", "check_date": "2024-07-03", "indoor": "yes", "layer": "-1", "level": "-1", "operator": "Hamburger Hochbahn AG", "vending": "public_transport_tickets", "osm_id": 3936072441, "osm_type": "node"}}, {"type": "Feature", "geometry": {"type": "Point", "coordinates": [10.0100894, 53.5524758]}, "properties": {"amenity": "vending_machine", "check_date": "2024-05-04", "indoor": "yes", "layer": "-1", "level": "-1", "operator": "Hamburger Hochbahn AG", "vending": "public_transport_tickets", "osm_id": 3936072442, "osm_type": "node"}}, {"type": "Feature", "geometry": {"type": "Point", "coordinates": [10.0074976, 53.5493902]}, "properties": {"railway": "signal", "railway:signal:direction": "forward", "railway:signal:minor": "DE-ESO:sh", "railway:signal:minor:form": "light", "railway:signal:minor:height": "normal", "railway:signal:minor:states": "DE-ESO:hp0;DE-ESO:sh1", "railway:signal:position": "right", "osm_id": 4032038708, "osm_type": "node"}}, {"type": "Feature", "geometry": {"type": "Point", "coordinates": [10.0074296, 53.5493905]}, "properties": {"railway": "signal", "railway:signal:direction": "backward", "railway:signal:minor": "DE-ESO:sh", "railway:signal:minor:form": "light", "railway:signal:minor:height": "normal", "railway:signal:minor:states": "DE-ESO:hp0;DE-ESO:sh1", "railway:signal:position": "left", "ref": "128 I", "osm_id": 4032038709, "osm_type": "node"}}, {"type": "Feature", "geometry": {"type": "Point", "coordinates": [10.0074963, 53.5493984]}, "properties": {"railway": "signal", "railway:signal:direction": "backward", "railway:signal:minor": "DE-ESO:sh", "railway:signal:minor:form": "light", "railway:signal:minor:height": "dwarf", "railway:signal:minor:states": "DE-ESO:hp0;DE-ESO:sh1", "railway:signal:position": "left", "ref": "127 II", "osm_id": 4032038710, "osm_type": "node"}}, {"type": "Feature", "geometry": {"type": "Point", "coordinates": [10.0073693, 53.5499899]}, "properties": {"railway": "signal", "railway:signal:direction": "forward", "railway:signal:minor": "DE-ESO:sh", "railway:signal:minor:form": "light", "railway:signal:minor:height": "dwarf", "railway:signal:minor:states": "DE-ESO:hp0;DE-ESO:sh1", "railway:signal:position": "right", "ref": "228 II", "osm_id": 4032038711, "osm_type": "node"}}, {"type": "Feature", "geometry": {"type": "Point", "coordinates": [10.0073588, 53.5501454]}, "properties": {"railway": "signal", "railway:signal:direction": "backward", "railway:signal:minor": "DE-ESO:sh", "railway:signal:minor:form": "light", "railway:signal:minor:height": "normal", "railway:signal:minor:states": "DE-ESO:hp0;DE-ESO:sh1", "railway:signal:position": "left", "ref": "228 I", "osm_id": 4032038712, "osm_type": "node"}}, {"type": "Feature", "geometry": {"type": "Point", "coordinates": [10.0095881, 53.5521225]}, "properties": {"description": "Hauptbahnhof Süd", "name": "Hauptbahnhof Süd", "public_transport": "stop_position", "railway": "stop", "subway": "yes", "osm_id": 4108069641, "osm_type": "node"}}, {"type": "Feature", "geometry": {"type": "Point", "coordinates": [10.0087815, 53.5511093]}, "properties": {"fixme": "ref noch mal überprüfen", "level": "-1", "railway": "signal", "railway:signal:combined": "DE-ESO:sv", "railway:signal:combined:form": "light", "railway:signal:combined:function": "intermediate", "railway:signal:combined:height": "dwarf", "railway:signal:combined:states": "DE-ESO:hp0;DE-ESO:sv0;DE-ESO:sv1;DE-ESO:sv2", "railway:signal:combined:substitute_signal": "DE-ESO:db:zs12", "railway:signal:direction": "forward", "railway:signal:distant:shortened": "yes", "railway:signal:position": "left", "ref": "32", "osm_id": 4115154148, "osm_type": "node"}}, {"type": "Feature", "geometry": {"type": "Point", "coordinates": [10.0101797, 53.5524743]}, "properties": {"level": "-1", "osm_id": 4148382562, "osm_type": "node"}}, {"type": "Feature", "geometry": {"type": "Point", "coordinates": [10.0103139, 53.5525274]}, "properties": {"check_date:wheelchair": "2024-01-20", "entrance": "yes", "name": "Adenauerallee", "railway": "subway_entrance", "wheelchair": "no", "osm_id": 4148382563, "osm_type": "node"}}, {"type": "Feature", "geometry": {"type": "Point", "coordinates": [10.0089107, 53.5511403]}, "properties": {"fixme": "ref noch mal überprüfen", "level": "-1", "railway": "signal", "railway:signal:combined": "DE-ESO:sv", "railway:signal:combined:form": "light", "railway:signal:combined:function": "intermediate", "railway:signal:combined:height": "dwarf", "railway:signal:combined:states": "DE-ESO:hp0;DE-ESO:sv0;DE-ESO:sv1;DE-ESO:sv2", "railway:signal:combined:substitute_signal": "DE-ESO:db:zs12", "railway:signal:direction": "forward", "railway:signal:distant:shortened": "yes", "railway:signal:position": "left", "ref": "31", "osm_id": 4155450429, "osm_type": "node"}}, {"type": "Feature", "geometry": {"type": "Point", "coordinates": [10.0089645, 53.5522599]}, "properties": {"amenity": "vending_machine", "check_date": "2024-08-26", "level": "-1", "vending": "snacks", "osm_id": 4191054447, "osm_type": "node"}}, {"type": "Feature", "geometry": {"type": "Point", "coordinates": [10.0089094, 53.5522561]}, "properties": {"amenity": "photo_booth", "brand": "Fotofix", "level": "-1", "operator": "ME Group Germany GmbH", "operator:wikidata": "Q7187637", "osm_id": 4191054449, "osm_type": "node"}}, {"type": "Feature", "geometry": {"type": "Point", "coordinates": [10.0089272, 53.5522575]}, "properties": {"amenity": "photo_booth", "brand": "Fotofix", "level": "-1", "operator": "ME Group Germany GmbH", "operator:wikidata": "Q7187637", "osm_id": 4191054450, "osm_type": "node"}}, {"type": "Feature", "geometry": {"type": "Point", "coordinates": [10.0089461, 53.5522588]}, "properties": {"amenity": "atm", "brand": "Hamburger Sparkasse", "brand:wikidata": "Q1573140", "brand:wikipedia": "de:Sparkasse", "cash_in": "no", "check_date": "2026-06-13", "level": "-1", "network": "Sparkassen-Finanzgruppe", "network:wikidata": "Q2307760", "network:wikipedia": "de:Sparkassen-Finanzgruppe", "opening_hours": "24/7", "operator": "Hamburger Sparkasse", "operator:wikidata": "Q1573140", "operator:wikipedia": "de:Hamburger Sparkasse", "short_name": "Haspa", "osm_id": 4191054451, "osm_type": "node"}}, {"type": "Feature", "geometry": {"type": "Point", "coordinates": [10.0087167, 53.5519062]}, "properties": {"description": "Straße/Schalterhalle", "highway": "elevator", "level": "0;-1", "manufacturer": "Hütter Aufzüge", "operator": "Hamburger Hochbahn AG", "ref": "951436", "since": "1996", "wheelchair": "yes", "osm_id": 4351224000, "osm_type": "node"}}, {"type": "Feature", "geometry": {"type": "Point", "coordinates": [10.0091546, 53.5504188]}, "properties": {"railway": "signal", "railway:signal:direction": "forward", "railway:signal:distant": "DE-ESO:vr", "railway:signal:distant:form": "light", "railway:signal:distant:height": "normal", "railway:signal:distant:repeated": "no", "railway:signal:distant:shape": "compact", "railway:signal:distant:shortened": "yes", "railway:signal:distant:states": "?;DE-ESO:vr0", "railway:signal:position": "right", "start_date": "2017-10", "osm_id": 4398163754, "osm_type": "node"}}, {"type": "Feature", "geometry": {"type": "Point", "coordinates": [10.0088543, 53.5522367]}, "properties": {"railway": "signal", "railway:signal:direction": "forward", "railway:signal:main": "DE-HHA:h", "railway:signal:main:form": "light", "railway:signal:position": "left", "railway:signal:speed_limit": "DE-HHA:l1;DE-HHA:l4", "railway:signal:speed_limit:form": "sign", "railway:signal:speed_limit:speed": "50", "ref": "F HB", "osm_id": 4690335016, "osm_type": "node"}}, {"type": "Feature", "geometry": {"type": "Point", "coordinates": [10.0105392, 53.5520427]}, "properties": {"check_date:wheelchair": "2024-05-17", "entrance": "yes", "name": "Hauptbahnhof Süd", "railway": "subway_entrance", "wheelchair": "no", "osm_id": 4720430122, "osm_type": "node"}}, {"type": "Feature", "geometry": {"type": "Point", "coordinates": [10.0074593, 53.5505596]}, "properties": {"level": "-1", "railway": "phone", "osm_id": 5859777275, "osm_type": "node"}}, {"type": "Feature", "geometry": {"type": "Point", "coordinates": [10.0074282, 53.5493986]}, "properties": {"railway": "signal", "railway:signal:direction": "backward", "railway:signal:position": "left", "railway:signal:speed_limit": "DE-ESO:zs3", "railway:signal:speed_limit:form": "light", "railway:signal:speed_limit:height": "normal", "railway:signal:speed_limit:speed": "20;30", "osm_id": 5859777278, "osm_type": "node"}}, {"type": "Feature", "geometry": {"type": "Point", "coordinates": [10.0079306, 53.5511983]}, "properties": {"level": "-1", "railway": "signal", "railway:signal:brake_test": "DE-ESO:zp", "railway:signal:brake_test:form": "light", "railway:signal:brake_test:states": "DE-ESO:db:zp6;DE-ESO:db:zp7;DE-ESO:db:zp8", "railway:signal:departure": "DE-ESO:zp", "railway:signal:departure:form": "light", "railway:signal:departure:states": "DE-ESO:zp9", "railway:signal:direction": "forward", "railway:signal:position": "right", "osm_id": 6002452910, "osm_type": "node"}}, {"type": "Feature", "geometry": {"type": "Point", "coordinates": [10.0080117, 53.5512254]}, "properties": {"level": "-1", "railway": "signal", "railway:signal:direction": "backward", "railway:signal:position": "left", "railway:signal:stop": "DE-ESO:ne5", "railway:signal:stop:caption": "370 m", "railway:signal:stop:form": "sign", "railway:signal:stop:height": "normal", "osm_id": 6002452911, "osm_type": "node"}}, {"type": "Feature", "geometry": {"type": "Point", "coordinates": [10.0078358, 53.5516683]}, "properties": {"level": "-1", "railway": "signal", "railway:signal:direction": "forward", "railway:signal:position": "right", "railway:signal:stop": "DE-ESO:ne5", "railway:signal:stop:caption": "240 m", "railway:signal:stop:form": "sign", "railway:signal:stop:height": "normal", "osm_id": 6002452912, "osm_type": "node"}}, {"type": "Feature", "geometry": {"type": "Point", "coordinates": [10.007699, 53.5516308]}, "properties": {"level": "-1", "railway": "signal", "railway:signal:direction": "backward", "railway:signal:position": "left", "railway:signal:stop": "DE-ESO:ne5", "railway:signal:stop:caption": "240 m", "railway:signal:stop:form": "sign", "railway:signal:stop:height": "normal", "osm_id": 6002452913, "osm_type": "node"}}, {"type": "Feature", "geometry": {"type": "Point", "coordinates": [10.0076924, 53.5516416]}, "properties": {"level": "-1", "railway": "milestone", "railway:milestone:catenary_mast": "yes", "railway:milestone:emergency_brake_override": "no", "railway:position": "286.4", "osm_id": 6002452914, "osm_type": "node"}}, {"type": "Feature", "geometry": {"type": "Point", "coordinates": [10.0076911, 53.551354]}, "properties": {"level": "-1", "railway": "key_switch", "railway:key_switch:departure": "DE-ESO:zp9", "osm_id": 6002452916, "osm_type": "node"}}, {"type": "Feature", "geometry": {"type": "Point", "coordinates": [10.0073603, 53.55183]}, "properties": {"amenity": "bench", "backrest": "yes", "check_date": "2023-05-07", "covered": "no", "level": "-1", "source": "survey", "osm_id": 6002452917, "osm_type": "node"}}, {"type": "Feature", "geometry": {"type": "Point", "coordinates": [10.0075582, 53.5514032]}, "properties": {"level": "-1", "railway:platform:section": "B", "osm_id": 6002452918, "osm_type": "node"}}, {"type": "Feature", "geometry": {"type": "Point", "coordinates": [10.0074007, 53.5515752]}, "properties": {"level": "-1", "railway": "milestone", "railway:milestone:catenary_mast": "yes", "railway:milestone:emergency_brake_override": "no", "railway:position": "286.4", "osm_id": 6002452919, "osm_type": "node"}}, {"type": "Feature", "geometry": {"type": "Point", "coordinates": [10.007441, 53.5515221]}, "properties": {"level": "-1", "railway": "signal", "railway:signal:direction": "forward", "railway:signal:position": "left", "railway:signal:stop": "DE-ESO:ne5", "railway:signal:stop:caption": "320 m", "railway:signal:stop:form": "sign", "railway:signal:stop:height": "normal", "osm_id": 6002452920, "osm_type": "node"}}, {"type": "Feature", "geometry": {"type": "Point", "coordinates": [10.0079457, 53.552306]}, "properties": {"access": "yes", "door": "no", "entrance": "main", "level": "0", "public_transport": "entrance", "ref": "A", "wheelchair": "yes", "osm_id": 6070773485, "osm_type": "node"}}, {"type": "Feature", "geometry": {"type": "Point", "coordinates": [10.0095315, 53.5519522]}, "properties": {"description": "Straße/Schalterhalle/Bahnsteig U1", "highway": "elevator", "level": "0;-1;-2", "manufacturer": "M.S. Aufzüge", "operator": "Hamburger Hochbahn AG", "ref": "2789", "start_date": "2019", "wheelchair": "yes", "osm_id": 6430782773, "osm_type": "node"}}, {"type": "Feature", "geometry": {"type": "Point", "coordinates": [10.0076014, 53.5523072]}, "properties": {"amenity": "vending_machine", "brand": "Deutsche Bahn", "brand:wikidata": "Q9322", "level": "0", "operator": "DB Vertrieb GmbH", "operator:wikidata": "Q1152124", "payment:cash": "yes", "payment:cryptocurrencies": "no", "payment:electronic_purses": "no", "ref": "B81817", "vending": "public_transport_tickets", "wheelchair": "limited", "osm_id": 6842658442, "osm_type": "node"}}, {"type": "Feature", "geometry": {"type": "Point", "coordinates": [10.00758, 53.5523047]}, "properties": {"amenity": "vending_machine", "brand": "Deutsche Bahn", "brand:wikidata": "Q9322", "level": "0", "operator": "DB Vertrieb GmbH", "operator:wikidata": "Q1152124", "payment:cash": "yes", "payment:cryptocurrencies": "no", "payment:electronic_purses": "no", "ref": "B81816", "vending": "public_transport_tickets", "wheelchair": "limited", "osm_id": 6842658443, "osm_type": "node"}}, {"type": "Feature", "geometry": {"type": "Point", "coordinates": [10.0079525, 53.5522636]}, "properties": {"amenity": "vending_machine", "brand": "Deutsche Bahn", "brand:wikidata": "Q9322", "brand:wikipedia": "de:Deutsche Bahn", "check_date": "2024-04-09", "level": "0", "operator": "DB Vertrieb GmbH", "operator:wikidata": "Q1152124", "operator:wikipedia": "de:DB Vertrieb", "payment:cash": "yes", "payment:cryptocurrencies": "no", "payment:electronic_purses": "no", "vending": "public_transport_tickets", "osm_id": 6844809356, "osm_type": "node"}}, {"type": "Feature", "geometry": {"type": "Point", "coordinates": [10.0079357, 53.5522615]}, "properties": {"amenity": "vending_machine", "brand": "Deutsche Bahn", "brand:wikidata": "Q9322", "brand:wikipedia": "de:Deutsche Bahn", "check_date": "2024-04-09", "level": "0", "operator": "DB Vertrieb GmbH", "operator:wikidata": "Q1152124", "operator:wikipedia": "de:DB Vertrieb", "payment:cash": "yes", "payment:cryptocurrencies": "no", "payment:electronic_purses": "no", "vending": "public_transport_tickets", "osm_id": 6844809357, "osm_type": "node"}}, {"type": "Feature", "geometry": {"type": "Point", "coordinates": [10.0079188, 53.5522594]}, "properties": {"amenity": "vending_machine", "brand": "Deutsche Bahn", "brand:wikidata": "Q9322", "brand:wikipedia": "de:Deutsche Bahn", "check_date": "2024-04-09", "level": "0", "operator": "DB Vertrieb GmbH", "operator:wikidata": "Q1152124", "operator:wikipedia": "de:DB Vertrieb", "payment:cash": "yes", "payment:cryptocurrencies": "no", "payment:electronic_purses": "no", "vending": "public_transport_tickets", "osm_id": 6844809358, "osm_type": "node"}}, {"type": "Feature", "geometry": {"type": "Point", "coordinates": [10.0078019, 53.5523313]}, "properties": {"amenity": "waste_basket", "check_date": "2024-01-01", "level": "0", "osm_id": 6844874380, "osm_type": "node"}}, {"type": "Feature", "geometry": {"type": "Point", "coordinates": [10.0076466, 53.5523126]}, "properties": {"amenity": "waste_basket", "check_date": "2024-01-01", "level": "0", "osm_id": 6844874381, "osm_type": "node"}}, {"type": "Feature", "geometry": {"type": "Point", "coordinates": [10.0075172, 53.5522971]}, "properties": {"amenity": "waste_basket", "check_date": "2024-01-01", "level": "0", "osm_id": 6844874382, "osm_type": "node"}}, {"type": "Feature", "geometry": {"type": "Point", "coordinates": [10.0079506, 53.5523506]}, "properties": {"amenity": "atm", "brand": "Reisebank", "brand:wikidata": "Q1421107", "brand:wikipedia": "de:Reisebank", "cash_in": "no", "level": "0", "operator": "Reisebank", "operator:wikidata": "Q1421107", "operator:wikipedia": "de:Reisebank", "osm_id": 6873158989, "osm_type": "node"}}, {"type": "Feature", "geometry": {"type": "Point", "coordinates": [10.0098252, 53.5519917]}, "properties": {"entrance": "main", "osm_id": 6879639426, "osm_type": "node"}}, {"type": "Feature", "geometry": {"type": "Point", "coordinates": [10.0107652, 53.5520215]}, "properties": {"entrance": "yes", "level": "0", "osm_id": 6917052491, "osm_type": "node"}}, {"type": "Feature", "geometry": {"type": "Point", "coordinates": [10.0091808, 53.5521671]}, "properties": {"door": "yes", "indoor": "door", "level": "-2", "osm_id": 7039387898, "osm_type": "node"}}, {"type": "Feature", "geometry": {"type": "Point", "coordinates": [10.0092879, 53.5522146]}, "properties": {"amenity": "waste_basket", "check_date": "2024-02-19", "level": "-2", "osm_id": 7039387933, "osm_type": "node"}}, {"type": "Feature", "geometry": {"type": "Point", "coordinates": [10.009793, 53.5522497]}, "properties": {"amenity": "waste_basket", "check_date": "2024-02-19", "level": "-2", "osm_id": 7039387942, "osm_type": "node"}}, {"type": "Feature", "geometry": {"type": "Point", "coordinates": [10.0098471, 53.5522343]}, "properties": {"amenity": "waste_basket", "check_date": "2024-02-19", "level": "-2", "osm_id": 7039387943, "osm_type": "node"}}, {"type": "Feature", "geometry": {"type": "Point", "coordinates": [10.0101494, 53.5521774]}, "properties": {"amenity": "waste_basket", "check_date": "2026-06-11", "level": "-1", "osm_id": 7039503066, "osm_type": "node"}}, {"type": "Feature", "geometry": {"type": "Point", "coordinates": [10.0101052, 53.5523473]}, "properties": {"amenity": "waste_basket", "check_date": "2026-06-11", "level": "-1", "osm_id": 7039503067, "osm_type": "node"}}, {"type": "Feature", "geometry": {"type": "Point", "coordinates": [10.0090815, 53.5521602]}, "properties": {"door": "yes", "indoor": "door", "level": "-1", "osm_id": 7039642215, "osm_type": "node"}}, {"type": "Feature", "geometry": {"type": "Point", "coordinates": [10.00898, 53.5522108]}, "properties": {"amenity": "waste_basket", "check_date": "2026-06-20", "level": "-1", "osm_id": 7039642231, "osm_type": "node"}}, {"type": "Feature", "geometry": {"type": "Point", "coordinates": [10.0092444, 53.5521331]}, "properties": {"amenity": "waste_basket", "level": "-1", "osm_id": 7039642234, "osm_type": "node"}}, {"type": "Feature", "geometry": {"type": "Point", "coordinates": [10.0088336, 53.5522705]}, "properties": {"amenity": "waste_basket", "check_date": "2026-06-07", "level": "-1", "osm_id": 7039642244, "osm_type": "node"}}, {"type": "Feature", "geometry": {"type": "Point", "coordinates": [10.0085892, 53.5507694]}, "properties": {"railway": "signal", "railway:signal:departure": "DE-ESO:zp", "railway:signal:departure:form": "light", "railway:signal:departure:states": "DE-ESO:zp9", "railway:signal:direction": "backward", "railway:signal:position": "left", "osm_id": 8462199082, "osm_type": "node"}}, {"type": "Feature", "geometry": {"type": "Point", "coordinates": [10.008603, 53.5508493]}, "properties": {"railway": "signal", "railway:signal:direction": "forward", "railway:signal:position": "right", "railway:signal:stop": "DE-ESO:ne5", "railway:signal:stop:form": "sign", "railway:signal:stop:height": "normal", "osm_id": 8462199083, "osm_type": "node"}}, {"type": "Feature", "geometry": {"type": "Point", "coordinates": [10.0085301, 53.5508076]}, "properties": {"railway": "signal", "railway:signal:direction": "backward", "railway:signal:position": "left", "railway:signal:stop": "DE-ESO:ne5", "railway:signal:stop:form": "sign", "railway:signal:stop:height": "normal", "osm_id": 8462199084, "osm_type": "node"}}, {"type": "Feature", "geometry": {"type": "Point", "coordinates": [10.0081336, 53.5512521]}, "properties": {"level": "-1", "railway": "signal", "railway:signal:brake_test": "DE-ESO:zp", "railway:signal:brake_test:form": "light", "railway:signal:brake_test:states": "DE-ESO:db:zp6;DE-ESO:db:zp7;DE-ESO:db:zp8", "railway:signal:departure": "DE-ESO:zp", "railway:signal:departure:form": "light", "railway:signal:departure:states": "DE-ESO:zp9", "railway:signal:direction": "forward", "railway:signal:position": "right", "osm_id": 8462199085, "osm_type": "node"}}, {"type": "Feature", "geometry": {"type": "Point", "coordinates": [10.0080195, 53.5512163]}, "properties": {"level": "-1", "railway": "signal", "railway:signal:brake_test": "DE-ESO:zp", "railway:signal:brake_test:form": "light", "railway:signal:brake_test:states": "DE-ESO:db:zp6;DE-ESO:db:zp7;DE-ESO:db:zp8", "railway:signal:departure": "DE-ESO:zp", "railway:signal:departure:form": "light", "railway:signal:departure:states": "DE-ESO:zp9", "railway:signal:direction": "backward", "railway:signal:position": "right", "osm_id": 8462199086, "osm_type": "node"}}, {"type": "Feature", "geometry": {"type": "Point", "coordinates": [10.0075677, 53.5518586]}, "properties": {"railway": "signal", "railway:signal:brake_test": "DE-ESO:zp", "railway:signal:brake_test:form": "light", "railway:signal:brake_test:states": "DE-ESO:db:zp6;DE-ESO:db:zp7;DE-ESO:db:zp8", "railway:signal:departure": "DE-ESO:zp", "railway:signal:departure:form": "light", "railway:signal:departure:states": "DE-ESO:zp9", "railway:signal:direction": "backward", "railway:signal:position": "right", "osm_id": 8462199087, "osm_type": "node"}}, {"type": "Feature", "geometry": {"type": "Point", "coordinates": [10.007353, 53.5522951]}, "properties": {"railway": "signal", "railway:signal:direction": "backward", "railway:signal:main_repeated": "DE-ESO:fahrtanzeiger", "railway:signal:main_repeated:form": "light", "railway:signal:position": "bridge", "osm_id": 8462199088, "osm_type": "node"}}, {"type": "Feature", "geometry": {"type": "Point", "coordinates": [10.0074528, 53.5498663]}, "properties": {"railway": "signal", "railway:signal:direction": "backward", "railway:signal:minor": "DE-ESO:sh", "railway:signal:minor:form": "light", "railway:signal:minor:height": "dwarf", "railway:signal:minor:states": "DE-ESO:hp0;DE-ESO:sh1", "railway:signal:position": "left", "osm_id": 8480926131, "osm_type": "node"}}, {"type": "Feature", "geometry": {"type": "Point", "coordinates": [10.0073945, 53.5517773]}, "properties": {"entrance": "yes", "public_transport": "entrance", "ref": "C3", "osm_id": 8909508191, "osm_type": "node"}}, {"type": "Feature", "geometry": {"type": "Point", "coordinates": [10.0076743, 53.5518143]}, "properties": {"entrance": "yes", "public_transport": "entrance", "ref": "C2", "osm_id": 8909508194, "osm_type": "node"}}, {"type": "Feature", "geometry": {"type": "Point", "coordinates": [10.007935, 53.5518487]}, "properties": {"entrance": "yes", "entrance_marker:s-train": "yes", "public_transport": "entrance", "ref": "C1", "osm_id": 8909508197, "osm_type": "node"}}, {"type": "Feature", "geometry": {"type": "Point", "coordinates": [10.0078446, 53.5515199]}, "properties": {"camera:angle": "10", "camera:direction": "340", "camera:mount": "pole", "camera:type": "fixed", "check_date": "2024-07-23", "height": "3", "layer": "-1", "level": "-1", "man_made": "surveillance", "surveillance": "public", "surveillance:type": "camera", "surveillance:zone": "public_transport_platform", "osm_id": 9003249153, "osm_type": "node"}}, {"type": "Feature", "geometry": {"type": "Point", "coordinates": [10.0083606, 53.5507507]}, "properties": {"railway": "signal", "railway:signal:direction": "forward", "railway:signal:position": "left", "railway:signal:stop": "DE-ESO:ne5", "railway:signal:stop:form": "sign", "railway:signal:stop:height": "normal", "osm_id": 9548341841, "osm_type": "node"}}, {"type": "Feature", "geometry": {"type": "Point", "coordinates": [10.0077485, 53.5511859]}, "properties": {"level": "-1", "railway": "signal", "railway:signal:brake_test": "DE-ESO:zp", "railway:signal:brake_test:form": "light", "railway:signal:brake_test:states": "DE-ESO:db:zp6;DE-ESO:db:zp7;DE-ESO:db:zp8", "railway:signal:departure": "DE-ESO:zp", "railway:signal:departure:form": "light", "railway:signal:departure:states": "DE-ESO:zp9", "railway:signal:direction": "forward", "railway:signal:position": "left", "osm_id": 9548341842, "osm_type": "node"}}, {"type": "Feature", "geometry": {"type": "Point", "coordinates": [10.0076498, 53.551169]}, "properties": {"fixme": "Zusatzsignal Zs?", "railway": "signal", "railway:position": "left", "osm_id": 9548341843, "osm_type": "node"}}, {"type": "Feature", "geometry": {"type": "Point", "coordinates": [10.0085461, 53.5507335]}, "properties": {"railway": "signal", "railway:signal:direction": "backward", "railway:signal:position": "left", "railway:signal:speed_limit": "DE-ESO:zs3", "railway:signal:speed_limit:form": "light", "railway:signal:speed_limit:height": "normal", "railway:signal:speed_limit:speed": "40", "osm_id": 9548341847, "osm_type": "node"}}, {"type": "Feature", "geometry": {"type": "Point", "coordinates": [10.0086249, 53.5507476]}, "properties": {"railway": "signal", "railway:signal:direction": "backward", "railway:signal:position": "left", "railway:signal:speed_limit": "DE-ESO:zs3", "railway:signal:speed_limit:form": "light", "railway:signal:speed_limit:height": "normal", "railway:signal:speed_limit:speed": "40", "osm_id": 9548341848, "osm_type": "node"}}, {"type": "Feature", "geometry": {"type": "Point", "coordinates": [10.0087911, 53.5512415]}, "properties": {"entrance": "yes", "osm_id": 10833792248, "osm_type": "node"}}, {"type": "Feature", "geometry": {"type": "Point", "coordinates": [10.0106843, 53.5525258]}, "properties": {"addr:city": "Hamburg", "addr:country": "DE", "addr:housenumber": "1", "addr:postcode": "20097", "addr:street": "Adenauerallee", "entrance": "staircase", "osm_id": 11950507608, "osm_type": "node"}}, {"type": "Feature", "geometry": {"type": "Point", "coordinates": [10.0087077, 53.5525854]}, "properties": {"camera:mount": "pole", "camera:type": "panning", "check_date": "2025-02-14", "height": "4", "layer": "0", "level": "0", "man_made": "surveillance", "surveillance": "public", "surveillance:type": "camera", "surveillance:zone": "town", "osm_id": 12026596143, "osm_type": "node"}}, {"type": "Feature", "geometry": {"type": "Point", "coordinates": [10.0078516, 53.5512255]}, "properties": {"camera:angle": "10", "camera:direction": "325", "camera:mount": "pole", "camera:type": "fixed", "check_date": "2024-07-23", "height": "3", "layer": "-1", "level": "-1", "man_made": "surveillance", "surveillance": "public", "surveillance:type": "camera", "surveillance:zone": "public_transport_platform", "osm_id": 12125046357, "osm_type": "node"}}, {"type": "Feature", "geometry": {"type": "Point", "coordinates": [10.0077208, 53.5513287]}, "properties": {"camera:angle": "10", "camera:direction": "140", "camera:mount": "pole", "camera:type": "fixed", "check_date": "2024-07-23", "height": "2.5", "layer": "-1", "level": "-1", "man_made": "surveillance", "surveillance": "public", "surveillance:type": "camera", "surveillance:zone": "public_transport_platform", "osm_id": 12125046358, "osm_type": "node"}}, {"type": "Feature", "geometry": {"type": "Point", "coordinates": [10.0074472, 53.551596]}, "properties": {"camera:direction": "340", "camera:mount": "pole", "camera:type": "fixed", "check_date": "2024-07-23", "height": "3", "layer": "-1", "level": "-1", "man_made": "surveillance", "surveillance": "public", "surveillance:type": "camera", "surveillance:zone": "public_transport_platform", "osm_id": 12125046359, "osm_type": "node"}}, {"type": "Feature", "geometry": {"type": "Point", "coordinates": [10.0074217, 53.551843]}, "properties": {"camera:mount": "ceiling", "camera:type": "dome", "check_date": "2024-07-23", "height": "3", "layer": "-1", "level": "-1", "man_made": "surveillance", "surveillance": "public", "surveillance:type": "camera", "surveillance:zone": "public_transport_platform", "osm_id": 12125046361, "osm_type": "node"}}, {"type": "Feature", "geometry": {"type": "Point", "coordinates": [10.0073749, 53.5519413]}, "properties": {"camera:mount": "ceiling", "camera:type": "dome", "check_date": "2024-07-23", "height": "3", "layer": "-1", "level": "-1", "man_made": "surveillance", "surveillance": "public", "surveillance:type": "camera", "surveillance:zone": "public_transport_platform", "osm_id": 12125046362, "osm_type": "node"}}, {"type": "Feature", "geometry": {"type": "Point", "coordinates": [10.0078162, 53.5520356]}, "properties": {"camera:angle": "5", "camera:direction": "345", "camera:mount": "pole", "camera:type": "fixed", "check_date": "2024-07-23", "height": "3.5", "layer": "-1", "level": "-1", "man_made": "surveillance", "surveillance": "public", "surveillance:type": "camera", "surveillance:zone": "public_transport_platform", "osm_id": 12128324025, "osm_type": "node"}}, {"type": "Feature", "geometry": {"type": "Point", "coordinates": [10.008075, 53.5512202]}, "properties": {"camera:angle": "25", "camera:direction": "155", "camera:mount": "pole", "camera:type": "fixed", "check_date": "2024-07-23", "height": "3.5", "layer": "-1", "level": "-1", "man_made": "surveillance", "surveillance": "public", "surveillance:type": "camera", "surveillance:zone": "public_transport_platform", "osm_id": 12128336432, "osm_type": "node"}}, {"type": "Feature", "geometry": {"type": "Point", "coordinates": [10.0077637, 53.5516494]}, "properties": {"camera:angle": "10", "camera:direction": "340", "camera:mount": "pole", "camera:type": "fixed", "check_date": "2024-07-23", "height": "3.5", "layer": "-1", "level": "-1", "man_made": "surveillance", "surveillance": "public", "surveillance:type": "camera", "surveillance:zone": "public_transport_platform", "osm_id": 12128336433, "osm_type": "node"}}, {"type": "Feature", "geometry": {"type": "Point", "coordinates": [10.0076015, 53.5518821]}, "properties": {"camera:mount": "ceiling", "camera:type": "dome", "check_date": "2024-07-23", "height": "3", "layer": "-1", "level": "-1", "man_made": "surveillance", "surveillance": "public", "surveillance:type": "camera", "surveillance:zone": "public_transport_platform", "osm_id": 12128336435, "osm_type": "node"}}, {"type": "Feature", "geometry": {"type": "Point", "coordinates": [10.0076464, 53.5519566]}, "properties": {"camera:mount": "ceiling", "camera:type": "dome", "check_date": "2024-07-23", "height": "3", "layer": "-1", "level": "-1", "man_made": "surveillance", "surveillance": "public", "surveillance:type": "camera", "surveillance:zone": "public_transport_platform", "osm_id": 12128336436, "osm_type": "node"}}, {"type": "Feature", "geometry": {"type": "Point", "coordinates": [10.0075492, 53.5520677]}, "properties": {"camera:mount": "ceiling", "camera:type": "dome", "check_date": "2024-07-23", "height": "3.5", "layer": "-1", "level": "-1", "man_made": "surveillance", "surveillance": "public", "surveillance:type": "camera", "surveillance:zone": "public_transport_platform", "osm_id": 12128336437, "osm_type": "node"}}, {"type": "Feature", "geometry": {"type": "Point", "coordinates": [10.0075076, 53.5522581]}, "properties": {"camera:mount": "ceiling", "camera:type": "dome", "check_date": "2024-07-23", "height": "3", "layer": "-1", "level": "-1", "man_made": "surveillance", "surveillance": "public", "surveillance:type": "camera", "surveillance:zone": "public_transport_platform", "osm_id": 12128336438, "osm_type": "node"}}, {"type": "Feature", "geometry": {"type": "Point", "coordinates": [10.007411, 53.5522454]}, "properties": {"camera:mount": "ceiling", "camera:type": "dome", "check_date": "2024-07-23", "height": "3", "layer": "-1", "level": "-1", "man_made": "surveillance", "surveillance": "public", "surveillance:type": "camera", "surveillance:zone": "public_transport_platform", "osm_id": 12128336439, "osm_type": "node"}}, {"type": "Feature", "geometry": {"type": "Point", "coordinates": [10.008853, 53.5520048]}, "properties": {"camera:mount": "pole", "camera:type": "panning", "check_date": "2025-02-14", "height": "8", "layer": "0", "level": "0", "man_made": "surveillance", "note": "Höhe grob geschätzt", "surveillance": "public", "surveillance:type": "camera", "surveillance:zone": "traffic", "osm_id": 12616745613, "osm_type": "node"}}, {"type": "Feature", "geometry": {"type": "Point", "coordinates": [10.0086053, 53.552309]}, "properties": {"camera:angle": "15", "camera:direction": "330", "camera:mount": "pole", "camera:type": "fixed", "check_date": "2025-02-14", "height": "4", "layer": "0", "level": "0", "man_made": "surveillance", "surveillance": "public", "surveillance:type": "camera", "surveillance:zone": "traffic", "osm_id": 12616745614, "osm_type": "node"}}, {"type": "Feature", "geometry": {"type": "Point", "coordinates": [10.008604, 53.5523079]}, "properties": {"camera:angle": "15", "camera:direction": "260", "camera:mount": "pole", "camera:type": "fixed", "check_date": "2025-02-14", "height": "4", "layer": "0", "level": "0", "man_made": "surveillance", "surveillance": "public", "surveillance:type": "camera", "surveillance:zone": "traffic", "osm_id": 12616745615, "osm_type": "node"}}, {"type": "Feature", "geometry": {"type": "Point", "coordinates": [10.0086046, 53.5523085]}, "properties": {"camera:mount": "pole", "camera:type": "panning", "check_date": "2025-02-14", "height": "5", "layer": "0", "level": "0", "man_made": "surveillance", "surveillance": "public", "surveillance:type": "camera", "surveillance:zone": "traffic", "osm_id": 12616745616, "osm_type": "node"}}, {"type": "Feature", "geometry": {"type": "Point", "coordinates": [10.0079319, 53.5526566]}, "properties": {"camera:angle": "15", "camera:direction": "145", "camera:mount": "pole", "camera:type": "fixed", "check_date": "2025-02-14", "height": "3", "layer": "0", "level": "0", "man_made": "surveillance", "surveillance": "public", "surveillance:type": "camera", "surveillance:zone": "traffic", "osm_id": 12616745617, "osm_type": "node"}}, {"type": "Feature", "geometry": {"type": "Point", "coordinates": [10.0079312, 53.5526582]}, "properties": {"camera:angle": "15", "camera:direction": "5", "camera:mount": "pole", "camera:type": "fixed", "check_date": "2025-02-14", "height": "3", "layer": "0", "level": "0", "man_made": "surveillance", "surveillance": "public", "surveillance:type": "camera", "surveillance:zone": "traffic", "osm_id": 12616745618, "osm_type": "node"}}, {"type": "Feature", "geometry": {"type": "Point", "coordinates": [10.0079316, 53.5526574]}, "properties": {"camera:mount": "pole", "camera:type": "panning", "check_date": "2025-02-14", "height": "4", "layer": "0", "level": "0", "man_made": "surveillance", "surveillance": "public", "surveillance:type": "camera", "surveillance:zone": "traffic", "osm_id": 12616745619, "osm_type": "node"}}, {"type": "Feature", "geometry": {"type": "Point", "coordinates": [10.0097069, 53.5515604]}, "properties": {"addr:city": "Hamburg", "addr:country": "DE", "addr:housenumber": "1", "addr:postcode": "20099", "addr:street": "Steintorplatz", "brand": "Buchhandlung Walther König", "brand:wikidata": "Q998441", "description": "Die Buchhandlung ist kostenfrei zugänglich.", "email": "hamburgmkg@buchhandlung-walther-koenig.de", "fax": "+49 40 24875867", "level": "0", "level:ref": "EG", "name": "Buchhandlung Walther König", "opening_hours": "Tu,We,Fr-Su 10:00-18:00; Th 10:00-21:00; Mo off", "phone": "+49 40 24875883", "shop": "books", "website": "https://www.buchhandlung-walther-koenig.de/", "wheelchair": "yes", "osm_id": 12877452949, "osm_type": "node"}}, {"type": "Feature", "geometry": {"type": "Point", "coordinates": [10.0095899, 53.5512266]}, "properties": {"amenity": "restaurant", "cuisine": "cake;salad", "description": "Der Zugang zum Restaurant ist mit einem kostenfreien \"Freiraumticket\" möglich.", "diet:vegetarian": "yes", "indoor_seating": "yes", "level": "1", "level:ref": "1. OG", "menu:url": "https://destilleimmuseum.de/speisen/", "name": "Destille", "opening_hours": "Sep-May 11:00-17:00, Th 11:00-20:00, Mo off; Jun-Aug 11:00-17:00, Th 11:00-18:00, Mo off, Th[1] 11:00-20:00; Dec 24,25,31 off", "opening_hours:kitchen": "Sep-May 11:00-16:15, Th 11:00-19:00, Mo off; Jun-Aug 11:00-16:15, Th 11:00-17:15, Mo off, Th[1] 11:00-19:00; Dec 24,25,31 off", "opening_hours:url": "https://destilleimmuseum.de/oeffnungszeiten/", "operator": "Diana Fronecke-Dreyer", "outdoor_seating": "no", "payment:cash": "yes", "payment:credit_cards": "no", "payment:debit_cards": "yes", "phone": "+49 40 2803354", "reservation": "yes", "smoking": "no", "start_date": "1974", "toilets:access": "yes", "toilets:wheelchair": "yes", "website": "https://destilleimmuseum.de/", "wheelchair": "yes", "osm_id": 12877452950, "osm_type": "node"}}, {"type": "Feature", "geometry": {"type": "Point", "coordinates": [10.0074816, 53.5522052]}, "properties": {"camera:direction": "350", "camera:mount": "pole", "camera:type": "fixed", "check_date": "2025-12-31", "layer": "0", "level": "0", "man_made": "surveillance", "surveillance": "public", "surveillance:type": "camera", "surveillance:zone": "public_transport_platform", "osm_id": 13420702970, "osm_type": "node"}}, {"type": "Feature", "geometry": {"type": "Point", "coordinates": [10.0074244, 53.5516988]}, "properties": {"amenity": "vending_machine", "brand": "Deutsche Bahn", "brand:wikidata": "Q9322", "level": "-1", "operator": "DB Vertrieb GmbH", "operator:wikidata": "Q1152124", "payment:coins": "yes", "payment:girocard": "yes", "payment:notes": "yes", "vending": "public_transport_tickets", "osm_id": 13846284351, "osm_type": "node"}}, {"type": "Feature", "geometry": {"type": "Point", "coordinates": [10.007694, 53.5517462]}, "properties": {"amenity": "vending_machine", "brand": "Deutsche Bahn", "brand:wikidata": "Q9322", "level": "-1", "operator": "DB Vertrieb GmbH", "operator:wikidata": "Q1152124", "payment:coins": "yes", "payment:girocard": "yes", "payment:notes": "yes", "vending": "public_transport_tickets", "osm_id": 13850234420, "osm_type": "node"}}, {"type": "Feature", "geometry": {"type": "Point", "coordinates": [10.0083122, 53.5527196]}, "properties": {"entrance": "secondary", "osm_id": 13927361837, "osm_type": "node"}}, {"type": "Feature", "geometry": {"type": "Point", "coordinates": [10.0104409, 53.5525622]}, "properties": {"entrance": "shop", "osm_id": 13930003235, "osm_type": "node"}}, {"type": "Feature", "geometry": {"type": "Point", "coordinates": [10.0103018, 53.5522811]}, "properties": {"amenity": "post_office", "brand": "DHL", "brand:wikidata": "Q489815", "description": "im Kiosk", "level": "-1", "name": "DHL", "osm_id": 13936879516, "osm_type": "node"}}, {"type": "Feature", "geometry": {"type": "Point", "coordinates": [10.0062089, 53.554491]}, "properties": {"level": "-1", "railway": "switch", "railway:local_operated": "no", "railway:switch": "default", "railway:switch:electric": "yes", "railway:switch:resetting": "no", "railway:turnout_side": "right", "ref": "62", "osm_id": 31161170, "osm_type": "node"}}, {"type": "Feature", "geometry": {"type": "Point", "coordinates": [10.0036794, 53.5555615]}, "properties": {"railway": "switch", "railway:local_operated": "no", "railway:switch:electric": "yes", "railway:switch:heated": "yes", "ref": "450", "osm_id": 52103935, "osm_type": "node"}}, {"type": "Feature", "geometry": {"type": "Point", "coordinates": [10.0040392, 53.5553279]}, "properties": {"abandoned:railway": "switch", "osm_id": 52103938, "osm_type": "node"}}, {"type": "Feature", "geometry": {"type": "Point", "coordinates": [10.0041703, 53.5551748]}, "properties": {"railway": "switch", "railway:local_operated": "no", "railway:switch:electric": "yes", "railway:switch:heated": "yes", "ref": "441", "osm_id": 52103939, "osm_type": "node"}}, {"type": "Feature", "geometry": {"type": "Point", "coordinates": [10.0047564, 53.5547654]}, "properties": {"railway": "switch", "railway:local_operated": "no", "railway:switch": "default", "railway:switch:electric": "yes", "ref": "425", "osm_id": 52103940, "osm_type": "node"}}, {"type": "Feature", "geometry": {"type": "Point", "coordinates": [10.0049676, 53.5545528]}, "properties": {"railway": "switch", "railway:local_operated": "no", "railway:switch:electric": "yes", "ref": "421", "osm_id": 52103943, "osm_type": "node"}}, {"type": "Feature", "geometry": {"type": "Point", "coordinates": [10.0060313, 53.5530638]}, "properties": {"level": "-1", "local_ref": "13D-F", "name": "Hamburg Hauptbahnhof", "public_transport": "stop_position", "railway": "stop", "train": "yes", "osm_id": 52104870, "osm_type": "node"}}, {"type": "Feature", "geometry": {"type": "Point", "coordinates": [10.0058471, 53.5544136]}, "properties": {"description": "H/V-Hauptsignal mit Vr-Vorsignal in nordwestlicher Richtung", "level": "-1", "note": "Zeigt hp2 und vr1 mit verkürztem Bremswegabstand für gerade Ausfahrten Richtung Hamburg Dammtor", "operator": "DB Netz AG", "railway": "signal", "railway:signal:direction": "forward", "railway:signal:distant": "DE-ESO:vr", "railway:signal:distant:form": "light", "railway:signal:distant:height": "normal", "railway:signal:distant:repeated": "no", "railway:signal:distant:shape": "compact", "railway:signal:distant:shortened": "yes", "railway:signal:distant:states": "DE-ESO:vr0;DE-ESO:vr1;DE-ESO:vr2;off", "railway:signal:main": "DE-ESO:hp", "railway:signal:main:form": "light", "railway:signal:main:function": "intermediate", "railway:signal:main:height": "normal", "railway:signal:main:states": "DE-ESO:hp0;DE-ESO:hp2", "railway:signal:main:substitute_signal": "DE-ESO:db:zs1", "railway:signal:minor": "DE-ESO:sh1", "railway:signal:minor:form": "light", "railway:signal:position": "right", "ref": "T6", "source": "estimation; survey", "osm_id": 53123253, "osm_type": "node"}}, {"type": "Feature", "geometry": {"type": "Point", "coordinates": [10.0049395, 53.5546969]}, "properties": {"railway": "switch", "railway:local_operated": "no", "railway:switch": "default", "railway:switch:electric": "yes", "railway:switch:heated": "yes", "ref": "424", "osm_id": 53123256, "osm_type": "node"}}, {"type": "Feature", "geometry": {"type": "Point", "coordinates": [10.005236, 53.5532927]}, "properties": {"door": "no", "entrance": "yes", "entrance_marker:subway": "yes", "name": "Hauptbahnhof Nord", "railway": "subway_entrance", "wheelchair": "no", "width": "2.39", "osm_id": 206128483, "osm_type": "node"}}, {"type": "Feature", "geometry": {"type": "Point", "coordinates": [10.0055935, 53.5530565]}, "properties": {"check_date": "2024-06-20", "covered": "yes", "disused:amenity": "telephone", "internet_access": "wlan", "internet_access:fee": "yes", "level": "0", "note": "Die Deutsche Telekom stellte den Betrieb ihrer öffentlichen Telefone seit Ende 2022 schrittweise ein. Derzeit ist dieses Telefon zwar noch vorhanden, aber eine Verbindung ist nicht mehr möglich ..", "operator": "Deutsche Telekom", "operator:wikidata": "Q9396", "osm_id": 275968354, "osm_type": "node"}}, {"type": "Feature", "geometry": {"type": "Point", "coordinates": [10.0054479, 53.5547625]}, "properties": {"railway": "switch", "railway:local_operated": "no", "railway:switch": "default", "railway:switch:electric": "yes", "railway:switch:heated": "yes", "railway:switch:resetting": "no", "ref": "461", "osm_id": 287928239, "osm_type": "node"}}, {"type": "Feature", "geometry": {"type": "Point", "coordinates": [10.0033055, 53.5558942]}, "properties": {"railway": "switch", "railway:local_operated": "no", "railway:switch": "default", "railway:switch:electric": "yes", "railway:switch:resetting": "no", "ref": "452", "osm_id": 315220244, "osm_type": "node"}}, {"type": "Feature", "geometry": {"type": "Point", "coordinates": [10.0060193, 53.5537183]}, "properties": {"description": "H/V-Hauptsignal mit Vr-Vorsignal in nordwestlicher Richtung", "level": "-1", "operator": "DB Netz AG", "railway": "signal", "railway:signal:direction": "forward", "railway:signal:distant": "DE-ESO:vr", "railway:signal:distant:deactivated": "no", "railway:signal:distant:form": "light", "railway:signal:distant:height": "normal", "railway:signal:distant:repeated": "no", "railway:signal:distant:shape": "compact", "railway:signal:distant:shortened": "no", "railway:signal:distant:states": "DE-ESO:vr0;DE-ESO:vr1;DE-ESO:vr2;off", "railway:signal:main": "DE-ESO:hp", "railway:signal:main:deactivated": "no", "railway:signal:main:form": "light", "railway:signal:main:function": "intermediate", "railway:signal:main:height": "normal", "railway:signal:main:states": "DE-ESO:hp0;DE-ESO:hp2", "railway:signal:main:substitute_signal": "DE-ESO:db:zs1", "railway:signal:minor": "DE-ESO:sh1", "railway:signal:minor:form": "light", "railway:signal:position": "right", "ref": "T10", "osm_id": 315220273, "osm_type": "node"}}, {"type": "Feature", "geometry": {"type": "Point", "coordinates": [10.0058814, 53.5538739]}, "properties": {"level": "-1", "railway": "switch", "railway:local_operated": "no", "railway:switch": "wye", "railway:switch:electric": "yes", "ref": "402", "osm_id": 315220274, "osm_type": "node"}}, {"type": "Feature", "geometry": {"type": "Point", "coordinates": [10.005378, 53.5543182]}, "properties": {"level": "-1", "railway": "switch", "railway:local_operated": "no", "railway:switch": "wye", "railway:switch:electric": "yes", "ref": "403", "osm_id": 315220276, "osm_type": "node"}}, {"type": "Feature", "geometry": {"type": "Point", "coordinates": [10.0058828, 53.5530362]}, "properties": {"level": "-1", "local_ref": "14D-F", "name": "Hamburg Hauptbahnhof", "public_transport": "stop_position", "railway": "stop", "train": "yes", "osm_id": 315220304, "osm_type": "node"}}, {"type": "Feature", "geometry": {"type": "Point", "coordinates": [10.0055149, 53.5532347]}, "properties": {"entrance": "main", "level": "0", "public_transport": "entrance", "ref": "E", "osm_id": 315230129, "osm_type": "node"}}, {"type": "Feature", "geometry": {"type": "Point", "coordinates": [10.0063223, 53.5545658]}, "properties": {"level": "-1", "note": "\"Abzweigende Kurve\" ist eine Gerade.", "railway": "switch", "railway:local_operated": "no", "railway:switch": "single_slip", "railway:switch:configuration": "outside", "railway:switch:electric": "yes", "railway:switch:resetting": "no", "osm_id": 315238380, "osm_type": "node"}}, {"type": "Feature", "geometry": {"type": "Point", "coordinates": [10.0054939, 53.5548014]}, "properties": {"note": "EH 54 1:9", "railway": "switch", "railway:local_operated": "no", "railway:switch": "default", "railway:switch:electric": "yes", "railway:switch:heated": "no", "railway:switch:resetting": "no", "railway:turnout_side": "right", "ref": "460", "osm_id": 535103490, "osm_type": "node"}}, {"type": "Feature", "geometry": {"type": "Point", "coordinates": [10.0035075, 53.5537897]}, "properties": {"check_date:wheelchair": "2024-02-27", "entrance": "yes", "entrance_marker:subway": "yes", "name": "Hauptbahnhof Nord", "railway": "subway_entrance", "wheelchair": "no", "osm_id": 544377148, "osm_type": "node"}}, {"type": "Feature", "geometry": {"type": "Point", "coordinates": [10.0031123, 53.5538074]}, "properties": {"check_date:wheelchair": "2023-08-28", "entrance": "yes", "entrance_marker:subway": "yes", "name": "Hauptbahnhof Nord", "railway": "subway_entrance", "wheelchair": "no", "osm_id": 544377149, "osm_type": "node"}}, {"type": "Feature", "geometry": {"type": "Point", "coordinates": [10.0030227, 53.5549202]}, "properties": {"entrance": "yes", "osm_id": 890870638, "osm_type": "node"}}, {"type": "Feature", "geometry": {"type": "Point", "coordinates": [10.0037077, 53.5544132]}, "properties": {"entrance": "yes", "osm_id": 890870659, "osm_type": "node"}}, {"type": "Feature", "geometry": {"type": "Point", "coordinates": [10.0045526, 53.5538642]}, "properties": {"amenity": "social_facility", "branch": "Hamburg", "brand": "Bahnhofsmission", "brand:wikidata": "Q801713", "check_date": "2026-05-31", "email": "hamburg@bahnhofsmission.de", "level": "0", "name": "Bahnhofsmission", "note:source": "https://www.ndr.de/nachrichten/hamburg/Neues-Gebaeude-fuer-die-Bahnhofsmisson-,bahnhofsmission200.html", "opening_hours": "24/7", "operator": "Verein für Innere Mission \"Hamburger Stadtmission\"", "phone": "+49 40 39184400", "social_facility": "outreach", "social_facility:for": "homeless;underprivileged", "website": "https://bahnhofsmission.de/", "wheelchair": "yes", "osm_id": 1029366080, "osm_type": "node"}}, {"type": "Feature", "geometry": {"type": "Point", "coordinates": [10.0049729, 53.5541812]}, "properties": {"door": "yes", "entrance": "yes", "entrance_marker:subway": "yes", "indoor": "door", "level": "0", "railway": "subway_entrance", "repeat_on": "-3", "wheelchair": "yes", "osm_id": 1040426825, "osm_type": "node"}}, {"type": "Feature", "geometry": {"type": "Point", "coordinates": [10.0051098, 53.5539184]}, "properties": {"door": "yes", "entrance": "yes", "entrance_marker:subway": "yes", "indoor": "door", "level": "0", "railway": "subway_entrance", "repeat_on": "-3", "wheelchair": "yes", "osm_id": 1040443943, "osm_type": "node"}}, {"type": "Feature", "geometry": {"type": "Point", "coordinates": [10.0072824, 53.5536573]}, "properties": {"amenity": "vending_machine", "check_date": "2026-05-23", "level": "0", "operator": "metronom", "vending": "public_transport_tickets", "osm_id": 1129415815, "osm_type": "node"}}, {"type": "Feature", "geometry": {"type": "Point", "coordinates": [10.0049462, 53.5540682]}, "properties": {"level": "-3", "railway": "signal", "railway:signal:direction": "forward", "railway:signal:main": "DE-HHA:h", "railway:signal:main:form": "light", "railway:signal:main:height": "dwarf", "railway:signal:main:states": "DE-HHA:h1;DE-HHA:h2", "railway:signal:position": "left", "ref": "B HX", "osm_id": 1143048373, "osm_type": "node"}}, {"type": "Feature", "geometry": {"type": "Point", "coordinates": [10.0061786, 53.5541503]}, "properties": {"layer": "-4", "level": "-3", "name": "Hauptbahnhof Nord", "public_transport": "stop_position", "railway": "stop", "subway": "yes", "osm_id": 1143048428, "osm_type": "node"}}, {"type": "Feature", "geometry": {"type": "Point", "coordinates": [10.0047464, 53.5556792]}, "properties": {"railway": "switch", "railway:local_operated": "no", "railway:maxspeed:diverging": "40", "railway:switch": "default", "railway:switch:electric": "yes", "railway:turnout_side": "right", "ref": "64", "osm_id": 1238439062, "osm_type": "node"}}, {"type": "Feature", "geometry": {"type": "Point", "coordinates": [10.0068473, 53.5542557]}, "properties": {"level": "-1", "railway": "switch", "railway:local_operated": "no", "railway:switch": "default", "railway:switch:electric": "yes", "railway:turnout_side": "right", "osm_id": 1238439073, "osm_type": "node"}}, {"type": "Feature", "geometry": {"type": "Point", "coordinates": [10.0058377, 53.5549379]}, "properties": {"railway": "switch", "railway:local_operated": "no", "railway:maxspeed:diverging": "40", "railway:switch": "default", "railway:switch:electric": "yes", "railway:turnout_side": "right", "ref": "65", "osm_id": 1238439089, "osm_type": "node"}}, {"type": "Feature", "geometry": {"type": "Point", "coordinates": [10.0042735, 53.555178]}, "properties": {"description": "Fahrtbeziehung Weiche 451 ←→ 426 nicht möglich", "note": "DH54 1:9", "railway": "switch", "railway:local_operated": "no", "railway:switch": "single_slip", "railway:switch:configuration": "inside", "railway:switch:electric": "yes", "railway:switch:heated": "yes", "railway:switch:movable_frog": "no", "ref": "442", "osm_id": 1238528519, "osm_type": "node"}}, {"type": "Feature", "geometry": {"type": "Point", "coordinates": [10.0070254, 53.5536735]}, "properties": {"level": "-1", "note": "EH 54-500-1:13", "railway": "switch", "railway:local_operated": "no", "railway:radius": "500", "railway:switch": "default", "railway:switch:electric": "yes", "railway:switch:resetting": "no", "railway:turnout_side": "right", "ref": "58", "osm_id": 1238528530, "osm_type": "node"}}, {"type": "Feature", "geometry": {"type": "Point", "coordinates": [10.0056118, 53.5539227]}, "properties": {"level": "-1", "railway": "switch", "railway:local_operated": "no", "railway:switch": "default", "railway:switch:electric": "yes", "ref": "401", "osm_id": 1238528531, "osm_type": "node"}}, {"type": "Feature", "geometry": {"type": "Point", "coordinates": [10.0050896, 53.5550842]}, "properties": {"railway": "switch", "railway:local_operated": "no", "railway:switch": "default", "railway:switch:electric": "yes", "railway:switch:movable_frog": "no", "ref": "462", "osm_id": 1238528533, "osm_type": "node"}}, {"type": "Feature", "geometry": {"type": "Point", "coordinates": [10.0046396, 53.5552287]}, "properties": {"railway": "switch", "railway:local_operated": "no", "railway:switch": "default", "railway:switch:electric": "yes", "railway:switch:heated": "yes", "railway:switch:resetting": "no", "ref": "466", "osm_id": 1238528538, "osm_type": "node"}}, {"type": "Feature", "geometry": {"type": "Point", "coordinates": [10.0043457, 53.5556773]}, "properties": {"railway": "switch", "railway:local_operated": "no", "railway:switch": "default", "railway:switch:electric": "yes", "railway:switch:resetting": "no", "railway:turnout_side": "right", "ref": "68", "osm_id": 1238528548, "osm_type": "node"}}, {"type": "Feature", "geometry": {"type": "Point", "coordinates": [10.005199, 53.5542207]}, "properties": {"level": "-1", "note": "Innenbogenweiche", "railway": "switch", "railway:local_operated": "no", "railway:switch": "wye", "railway:switch:electric": "yes", "ref": "411", "osm_id": 1238528549, "osm_type": "node"}}, {"type": "Feature", "geometry": {"type": "Point", "coordinates": [10.0047763, 53.5548424]}, "properties": {"railway": "switch", "railway:local_operated": "no", "railway:switch": "default", "railway:switch:electric": "yes", "railway:switch:heated": "yes", "ref": "426", "osm_id": 1238528561, "osm_type": "node"}}, {"type": "Feature", "geometry": {"type": "Point", "coordinates": [10.0034706, 53.5560142]}, "properties": {"railway": "buffer_stop", "railway:signal:direction": "forward", "railway:signal:minor": "DE-ESO:sh0", "railway:signal:minor:form": "sign", "railway:signal:position": "in_track", "osm_id": 1238528566, "osm_type": "node"}}, {"type": "Feature", "geometry": {"type": "Point", "coordinates": [10.0036293, 53.5558913]}, "properties": {"railway": "buffer_stop", "railway:signal:direction": "backward", "railway:signal:minor": "DE-ESO:sh0", "railway:signal:minor:form": "sign", "railway:signal:position": "in_track", "osm_id": 1238528568, "osm_type": "node"}}, {"type": "Feature", "geometry": {"type": "Point", "coordinates": [10.0058975, 53.5545173]}, "properties": {"level": "-1", "note": "EH 54 190 1:7.5 ABW", "railway": "switch", "railway:local_operated": "no", "railway:radius": "190", "railway:switch": "default", "railway:switch:electric": "yes", "railway:switch:heated": "no", "railway:switch:movable_frog": "no", "ref": "404", "osm_id": 1238528583, "osm_type": "node"}}, {"type": "Feature", "geometry": {"type": "Point", "coordinates": [10.0034938, 53.5556188]}, "properties": {"abandoned:railway": "switch", "railway:switch": "default", "osm_id": 1238528586, "osm_type": "node"}}, {"type": "Feature", "geometry": {"type": "Point", "coordinates": [10.0051633, 53.5543534]}, "properties": {"level": "-1", "railway": "switch", "railway:local_operated": "no", "railway:switch": "default", "railway:switch:electric": "yes", "ref": "415", "osm_id": 1238528598, "osm_type": "node"}}, {"type": "Feature", "geometry": {"type": "Point", "coordinates": [10.0037024, 53.555753]}, "properties": {"railway": "switch", "railway:local_operated": "no", "railway:switch": "default", "railway:switch:electric": "yes", "railway:switch:resetting": "no", "ref": "466", "osm_id": 1238528605, "osm_type": "node"}}, {"type": "Feature", "geometry": {"type": "Point", "coordinates": [10.0039585, 53.555615]}, "properties": {"railway": "switch", "railway:local_operated": "no", "railway:switch": "default", "railway:switch:electric": "yes", "railway:switch:heated": "yes", "railway:switch:resetting": "no", "ref": "467", "osm_id": 1238528618, "osm_type": "node"}}, {"type": "Feature", "geometry": {"type": "Point", "coordinates": [10.0055188, 53.5542743]}, "properties": {"level": "-1", "railway": "switch", "railway:local_operated": "no", "railway:switch": "wye", "railway:switch:electric": "yes", "ref": "405", "osm_id": 1238528623, "osm_type": "node"}}, {"type": "Feature", "geometry": {"type": "Point", "coordinates": [10.004835, 53.5554806]}, "properties": {"railway": "switch", "railway:local_operated": "no", "railway:switch": "default", "railway:switch:electric": "yes", "railway:switch:movable_frog": "no", "railway:switch:resetting": "no", "railway:turnout_side": "left", "ref": "67", "osm_id": 1238528631, "osm_type": "node"}}, {"type": "Feature", "geometry": {"type": "Point", "coordinates": [10.0036541, 53.5556802]}, "properties": {"railway": "switch", "railway:local_operated": "no", "railway:switch": "default", "railway:switch:electric": "yes", "railway:switch:resetting": "no", "ref": "451", "osm_id": 1238528640, "osm_type": "node"}}, {"type": "Feature", "geometry": {"type": "Point", "coordinates": [10.0048012, 53.5551194]}, "properties": {"railway": "switch", "railway:local_operated": "no", "railway:switch": "default", "railway:switch:electric": "yes", "railway:switch:heated": "yes", "ref": "463", "osm_id": 1238528661, "osm_type": "node"}}, {"type": "Feature", "geometry": {"type": "Point", "coordinates": [10.0052895, 53.5544972]}, "properties": {"level": "-1", "railway": "switch", "railway:local_operated": "no", "railway:switch": "outer_curved", "railway:switch:electric": "yes", "railway:switch:heated": "yes", "railway:switch:resetting": "no", "ref": "406", "osm_id": 1246670352, "osm_type": "node"}}, {"type": "Feature", "geometry": {"type": "Point", "coordinates": [10.0055587, 53.5531374]}, "properties": {"amenity": "post_box", "check_date": "2024-06-20", "collection_times": "Mo-Fr 18:00; Sa 12:00; Su 09:00", "count": "2", "level": "0", "operator": "Deutsche Post", "operator:wikidata": "Q157645", "ref": "Glockengießerwall (Hauptbahnhof) 8-10, 20095 Hamburg", "osm_id": 1369283246, "osm_type": "node"}}, {"type": "Feature", "geometry": {"type": "Point", "coordinates": [10.0055761, 53.5533822]}, "properties": {"abandoned:amenity": "post_office", "abandoned:brand": "Deutsche Post", "abandoned:brand:wikidata": "Q157645", "abandoned:brand:wikipedia": "en:Deutsche Post", "abandoned:description": "Zugang über großen Zeitungs-/Buchladen im EG.", "abandoned:name": "Deutsche Post", "level": "1", "note": "Mit Aufgabe des Obergeschosses geschlossen", "osm_id": 1369283247, "osm_type": "node"}}, {"type": "Feature", "geometry": {"type": "Point", "coordinates": [10.0052987, 53.5535787]}, "properties": {"entrance": "main", "osm_id": 1508604391, "osm_type": "node"}}, {"type": "Feature", "geometry": {"type": "Point", "coordinates": [10.0054026, 53.5539366]}, "properties": {"description": "H/V-Hauptsignal mit Vr-Vorsignal in nordwestlicher Richtung", "level": "-1", "note": "Zeigt hp2 für ICE-Ausfahrt Richtung Hamburg-Dammtor", "railway": "signal", "railway:signal:direction": "backward", "railway:signal:distant": "DE-ESO:vr", "railway:signal:distant:form": "light", "railway:signal:distant:height": "normal", "railway:signal:distant:repeated": "no", "railway:signal:distant:shortened": "yes", "railway:signal:distant:states": "DE-ESO:vr0;DE-ESO:vr1;DE-ESO:vr2;off", "railway:signal:main": "DE-ESO:hp", "railway:signal:main:deactivated": "no", "railway:signal:main:form": "light", "railway:signal:main:function": "intermediate", "railway:signal:main:height": "normal", "railway:signal:main:states": "DE-ESO:hp0;DE-ESO:hp2", "railway:signal:main:substitute_signal": "DE-ESO:db:zs1", "railway:signal:minor": "DE-ESO:sh1", "railway:signal:minor:form": "light", "railway:signal:position": "left", "ref": "T14", "source": "estimation; survey", "osm_id": 1508604412, "osm_type": "node"}}, {"type": "Feature", "geometry": {"type": "Point", "coordinates": [10.00396, 53.5556712]}, "properties": {"railway": "switch", "railway:local_operated": "no", "railway:switch": "default", "railway:switch:electric": "yes", "railway:switch:resetting": "no", "ref": "465", "osm_id": 1561538995, "osm_type": "node"}}, {"type": "Feature", "geometry": {"type": "Point", "coordinates": [10.0029138, 53.5560783]}, "properties": {"railway": "switch", "railway:local_operated": "no", "railway:switch": "single_slip", "railway:switch:configuration": "outside", "railway:switch:electric": "yes", "railway:switch:resetting": "no", "ref": "453", "osm_id": 1561539004, "osm_type": "node"}}, {"type": "Feature", "geometry": {"type": "Point", "coordinates": [10.0066178, 53.5528071]}, "properties": {"level": "-1", "note": "EH S4 190 1:7.5L Abw", "railway": "switch", "railway:local_operated": "no", "railway:radius": "190", "railway:switch": "default", "railway:switch:electric": "yes", "railway:switch:movable_frog": "no", "railway:switch:resetting": "no", "railway:turnout_side": "left", "ref": "241", "osm_id": 1677782608, "osm_type": "node"}}, {"type": "Feature", "geometry": {"type": "Point", "coordinates": [10.0064364, 53.5531993]}, "properties": {"hvv:psv_type": "R;S", "level": "-1", "name": "Hamburg Hauptbahnhof", "name:da": "Hamborg Hovedbanegård", "name:de": "Hamburg Hauptbahnhof", "name:el": "Κεντρικός σταθμός Αμβούργου", "name:en": "Hamburg Central Station", "name:es": "Estación central de Hamburgo", "name:fr": "Gare centrale de Hambourg", "name:it": "Stazione centrale di Amburgo", "name:ja": "ハンブルク中央駅", "name:nl": "Hamburg Centraal Station", "name:th": "สถานีรถไฟหลักฮัมบวร์ค", "name:th-Latn": "Sathani Rotfai Lak Hamburg", "official_name": "Hamburg Hbf", "operator": "DB Station&Service AG", "public_transport": "station", "railway": "station", "railway:ref": "AH", "railway:station_category": "1", "ref:ibnr": "8002549", "ref:station": "2514", "short_name": "Hamburg Hbf", "toilets:wheelchair": "yes", "train": "yes", "uic_name": "Hamburg Hbf", "uic_ref": "8001071", "url": "https://www.bahnhof.de/hamburg-hbf", "wheelchair": "yes", "wikidata": "Q6456", "wikipedia": "de:Hamburg Hauptbahnhof", "osm_id": 1680910488, "osm_type": "node"}}, {"type": "Feature", "geometry": {"type": "Point", "coordinates": [10.0063717, 53.5536786]}, "properties": {"air_conditioning": "yes", "amenity": "fast_food", "brand": "GOSCH Sylt", "brand:wikidata": "Q83870795", "cuisine": "seafood", "diet:vegetarian": "no", "email": "hamburg-hbf@gosch.de", "indoor_seating": "yes", "level": "0", "name": "GOSCH Sylt", "opening_hours": "Mo-Su 07:30-23:00", "opening_hours:url": "https://gosch.de/standorte/hamburg-hbf/", "outdoor_seating": "no", "payment:credit_cards": "yes", "payment:debit_cards": "yes", "phone": "+49 40 41543769", "short_name": "GOSCH", "smoking": "no", "takeaway": "yes", "website": "https://gosch.de/standorte/hamburg-hbf/", "website:menu": "https://gosch.de/wp-content/uploads/2024/06/GOSCH-Hamburg-Hbf_Speisekarte_2024_06.pdf", "wheelchair": "yes", "osm_id": 2027720485, "osm_type": "node"}}, {"type": "Feature", "geometry": {"type": "Point", "coordinates": [10.006091, 53.5534513]}, "properties": {"brand": "von Allwörden", "brand:wikidata": "Q60411349", "brand:wikipedia": "nds:Heinrich von Allwörden GmbH", "check_date:opening_hours": "2024-10-13", "indoor_seating": "yes", "level": "0", "name": "von Allwörden", "opening_hours": "PH,Mo-Su 04:00-23:00", "opening_hours:signed": "no", "outdoor_seating": "no", "shop": "bakery", "smoking": "no", "wheelchair": "limited", "osm_id": 2027720596, "osm_type": "node"}}, {"type": "Feature", "geometry": {"type": "Point", "coordinates": [10.0047994, 53.5552694]}, "properties": {"railway": "derail", "railway:local_operated": "no", "railway:signal:minor": "DE-ESO:sh", "railway:signal:minor:deactivated": "no", "railway:signal:minor:form": "semaphore", "railway:signal:minor:height": "dwarf", "ref": "XI", "osm_id": 2156608019, "osm_type": "node"}}, {"type": "Feature", "geometry": {"type": "Point", "coordinates": [10.0048303, 53.5552877]}, "properties": {"railway": "derail", "railway:local_operated": "no", "railway:signal:minor": "DE-ESO:sh", "railway:signal:minor:deactivated": "no", "railway:signal:minor:form": "semaphore", "railway:signal:minor:height": "dwarf", "ref": "X", "osm_id": 2156608020, "osm_type": "node"}}, {"type": "Feature", "geometry": {"type": "Point", "coordinates": [10.0058977, 53.5535331]}, "properties": {"addr:city": "Hamburg", "addr:country": "DE", "addr:housenumber": "8", "addr:postcode": "20095", "addr:street": "Glockengießerwall", "amenity": "fast_food", "cuisine": "mexican", "diet:vegan": "yes", "diet:vegetarian": "yes", "email": "info@carlos-sambrosa.de", "indoor_seating": "yes", "level": "0", "name": "CARLOS Sambrosa", "opening_hours": "Mo-Su 06:00-23:00", "outdoor_seating": "no", "smoking": "no", "url": "https://www.wandelhalle-hamburg.de/shop/gastronomie/carlos-sambrosa.html", "website": "https://carlos-sambrosa.de/", "website:menu": "https://carlos-sambrosa.de/wp-content/uploads/2023/07/Speisekarte-2023.pdf", "wheelchair": "limited", "osm_id": 2477660520, "osm_type": "node"}}, {"type": "Feature", "geometry": {"type": "Point", "coordinates": [10.0058496, 53.5534462]}, "properties": {"addr:city": "Hamburg", "addr:street": "Glockengießerwall", "alt_name": "Kentucky Fried Chicken", "amenity": "fast_food", "brand": "KFC", "brand:wikidata": "Q524757", "brand:wikipedia": "en:KFC", "cuisine": "chicken", "diet:vegan": "yes", "diet:vegetarian": "yes", "indoor_seating": "yes", "level": "0", "name": "KFC", "name:it": "KFC", "opening_hours": "Mo-Su 10:00-22:00", "outdoor_seating": "no", "phone": "+49 40 30087352", "smoking": "no", "takeaway": "yes", "website": "https://www.kfc.de/find-a-kfc/kfc-hamburg-wandelhalle-hbf-glockengiesserwall-8-10", "wheelchair": "yes", "osm_id": 2477660521, "osm_type": "node"}}, {"type": "Feature", "geometry": {"type": "Point", "coordinates": [10.0057503, 53.5534691]}, "properties": {"amenity": "fast_food", "cuisine": "sushi", "delivery": "yes", "diet:vegan": "yes", "diet:vegetarian": "yes", "email": "info@sushisupply.de", "indoor_seating": "yes", "level": "0", "name": "Sushi Supply", "opening_hours": "Mo-Su 10:00-22:00", "outdoor_seating": "no", "payment:cash": "yes", "payment:girocard": "yes", "payment:maestro": "yes", "payment:mastercard": "yes", "payment:visa": "yes", "phone": "+49 40 30376868", "self_service": "yes", "smoking": "no", "takeaway": "yes", "website": "https://sushisupply.de", "wheelchair": "limited", "osm_id": 2477660522, "osm_type": "node"}}, {"type": "Feature", "geometry": {"type": "Point", "coordinates": [10.0059142, 53.5536062]}, "properties": {"addr:city": "Hamburg", "addr:housenumber": "8-10", "addr:postcode": "20095", "addr:street": "Glockengießerwall", "air_conditioning": "yes", "amenity": "fast_food", "brand": "Subway", "brand:wikidata": "Q244457", "brand:wikipedia": "en:Subway (restaurant)", "contact:facebook": "https://www.facebook.com/subwaydeutschland", "contact:instagram": "https://www.instagram.com/subway_de/", "contact:twitter": "https://twitter.com/Subway_DE", "cuisine": "sandwich", "delivery": "no", "description:payment": "Keine Entgegennahme von 100-,200-,500-Euro Scheinen", "diet:vegan": "yes", "diet:vegetarian": "yes", "indoor_seating": "yes", "internet_access": "no", "level": "0", "name": "Subway", "opening_hours": "Mo-Su,PH 07:00-23:00", "outdoor_seating": "no", "payment:cash": "yes", "payment:cryptocurrencies": "no", "payment:electronic_purses": "no", "payment:girocard": "yes", "payment:mastercard": "yes", "payment:visa": "yes", "phone": "+49 40 46866885", "ref": "34422-0", "smoking": "no", "takeaway": "yes", "website": "https://restaurants.subway.com/de/deutschland/hh/hamburg/glockengie%C3%9Ferwall-8-10", "wheelchair": "limited", "osm_id": 2477660523, "osm_type": "node"}}, {"type": "Feature", "geometry": {"type": "Point", "coordinates": [10.0059654, 53.5544736]}, "properties": {"description": "Zwei übereinander hängende Tafeln \"64,0\" und \"286,8\" auf dem benachbarten Bahnsteig", "level": "-1", "operator": "DB Netz AG", "railway": "milestone", "railway:position": "64.0;286.8", "osm_id": 2705252970, "osm_type": "node"}}, {"type": "Feature", "geometry": {"type": "Point", "coordinates": [10.0048941, 53.5555349]}, "properties": {"railway": "milestone", "railway:position": "286.9", "osm_id": 2710557467, "osm_type": "node"}}, {"type": "Feature", "geometry": {"type": "Point", "coordinates": [10.0058359, 53.5531394]}, "properties": {"amenity": "vending_machine", "brand": "Deutsche Bahn", "brand:wikidata": "Q9322", "check_date": "2022-08-16", "level": "0", "operator": "DB Vertrieb GmbH", "operator:wikidata": "Q1152124", "payment:coins": "yes", "payment:credit_cards": "yes", "payment:notes": "yes", "ref": "B81256", "vending": "public_transport_tickets", "osm_id": 2713150935, "osm_type": "node"}}, {"type": "Feature", "geometry": {"type": "Point", "coordinates": [10.0058316, 53.5531471]}, "properties": {"amenity": "vending_machine", "brand": "Deutsche Bahn", "brand:wikidata": "Q9322", "check_date": "2022-08-16", "level": "0", "operator": "DB Vertrieb GmbH", "operator:wikidata": "Q1152124", "payment:coins": "yes", "payment:credit_cards": "yes", "payment:notes": "yes", "ref": "B81255", "vending": "public_transport_tickets", "osm_id": 2713150938, "osm_type": "node"}}, {"type": "Feature", "geometry": {"type": "Point", "coordinates": [10.0058279, 53.5531536]}, "properties": {"amenity": "vending_machine", "brand": "Deutsche Bahn", "brand:wikidata": "Q9322", "check_date": "2022-08-16", "level": "0", "operator": "DB Vertrieb GmbH", "operator:wikidata": "Q1152124", "payment:coins": "yes", "payment:credit_cards": "yes", "payment:notes": "yes", "ref": "B80953", "vending": "public_transport_tickets", "osm_id": 2713150941, "osm_type": "node"}}, {"type": "Feature", "geometry": {"type": "Point", "coordinates": [10.0058245, 53.5531598]}, "properties": {"amenity": "vending_machine", "brand": "Deutsche Bahn", "brand:wikidata": "Q9322", "check_date": "2022-08-16", "level": "0", "operator": "DB Vertrieb GmbH", "operator:wikidata": "Q1152124", "payment:coins": "yes", "payment:credit_cards": "yes", "payment:notes": "yes", "ref": "B80954", "vending": "public_transport_tickets", "osm_id": 2713150948, "osm_type": "node"}}, {"type": "Feature", "geometry": {"type": "Point", "coordinates": [10.006067, 53.5531525]}, "properties": {"amenity": "vending_machine", "check_date": "2022-08-16", "level": "0", "operator": "metronom", "vending": "public_transport_tickets", "osm_id": 2715137974, "osm_type": "node"}}, {"type": "Feature", "geometry": {"type": "Point", "coordinates": [10.006084, 53.5531559]}, "properties": {"amenity": "vending_machine", "check_date": "2022-08-16", "level": "0", "operator": "metronom", "vending": "public_transport_tickets", "osm_id": 2715137979, "osm_type": "node"}}, {"type": "Feature", "geometry": {"type": "Point", "coordinates": [10.0072607, 53.5532306]}, "properties": {"amenity": "photo_booth", "level": "0", "osm_id": 2715137984, "osm_type": "node"}}, {"type": "Feature", "geometry": {"type": "Point", "coordinates": [10.0073031, 53.5531897]}, "properties": {"amenity": "vending_machine", "brand": "Deutsche Bahn", "brand:wikidata": "Q9322", "level": "0", "operator": "DB Vertrieb GmbH", "operator:wikidata": "Q1152124", "payment:cash": "yes", "payment:cryptocurrencies": "no", "payment:electronic_purses": "no", "payment:girocard": "yes", "ref": "B81821", "vending": "public_transport_tickets", "osm_id": 2715138001, "osm_type": "node"}}, {"type": "Feature", "geometry": {"type": "Point", "coordinates": [10.0072979, 53.5531986]}, "properties": {"amenity": "vending_machine", "brand": "Deutsche Bahn", "brand:wikidata": "Q9322", "level": "0", "operator": "DB Vertrieb GmbH", "operator:wikidata": "Q1152124", "payment:cash": "yes", "payment:cryptocurrencies": "no", "payment:electronic_purses": "no", "payment:girocard": "yes", "ref": "B81822", "vending": "public_transport_tickets", "osm_id": 2715138006, "osm_type": "node"}}, {"type": "Feature", "geometry": {"type": "Point", "coordinates": [10.00729, 53.553213]}, "properties": {"amenity": "vending_machine", "brand": "Deutsche Bahn", "brand:wikidata": "Q9322", "level": "0", "operator": "DB Vertrieb GmbH", "operator:wikidata": "Q1152124", "payment:cash": "yes", "payment:cryptocurrencies": "no", "payment:electronic_purses": "no", "payment:girocard": "yes", "ref": "B81823", "vending": "public_transport_tickets", "osm_id": 2715138011, "osm_type": "node"}}, {"type": "Feature", "geometry": {"type": "Point", "coordinates": [10.0071434, 53.5533226]}, "properties": {"amenity": "vending_machine", "brand": "Deutsche Bahn", "brand:wikidata": "Q9322", "level": "0", "operator": "DB Vertrieb GmbH", "operator:wikidata": "Q1152124", "ref": "B81254", "vending": "public_transport_tickets", "osm_id": 2715138017, "osm_type": "node"}}, {"type": "Feature", "geometry": {"type": "Point", "coordinates": [10.00716, 53.5533261]}, "properties": {"amenity": "vending_machine", "brand": "Deutsche Bahn", "brand:wikidata": "Q9322", "level": "0", "operator": "DB Vertrieb GmbH", "operator:wikidata": "Q1152124", "ref": "B81253", "vending": "public_transport_tickets", "osm_id": 2715138022, "osm_type": "node"}}, {"type": "Feature", "geometry": {"type": "Point", "coordinates": [10.0070624, 53.5533515]}, "properties": {"disused:amenity": "vending_machine", "disused:vending": "public_transport_tickets", "osm_id": 2715138027, "osm_type": "node"}}, {"type": "Feature", "geometry": {"type": "Point", "coordinates": [10.0070771, 53.5533545]}, "properties": {"disused:amenity": "vending_machine", "disused:vending": "public_transport_tickets", "osm_id": 2715138031, "osm_type": "node"}}, {"type": "Feature", "geometry": {"type": "Point", "coordinates": [10.0050499, 53.5543692]}, "properties": {"description": "Zwei übereinander hängende Tafeln \"355,4\" und \"286,8\" unterhalb der Straßenbrücke", "level": "-1", "railway": "milestone", "railway:ref": "355.4", "osm_id": 2716744967, "osm_type": "node"}}, {"type": "Feature", "geometry": {"type": "Point", "coordinates": [10.0052426, 53.554433]}, "properties": {"level": "-1", "operator": "DB Netz AG", "railway": "milestone", "railway:milestone:catenary_mast": "no", "railway:milestone:emergency_brake_override": "no", "railway:position": "355.4", "osm_id": 2716744969, "osm_type": "node"}}, {"type": "Feature", "geometry": {"type": "Point", "coordinates": [10.0054317, 53.5543899]}, "properties": {"description": "einfache Tafel auf dem benachbarten Bahnsteig", "level": "-1", "operator": "DB Netz AG", "railway": "milestone", "railway:milestone:catenary_mast": "no", "railway:milestone:emergency_brake_override": "no", "railway:position": "286.8", "osm_id": 2716744970, "osm_type": "node"}}, {"type": "Feature", "geometry": {"type": "Point", "coordinates": [10.0065499, 53.5535139]}, "properties": {"amenity": "vending_machine", "brand": "Deutsche Bahn", "brand:wikidata": "Q9322", "level": "0", "operator": "DB Vertrieb GmbH", "operator:wikidata": "Q1152124", "payment:coins": "yes", "payment:notes": "yes", "ref": "B81820", "vending": "public_transport_tickets", "osm_id": 2716746627, "osm_type": "node"}}, {"type": "Feature", "geometry": {"type": "Point", "coordinates": [10.0057654, 53.5544681]}, "properties": {"level": "-1", "operator": "DB Netz AG", "railway": "milestone", "railway:position": "64.0;286.8", "osm_id": 2716748289, "osm_type": "node"}}, {"type": "Feature", "geometry": {"type": "Point", "coordinates": [10.0063022, 53.5535325]}, "properties": {"addr:city": "Hamburg", "addr:street": "Glockengießerwall", "air_conditioning": "yes", "amenity": "fast_food", "branch": "Wandelhalle", "check_date:opening_hours": "2024-06-14", "cuisine": "pizza", "diet:vegan": "no", "diet:vegetarian": "yes", "email": "wandelhalle@ciao-bella.de", "indoor_seating": "yes", "level": "0", "name": "ciao bella", "opening_hours": "Mo-Su 10:00-23:00", "outdoor_seating": "no", "payment:credit_cards": "yes", "payment:debit_cards": "yes", "phone": "+49 40 55008123", "smoking": "no", "website": "https://www.ciao-bella.de/restaurantsuche/#!/l/hamburg/glockengiesserwall-8-10/841942", "wheelchair": "yes", "osm_id": 2772081920, "osm_type": "node"}}, {"type": "Feature", "geometry": {"type": "Point", "coordinates": [10.0047495, 53.5530099]}, "properties": {"entrance": "main", "osm_id": 2901604529, "osm_type": "node"}}, {"type": "Feature", "geometry": {"type": "Point", "coordinates": [10.0033045, 53.5529054]}, "properties": {"addr:city": "Hamburg", "addr:housenumber": "3", "addr:postcode": "20095", "addr:street": "Kurze Mühren", "entrance": "main", "osm_id": 2901706585, "osm_type": "node"}}, {"type": "Feature", "geometry": {"type": "Point", "coordinates": [10.0068431, 53.554145]}, "properties": {"level": "-3", "railway": "milestone", "railway:position": "1.1", "osm_id": 3020822453, "osm_type": "node"}}, {"type": "Feature", "geometry": {"type": "Point", "coordinates": [10.0066058, 53.5528274]}, "properties": {"level": "-1", "railway": "signal", "railway:signal:direction": "backward", "railway:signal:minor": "DE-ESO:sh", "railway:signal:minor:deactivated": "no", "railway:signal:minor:form": "light", "railway:signal:minor:height": "normal", "railway:signal:minor:states": "DE-ESO:hp0;DE-ESO:sh1;DE-ESO:kennlicht", "railway:signal:position": "left", "ref": "410 II", "osm_id": 3057628918, "osm_type": "node"}}, {"type": "Feature", "geometry": {"type": "Point", "coordinates": [10.0055061, 53.553911]}, "properties": {"description": "H/V-Hauptsignal mit Vr-Vorsignal in nordwestlicher Richtung", "level": "-1", "railway": "signal", "railway:signal:direction": "backward", "railway:signal:distant": "DE-ESO:vr", "railway:signal:distant:form": "light", "railway:signal:distant:height": "normal", "railway:signal:distant:repeated": "no", "railway:signal:distant:shortened": "yes", "railway:signal:distant:states": "DE-ESO:vr0;DE-ESO:vr1;DE-ESO:vr2;off", "railway:signal:main": "DE-ESO:hp", "railway:signal:main:deactivated": "no", "railway:signal:main:form": "light", "railway:signal:main:function": "intermediate", "railway:signal:main:height": "normal", "railway:signal:main:states": "DE-ESO:hp0;DE-ESO:hp2", "railway:signal:main:substitute_signal": "DE-ESO:db:zs1", "railway:signal:minor": "DE-ESO:sh1", "railway:signal:minor:form": "light", "railway:signal:position": "left", "ref": "T13", "source": "estimation; survey", "osm_id": 3073826221, "osm_type": "node"}}, {"type": "Feature", "geometry": {"type": "Point", "coordinates": [10.0059412, 53.553901]}, "properties": {"description": "H/V-Hauptsignal mit Vr-Vorsignal in nordwestlicher Richtung", "level": "-1", "railway": "signal", "railway:signal:direction": "forward", "railway:signal:distant": "DE-ESO:vr", "railway:signal:distant:deactivated": "no", "railway:signal:distant:form": "light", "railway:signal:distant:height": "normal", "railway:signal:distant:repeated": "no", "railway:signal:distant:shape": "compact", "railway:signal:distant:shortened": "no", "railway:signal:distant:states": "DE-ESO:vr0;DE-ESO:vr1;DE-ESO:vr2;off", "railway:signal:main": "DE-ESO:hp", "railway:signal:main:deactivated": "no", "railway:signal:main:form": "light", "railway:signal:main:function": "intermediate", "railway:signal:main:height": "normal", "railway:signal:main:states": "DE-ESO:hp0;DE-ESO:hp2", "railway:signal:main:substitute_signal": "DE-ESO:db:zs1", "railway:signal:minor": "DE-ESO:sh1", "railway:signal:minor:form": "light", "railway:signal:position": "right", "ref": "T9", "source": "estimation; survey", "osm_id": 3073826222, "osm_type": "node"}}, {"type": "Feature", "geometry": {"type": "Point", "coordinates": [10.005748, 53.5539113]}, "properties": {"description": "H/V-Hauptsignal mit Vr-Vorsignal in nordwestlicher Richtung", "level": "-1", "railway": "signal", "railway:signal:direction": "backward", "railway:signal:distant": "DE-ESO:vr", "railway:signal:distant:deactivated": "no", "railway:signal:distant:form": "light", "railway:signal:distant:height": "normal", "railway:signal:distant:repeated": "no", "railway:signal:distant:shape": "compact", "railway:signal:distant:shortened": "no", "railway:signal:distant:states": "DE-ESO:vr0;DE-ESO:vr1;DE-ESO:vr2;off", "railway:signal:main": "DE-ESO:hp", "railway:signal:main:deactivated": "no", "railway:signal:main:form": "light", "railway:signal:main:function": "intermediate", "railway:signal:main:height": "normal", "railway:signal:main:states": "DE-ESO:hp0;DE-ESO:hp2", "railway:signal:main:substitute_signal": "DE-ESO:db:zs1", "railway:signal:minor": "DE-ESO:sh1", "railway:signal:minor:form": "light", "railway:signal:position": "left", "ref": "T11", "source": "estimation; survey", "osm_id": 3073826223, "osm_type": "node"}}, {"type": "Feature", "geometry": {"type": "Point", "coordinates": [10.0054029, 53.5542906]}, "properties": {"description": "Geschwindigkeitssignal (zs3 \"2\") als Lichtsignal", "level": "-1", "note": "Zeigt zs3 \"2\" für Kurzeinfahrt des sh-Express", "operator": "DB Netz AG", "railway": "signal", "railway:signal:direction": "forward", "railway:signal:position": "right", "railway:signal:speed_limit": "DE-ESO:zs3", "railway:signal:speed_limit:form": "light", "railway:signal:speed_limit:height": "normal", "railway:signal:speed_limit:speed": "20;30;off", "source": "estimation; survey", "osm_id": 3073826224, "osm_type": "node"}}, {"type": "Feature", "geometry": {"type": "Point", "coordinates": [10.0055803, 53.5544493]}, "properties": {"description": "einfache Tafel auf dem benachbarten Bahnsteig", "level": "-1", "operator": "DB Netz AG", "railway": "milestone", "railway:milestone:catenary_mast": "no", "railway:milestone:emergency_brake_override": "no", "railway:position": "64.0", "osm_id": 3073826227, "osm_type": "node"}}, {"type": "Feature", "geometry": {"type": "Point", "coordinates": [10.0051434, 53.5547798]}, "properties": {"description": "H/V-Hauptsignal mit Vr-Vorsignal in nordwestlicher Richtung", "operator": "DB Netz AG", "railway": "signal", "railway:signal:departure": "DE-ESO:zp", "railway:signal:departure:form": "light", "railway:signal:departure:states": "DE-ESO:zp9;DE-ESO:zp10", "railway:signal:direction": "backward", "railway:signal:distant": "DE-ESO:vr", "railway:signal:distant:form": "light", "railway:signal:distant:height": "normal", "railway:signal:distant:repeated": "no", "railway:signal:distant:shortened": "yes", "railway:signal:distant:states": "DE-ESO:vr0;DE-ESO:vr1;DE-ESO:vr2", "railway:signal:main": "DE-ESO:hp", "railway:signal:main:form": "light", "railway:signal:main:function": "intermediate", "railway:signal:main:height": "normal", "railway:signal:main:states": "DE-ESO:hp0;DE-ESO:hp2", "railway:signal:main:substitute_signal": "DE-ESO:db:zs1", "railway:signal:minor": "DE-ESO:sh1", "railway:signal:minor:form": "light", "railway:signal:position": "left", "ref": "T7", "source": "estimation; survey", "osm_id": 3073826228, "osm_type": "node"}}, {"type": "Feature", "geometry": {"type": "Point", "coordinates": [10.0037297, 53.5561021]}, "properties": {"description": "Geschwindigkeitssignal (lf7 \"6\") in nordwestlicher Richtung", "operator": "DB Netz AG", "railway": "signal", "railway:signal:direction": "forward", "railway:signal:position": "right", "railway:signal:speed_limit": "DE-ESO:lf7", "railway:signal:speed_limit:form": "sign", "railway:signal:speed_limit:height": "normal", "railway:signal:speed_limit:speed": "60", "source": "estimation; survey", "osm_id": 3073826229, "osm_type": "node"}}, {"type": "Feature", "geometry": {"type": "Point", "coordinates": [10.0054912, 53.5537715]}, "properties": {"level": "-1", "railway": "signal", "railway:signal:direction": "forward", "railway:signal:distant": "DE-ESO:vr", "railway:signal:distant:deactivated": "no", "railway:signal:distant:form": "light", "railway:signal:distant:height": "normal", "railway:signal:distant:repeated": "yes", "railway:signal:distant:shortened": "no", "railway:signal:distant:states": "DE-ESO:vr0;DE-ESO:vr1;DE-ESO:vr2", "railway:signal:position": "right", "osm_id": 3105955508, "osm_type": "node"}}, {"type": "Feature", "geometry": {"type": "Point", "coordinates": [10.0056088, 53.55376]}, "properties": {"level": "-1", "railway": "signal", "railway:signal:direction": "forward", "railway:signal:distant": "DE-ESO:vr", "railway:signal:distant:deactivated": "no", "railway:signal:distant:form": "light", "railway:signal:distant:height": "normal", "railway:signal:distant:repeated": "yes", "railway:signal:distant:shortened": "no", "railway:signal:distant:states": "DE-ESO:vr0;DE-ESO:vr1;DE-ESO:vr2", "railway:signal:position": "right", "osm_id": 3105955509, "osm_type": "node"}}, {"type": "Feature", "geometry": {"type": "Point", "coordinates": [10.0057035, 53.5538102]}, "properties": {"level": "-1", "railway": "signal", "railway:signal:direction": "forward", "railway:signal:distant": "DE-ESO:vr", "railway:signal:distant:deactivated": "no", "railway:signal:distant:form": "light", "railway:signal:distant:height": "normal", "railway:signal:distant:repeated": "no", "railway:signal:distant:shortened": "yes", "railway:signal:distant:states": "DE-ESO:vr0;DE-ESO:vr1;DE-ESO:vr2", "railway:signal:main": "DE-ESO:hp", "railway:signal:main:deactivated": "no", "railway:signal:main:form": "light", "railway:signal:main:function": "intermediate", "railway:signal:main:height": "normal", "railway:signal:main:states": "DE-ESO:hp0;DE-ESO:hp2", "railway:signal:main:substitute_signal": "DE-ESO:db:zs1", "railway:signal:minor": "DE-ESO:sh1", "railway:signal:minor:form": "light", "railway:signal:position": "right", "ref": "T12", "osm_id": 3105955510, "osm_type": "node"}}, {"type": "Feature", "geometry": {"type": "Point", "coordinates": [10.0056946, 53.5538215]}, "properties": {"level": "-1", "railway": "signal", "railway:signal:direction": "backward", "railway:signal:distant": "DE-ESO:vr", "railway:signal:distant:deactivated": "no", "railway:signal:distant:form": "light", "railway:signal:distant:height": "normal", "railway:signal:distant:repeated": "yes", "railway:signal:distant:shortened": "no", "railway:signal:distant:states": "DE-ESO:vr0;DE-ESO:vr1;DE-ESO:vr2", "railway:signal:position": "left", "ref": "WVs12", "osm_id": 3105955511, "osm_type": "node"}}, {"type": "Feature", "geometry": {"type": "Point", "coordinates": [10.0058987, 53.5538544]}, "properties": {"level": "-1", "railway": "signal", "railway:signal:direction": "backward", "railway:signal:distant": "DE-ESO:vr", "railway:signal:distant:deactivated": "no", "railway:signal:distant:form": "light", "railway:signal:distant:height": "normal", "railway:signal:distant:repeated": "yes", "railway:signal:distant:shortened": "no", "railway:signal:distant:states": "DE-ESO:vr0;DE-ESO:vr1;DE-ESO:vr2", "railway:signal:position": "left", "osm_id": 3105955512, "osm_type": "node"}}, {"type": "Feature", "geometry": {"type": "Point", "coordinates": [10.0056579, 53.553866]}, "properties": {"level": "-1", "railway": "signal", "railway:signal:brake_test": "DE-ESO:zp", "railway:signal:brake_test:deactivated": "no", "railway:signal:brake_test:form": "light", "railway:signal:brake_test:states": "DE-ESO:db:zp6;DE-ESO:db:zp7;DE-ESO:db:zp8", "railway:signal:departure": "DE-ESO:zp", "railway:signal:departure:form": "light", "railway:signal:departure:states": "DE-ESO:zp9", "railway:signal:direction": "both", "railway:signal:position": "right", "osm_id": 3105955513, "osm_type": "node"}}, {"type": "Feature", "geometry": {"type": "Point", "coordinates": [10.006003, 53.5538796]}, "properties": {"level": "-1", "railway": "phone", "osm_id": 3105955514, "osm_type": "node"}}, {"type": "Feature", "geometry": {"type": "Point", "coordinates": [10.005685, 53.5541919]}, "properties": {"level": "-1", "railway": "signal", "railway:signal:brake_test": "DE-ESO:zp", "railway:signal:brake_test:deactivated": "no", "railway:signal:brake_test:form": "light", "railway:signal:brake_test:states": "DE-ESO:db:zp6;DE-ESO:db:zp7;DE-ESO:db:zp8", "railway:signal:departure": "DE-ESO:zp", "railway:signal:departure:deactivated": "no", "railway:signal:departure:form": "light", "railway:signal:departure:states": "DE-ESO:zp9", "railway:signal:direction": "forward", "railway:signal:distant": "DE-ESO:vr", "railway:signal:distant:deactivated": "no", "railway:signal:distant:form": "light", "railway:signal:distant:height": "normal", "railway:signal:distant:repeated": "no", "railway:signal:distant:shape": "compact", "railway:signal:distant:shortened": "yes", "railway:signal:distant:states": "DE-ESO:vr0;DE-ESO:vr1;DE-ESO:vr2;off", "railway:signal:main": "DE-ESO:hp", "railway:signal:main:deactivated": "no", "railway:signal:main:form": "light", "railway:signal:main:function": "intermediate", "railway:signal:main:height": "normal", "railway:signal:main:states": "DE-ESO:hp0;DE-ESO:hp2;DE-ESO:kennlicht", "railway:signal:main:substitute_signal": "DE-ESO:db:zs1", "railway:signal:minor": "DE-ESO:sh1", "railway:signal:minor:form": "light", "railway:signal:position": "right", "ref": "T8", "osm_id": 3105955515, "osm_type": "node"}}, {"type": "Feature", "geometry": {"type": "Point", "coordinates": [10.0051598, 53.554598]}, "properties": {"level": "-1", "railway": "signal", "railway:signal:direction": "backward", "railway:signal:minor": "DE-ESO:sh", "railway:signal:minor:deactivated": "no", "railway:signal:minor:form": "light", "railway:signal:minor:height": "dwarf", "railway:signal:minor:marker_light": "no", "railway:signal:minor:states": "DE-ESO:hp0;DE-ESO:sh1", "railway:signal:position": "left", "ref": "408 II", "osm_id": 3105955516, "osm_type": "node"}}, {"type": "Feature", "geometry": {"type": "Point", "coordinates": [10.0049709, 53.5547545]}, "properties": {"railway": "signal", "railway:signal:direction": "backward", "railway:signal:position": "right", "railway:signal:speed_limit": "DE-ESO:zs3", "railway:signal:speed_limit:deactivated": "no", "railway:signal:speed_limit:form": "light", "railway:signal:speed_limit:height": "normal", "railway:signal:speed_limit:speed": "20;30;off", "osm_id": 3105955517, "osm_type": "node"}}, {"type": "Feature", "geometry": {"type": "Point", "coordinates": [10.0058497, 53.5542596]}, "properties": {"level": "-1", "railway": "signal", "railway:signal:brake_test": "DE-ESO:zp", "railway:signal:brake_test:deactivated": "no", "railway:signal:brake_test:form": "light", "railway:signal:brake_test:states": "DE-ESO:db:zp6;DE-ESO:db:zp7;DE-ESO:db:zp8", "railway:signal:direction": "both", "railway:signal:main_repeated": "DE-ESO:fahrtanzeiger", "railway:signal:main_repeated:deactivated": "no", "railway:signal:main_repeated:form": "light", "railway:signal:position": "right", "osm_id": 3105979010, "osm_type": "node"}}, {"type": "Feature", "geometry": {"type": "Point", "coordinates": [10.0048298, 53.5546898]}, "properties": {"railway": "signal", "railway:signal:direction": "forward", "railway:signal:minor": "DE-ESO:sh", "railway:signal:minor:deactivated": "no", "railway:signal:minor:form": "light", "railway:signal:minor:height": "dwarf", "railway:signal:minor:marker_light": "no", "railway:signal:minor:states": "DE-ESO:hp0;DE-ESO:sh1", "railway:signal:position": "right", "ref": "513 II", "osm_id": 3105979011, "osm_type": "node"}}, {"type": "Feature", "geometry": {"type": "Point", "coordinates": [10.004859, 53.5547671]}, "properties": {"railway": "signal", "railway:signal:direction": "forward", "railway:signal:minor": "DE-ESO:sh", "railway:signal:minor:deactivated": "no", "railway:signal:minor:form": "light", "railway:signal:minor:height": "dwarf", "railway:signal:minor:marker_light": "no", "railway:signal:minor:states": "DE-ESO:hp0;DE-ESO:sh1", "railway:signal:position": "right", "ref": "512 II", "osm_id": 3105979012, "osm_type": "node"}}, {"type": "Feature", "geometry": {"type": "Point", "coordinates": [10.0042811, 53.5551726]}, "properties": {"railway": "signal", "railway:signal:direction": "backward", "railway:signal:distant": "DE-ESO:vr", "railway:signal:distant:deactivated": "no", "railway:signal:distant:form": "light", "railway:signal:distant:height": "normal", "railway:signal:distant:repeated": "yes", "railway:signal:distant:shape": "compact", "railway:signal:distant:states": "DE-ESO:vr0;DE-ESO:vr1;DE-ESO:vr2", "railway:signal:position": "left", "osm_id": 3105979013, "osm_type": "node"}}, {"type": "Feature", "geometry": {"type": "Point", "coordinates": [10.0040917, 53.5552279]}, "properties": {"railway": "signal", "railway:signal:direction": "backward", "railway:signal:distant": "DE-ESO:vr", "railway:signal:distant:deactivated": "no", "railway:signal:distant:form": "light", "railway:signal:distant:height": "normal", "railway:signal:distant:repeated": "yes", "railway:signal:distant:shape": "compact", "railway:signal:distant:states": "DE-ESO:vr0;DE-ESO:vr1;DE-ESO:vr2", "railway:signal:position": "left", "osm_id": 3105979014, "osm_type": "node"}}, {"type": "Feature", "geometry": {"type": "Point", "coordinates": [10.0043368, 53.555196]}, "properties": {"railway": "signal", "railway:signal:direction": "forward", "railway:signal:minor": "DE-ESO:sh", "railway:signal:minor:deactivated": "no", "railway:signal:minor:form": "light", "railway:signal:minor:height": "dwarf", "railway:signal:minor:states": "DE-ESO:hp0;DE-ESO:sh1", "railway:signal:position": "right", "ref": "612 II", "osm_id": 3105979015, "osm_type": "node"}}, {"type": "Feature", "geometry": {"type": "Point", "coordinates": [10.0043164, 53.5552122]}, "properties": {"railway": "signal", "railway:signal:direction": "backward", "railway:signal:distant": "DE-ESO:vr", "railway:signal:distant:deactivated": "no", "railway:signal:distant:form": "light", "railway:signal:distant:height": "normal", "railway:signal:distant:repeated": "yes", "railway:signal:distant:shape": "compact", "railway:signal:distant:states": "DE-ESO:vr0;DE-ESO:vr1;DE-ESO:vr2", "railway:signal:position": "left", "osm_id": 3105979016, "osm_type": "node"}}, {"type": "Feature", "geometry": {"type": "Point", "coordinates": [10.004134, 53.5553589]}, "properties": {"railway": "signal", "railway:signal:direction": "backward", "railway:signal:minor": "DE-ESO:sh", "railway:signal:minor:deactivated": "no", "railway:signal:minor:form": "light", "railway:signal:minor:height": "dwarf", "railway:signal:minor:states": "DE-ESO:hp0;DE-ESO:sh1", "railway:signal:position": "left", "ref": "612 I", "osm_id": 3105979017, "osm_type": "node"}}, {"type": "Feature", "geometry": {"type": "Point", "coordinates": [10.0039104, 53.555344]}, "properties": {"railway": "signal", "railway:signal:direction": "backward", "railway:signal:minor": "DE-ESO:sh", "railway:signal:minor:deactivated": "no", "railway:signal:minor:form": "light", "railway:signal:minor:height": "dwarf", "railway:signal:minor:marker_light": "no", "railway:signal:minor:states": "DE-ESO:hp0;DE-ESO:sh1", "railway:signal:position": "left", "ref": "514 I", "osm_id": 3105979018, "osm_type": "node"}}, {"type": "Feature", "geometry": {"type": "Point", "coordinates": [10.0072694, 53.5532319]}, "properties": {"level": "-1", "railway": "signal", "railway:signal:combined": "DE-ESO:sv", "railway:signal:combined:deactivated": "no", "railway:signal:combined:form": "light", "railway:signal:combined:function": "exit", "railway:signal:combined:height": "dwarf", "railway:signal:combined:marker_light": "no", "railway:signal:combined:states": "DE-ESO:hp0;DE-ESO:sv1;DE-ESO:sv2;DE-ESO:sv4;DE-ESO:sv6", "railway:signal:departure": "DE-ESO:zp", "railway:signal:departure:deactivated": "no", "railway:signal:departure:form": "light", "railway:signal:departure:states": "DE-ESO:zp10;DE-ESO:zp9", "railway:signal:direction": "backward", "railway:signal:distant:shortened": "no", "railway:signal:minor": "DE-ESO:sh", "railway:signal:minor:form": "light", "railway:signal:minor:height": "normal", "railway:signal:minor:states": "DE-ESO:hp0;DE-ESO:sh1", "railway:signal:position": "left", "ref": "4", "osm_id": 3128440994, "osm_type": "node"}}, {"type": "Feature", "geometry": {"type": "Point", "coordinates": [10.0047941, 53.5552729]}, "properties": {"railway": "signal", "railway:signal:direction": "forward", "railway:signal:minor": "DE-ESO:sh", "railway:signal:minor:deactivated": "no", "railway:signal:minor:form": "light", "railway:signal:minor:height": "dwarf", "railway:signal:minor:states": "DE-ESO:hp0;DE-ESO:sh1", "railway:signal:position": "right", "ref": "34 II", "osm_id": 3129532922, "osm_type": "node"}}, {"type": "Feature", "geometry": {"type": "Point", "coordinates": [10.0048266, 53.5552909]}, "properties": {"railway": "signal", "railway:signal:direction": "backward", "railway:signal:minor": "DE-ESO:sh", "railway:signal:minor:deactivated": "no", "railway:signal:minor:form": "light", "railway:signal:minor:height": "dwarf", "railway:signal:minor:states": "DE-ESO:hp0;DE-ESO:sh1", "railway:signal:position": "left", "ref": "33 II", "osm_id": 3129532923, "osm_type": "node"}}, {"type": "Feature", "geometry": {"type": "Point", "coordinates": [10.0067078, 53.5528402]}, "properties": {"level": "-1", "railway": "signal", "railway:signal:direction": "backward", "railway:signal:minor": "DE-ESO:sh", "railway:signal:minor:deactivated": "no", "railway:signal:minor:form": "light", "railway:signal:minor:height": "normal", "railway:signal:minor:states": "DE-ESO:hp0;DE-ESO:sh1;DE-ESO:kennlicht", "railway:signal:position": "left", "ref": "409 II", "osm_id": 3140191633, "osm_type": "node"}}, {"type": "Feature", "geometry": {"type": "Point", "coordinates": [10.0058653, 53.5530389]}, "properties": {"emergency": "fire_hydrant", "fire_hydrant:diameter": "100", "fire_hydrant:position": "sidewalk", "fire_hydrant:type": "underground", "level": "-1", "osm_id": 3140191636, "osm_type": "node"}}, {"type": "Feature", "geometry": {"type": "Point", "coordinates": [10.0058516, 53.5530962]}, "properties": {"level": "-1", "railway": "signal", "railway:signal:brake_test": "DE-ESO:zp", "railway:signal:brake_test:deactivated": "no", "railway:signal:brake_test:form": "light", "railway:signal:brake_test:states": "DE-ESO:db:zp6;DE-ESO:db:zp7;DE-ESO:db:zp8", "railway:signal:departure": "DE-ESO:zp", "railway:signal:departure:deactivated": "no", "railway:signal:departure:form": "light", "railway:signal:departure:states": "DE-ESO:zp10;DE-ESO:zp9", "railway:signal:direction": "backward", "railway:signal:main_repeated": "DE-ESO:fahrtanzeiger", "railway:signal:main_repeated:deactivated": "no", "railway:signal:main_repeated:form": "light", "railway:signal:position": "left", "osm_id": 3140191637, "osm_type": "node"}}, {"type": "Feature", "geometry": {"type": "Point", "coordinates": [10.0059981, 53.5531312]}, "properties": {"level": "-1", "railway": "signal", "railway:signal:brake_test": "DE-ESO:zp", "railway:signal:brake_test:deactivated": "no", "railway:signal:brake_test:form": "light", "railway:signal:brake_test:states": "DE-ESO:db:zp6;DE-ESO:db:zp7;DE-ESO:db:zp8", "railway:signal:departure": "DE-ESO:zp", "railway:signal:departure:deactivated": "no", "railway:signal:departure:form": "light", "railway:signal:departure:states": "DE-ESO:zp10;DE-ESO:zp9", "railway:signal:direction": "backward", "railway:signal:main_repeated": "DE-ESO:fahrtanzeiger", "railway:signal:main_repeated:deactivated": "no", "railway:signal:main_repeated:form": "light", "railway:signal:position": "left", "osm_id": 3140191638, "osm_type": "node"}}, {"type": "Feature", "geometry": {"type": "Point", "coordinates": [10.0060995, 53.5531525]}, "properties": {"level": "-1", "railway": "signal", "railway:signal:brake_test": "DE-ESO:zp", "railway:signal:brake_test:deactivated": "no", "railway:signal:brake_test:form": "light", "railway:signal:brake_test:states": "DE-ESO:db:zp6;DE-ESO:db:zp7;DE-ESO:db:zp8", "railway:signal:departure": "DE-ESO:zp", "railway:signal:departure:deactivated": "no", "railway:signal:departure:form": "light", "railway:signal:departure:states": "DE-ESO:zp10;DE-ESO:zp9", "railway:signal:direction": "forward", "railway:signal:main_repeated": "DE-ESO:fahrtanzeiger", "railway:signal:main_repeated:deactivated": "no", "railway:signal:main_repeated:form": "light", "railway:signal:position": "right", "osm_id": 3140191639, "osm_type": "node"}}, {"type": "Feature", "geometry": {"type": "Point", "coordinates": [10.0072371, 53.5531752]}, "properties": {"level": "-1", "railway": "phone", "osm_id": 3140191640, "osm_type": "node"}}, {"type": "Feature", "geometry": {"type": "Point", "coordinates": [10.0062796, 53.553191]}, "properties": {"level": "-1", "railway": "signal", "railway:signal:brake_test": "DE-ESO:zp", "railway:signal:brake_test:deactivated": "no", "railway:signal:brake_test:form": "light", "railway:signal:brake_test:states": "DE-ESO:db:zp6;DE-ESO:db:zp7;DE-ESO:db:zp8", "railway:signal:departure": "DE-ESO:zp", "railway:signal:departure:deactivated": "no", "railway:signal:departure:form": "light", "railway:signal:departure:states": "DE-ESO:zp10;DE-ESO:zp9", "railway:signal:direction": "backward", "railway:signal:main_repeated": "DE-ESO:fahrtanzeiger", "railway:signal:main_repeated:deactivated": "no", "railway:signal:main_repeated:form": "light", "railway:signal:position": "left", "osm_id": 3140191641, "osm_type": "node"}}, {"type": "Feature", "geometry": {"type": "Point", "coordinates": [10.0063754, 53.5532118]}, "properties": {"level": "-1", "railway": "signal", "railway:signal:brake_test": "DE-ESO:zp", "railway:signal:brake_test:deactivated": "no", "railway:signal:brake_test:form": "light", "railway:signal:brake_test:states": "DE-ESO:db:zp6;DE-ESO:db:zp7;DE-ESO:db:zp8", "railway:signal:direction": "backward", "railway:signal:main_repeated": "DE-ESO:fahrtanzeiger", "railway:signal:main_repeated:deactivated": "no", "railway:signal:main_repeated:form": "light", "railway:signal:position": "left", "osm_id": 3140191642, "osm_type": "node"}}, {"type": "Feature", "geometry": {"type": "Point", "coordinates": [10.0065708, 53.5532473]}, "properties": {"level": "-1", "railway": "signal", "railway:signal:direction": "forward", "railway:signal:position": "right", "railway:signal:stop": "DE-ESO:ne5", "railway:signal:stop:caption": "130 m", "railway:signal:stop:deactivated": "no", "railway:signal:stop:form": "sign", "railway:signal:stop:height": "normal", "osm_id": 3140191643, "osm_type": "node"}}, {"type": "Feature", "geometry": {"type": "Point", "coordinates": [10.0065662, 53.5532545]}, "properties": {"level": "-1", "railway": "signal", "railway:signal:brake_test": "DE-ESO:zp", "railway:signal:brake_test:deactivated": "no", "railway:signal:brake_test:form": "light", "railway:signal:brake_test:states": "DE-ESO:db:zp6;DE-ESO:db:zp7;DE-ESO:db:zp8", "railway:signal:departure": "DE-ESO:zp", "railway:signal:departure:deactivated": "no", "railway:signal:departure:form": "light", "railway:signal:departure:states": "DE-ESO:zp10;DE-ESO:zp9", "railway:signal:direction": "forward", "railway:signal:main_repeated": "DE-ESO:fahrtanzeiger", "railway:signal:main_repeated:deactivated": "no", "railway:signal:main_repeated:form": "light", "railway:signal:position": "right", "osm_id": 3140191644, "osm_type": "node"}}, {"type": "Feature", "geometry": {"type": "Point", "coordinates": [10.0067638, 53.5532975]}, "properties": {"level": "-1", "railway": "signal", "railway:signal:brake_test": "DE-ESO:zp", "railway:signal:brake_test:deactivated": "no", "railway:signal:brake_test:form": "light", "railway:signal:brake_test:states": "DE-ESO:db:zp6;DE-ESO:db:zp7;DE-ESO:db:zp8", "railway:signal:departure": "DE-ESO:zp", "railway:signal:departure:deactivated": "no", "railway:signal:departure:form": "light", "railway:signal:departure:states": "DE-ESO:zp10;DE-ESO:zp9", "railway:signal:direction": "backward", "railway:signal:main_repeated": "DE-ESO:fahrtanzeiger", "railway:signal:main_repeated:deactivated": "no", "railway:signal:main_repeated:form": "light", "railway:signal:position": "left", "osm_id": 3140191645, "osm_type": "node"}}, {"type": "Feature", "geometry": {"type": "Point", "coordinates": [10.0054156, 53.553913]}, "properties": {"level": "-1", "railway": "signal", "railway:signal:direction": "backward", "railway:signal:position": "left", "railway:signal:stop": "DE-ESO:ne5", "railway:signal:stop:deactivated": "no", "railway:signal:stop:form": "sign", "railway:signal:stop:height": "normal", "osm_id": 3140191647, "osm_type": "node"}}, {"type": "Feature", "geometry": {"type": "Point", "coordinates": [10.0053921, 53.553956]}, "properties": {"level": "-1", "railway": "signal", "railway:signal:direction": "forward", "railway:signal:distant": "DE-ESO:vr", "railway:signal:distant:deactivated": "no", "railway:signal:distant:form": "light", "railway:signal:distant:height": "normal", "railway:signal:distant:repeated": "yes", "railway:signal:distant:shortened": "no", "railway:signal:distant:states": "DE-ESO:vr0;DE-ESO:vr2", "railway:signal:position": "right", "ref": "WVs14 I", "osm_id": 3140191648, "osm_type": "node"}}, {"type": "Feature", "geometry": {"type": "Point", "coordinates": [10.0052309, 53.5541771]}, "properties": {"level": "-1", "railway": "signal", "railway:signal:direction": "forward", "railway:signal:position": "right", "railway:signal:speed_limit": "DE-ESO:zs3", "railway:signal:speed_limit:deactivated": "no", "railway:signal:speed_limit:form": "light", "railway:signal:speed_limit:height": "normal", "railway:signal:speed_limit:speed": "20;30", "osm_id": 3140191650, "osm_type": "node"}}, {"type": "Feature", "geometry": {"type": "Point", "coordinates": [10.0072893, 53.5531858]}, "properties": {"level": "-1", "railway": "signal", "railway:signal:direction": "backward", "railway:signal:position": "right", "railway:signal:stop": "DE-ESO:ne5", "railway:signal:stop:form": "sign", "osm_id": 3256725660, "osm_type": "node"}}, {"type": "Feature", "geometry": {"type": "Point", "coordinates": [10.0047912, 53.5557409]}, "properties": {"railway": "signal", "railway:signal:combined": "DE-ESO:sv", "railway:signal:combined:deactivated": "no", "railway:signal:combined:form": "light", "railway:signal:combined:function": "block", "railway:signal:combined:height": "dwarf", "railway:signal:direction": "forward", "railway:signal:position": "bridge", "osm_id": 3320792053, "osm_type": "node"}}, {"type": "Feature", "geometry": {"type": "Point", "coordinates": [10.0073274, 53.5534163]}, "properties": {"level": "-1", "railway": "switch", "railway:local_operated": "no", "railway:switch": "default", "railway:switch:electric": "yes", "railway:switch:resetting": "no", "ref": "56", "osm_id": 3398049275, "osm_type": "node"}}, {"type": "Feature", "geometry": {"type": "Point", "coordinates": [10.0064069, 53.5542755]}, "properties": {"level": "-1", "railway": "signal", "railway:signal:combined": "DE-ESO:sv", "railway:signal:combined:form": "light", "railway:signal:combined:function": "block", "railway:signal:combined:height": "normal", "railway:signal:combined:states": "DE-ESO:hp0;DE-ESO:sv0;DE-ESO:sv1;DE-ESO:sv2", "railway:signal:combined:substitute_signal": "DE-ESO:db:zs12", "railway:signal:direction": "forward", "railway:signal:distant:shortened": "yes", "railway:signal:minor": "DE-ESO:sh", "railway:signal:minor:form": "light", "railway:signal:minor:height": "dwarf", "railway:signal:minor:states": "DE-ESO:hp0;DE-ESO:sh1", "railway:signal:position": "right", "ref": "34", "osm_id": 3455262559, "osm_type": "node"}}, {"type": "Feature", "geometry": {"type": "Point", "coordinates": [10.00391, 53.556043]}, "properties": {"railway": "signal", "railway:signal:combined": "DE-ESO:sv", "railway:signal:combined:form": "light", "railway:signal:combined:function": "exit", "railway:signal:combined:height": "normal", "railway:signal:combined:marker_light": "no", "railway:signal:combined:states": "DE-ESO:hp0;DE-ESO:sv0;DE-ESO:sv1;DE-ESO:sv2", "railway:signal:combined:substitute_signal": "DE-ESO:db:zs12", "railway:signal:direction": "forward", "railway:signal:distant:shortened": "yes", "railway:signal:position": "right", "ref": "146", "osm_id": 3471680801, "osm_type": "node"}}, {"type": "Feature", "geometry": {"type": "Point", "coordinates": [10.0065559, 53.5543504]}, "properties": {"level": "-1", "note": "Position grob geschätzt", "railway": "signal", "railway:signal:combined": "DE-ESO:sv", "railway:signal:combined:form": "light", "railway:signal:combined:function": "intermediate", "railway:signal:combined:height": "dwarf", "railway:signal:combined:marker_light": "no", "railway:signal:combined:states": "DE-ESO:hp0;DE-ESO:sv1;DE-ESO:sv2", "railway:signal:direction": "forward", "railway:signal:position": "left", "ref": "33", "osm_id": 3476893282, "osm_type": "node"}}, {"type": "Feature", "geometry": {"type": "Point", "coordinates": [10.0059844, 53.5544614]}, "properties": {"level": "-1", "railway": "signal", "railway:signal:direction": "backward", "railway:signal:distant": "DE-ESO:vr", "railway:signal:distant:form": "light", "railway:signal:distant:height": "normal", "railway:signal:distant:repeated": "no", "railway:signal:distant:shape": "compact", "railway:signal:distant:shortened": "yes", "railway:signal:distant:states": "DE-ESO:vr0;DE-ESO:vr1;DE-ESO:vr2;off", "railway:signal:main": "DE-ESO:hp", "railway:signal:main:form": "light", "railway:signal:main:function": "intermediate", "railway:signal:main:height": "normal", "railway:signal:main:states": "DE-ESO:hp0;DE-ESO:hp2", "railway:signal:main:substitute_signal": "DE-ESO:db:zs1", "railway:signal:minor": "DE-ESO:sh1", "railway:signal:minor:form": "light", "railway:signal:position": "left", "ref": "T5", "osm_id": 3476893283, "osm_type": "node"}}, {"type": "Feature", "geometry": {"type": "Point", "coordinates": [10.0061766, 53.5545143]}, "properties": {"level": "-1", "note": "Position grob geschätzt", "railway": "signal", "railway:signal:combined": "DE-ESO:sv", "railway:signal:combined:form": "light", "railway:signal:combined:function": "intermediate", "railway:signal:combined:height": "normal", "railway:signal:combined:marker_light": "no", "railway:signal:combined:states": "DE-ESO:hp0;DE-ESO:sv0;DE-ESO:sv4;DE-ESO:sv6", "railway:signal:combined:substitute_signal": "DE-ESO:db:zs12", "railway:signal:direction": "forward", "railway:signal:distant:shortened": "yes", "railway:signal:position": "right", "ref": "506", "osm_id": 3476893284, "osm_type": "node"}}, {"type": "Feature", "geometry": {"type": "Point", "coordinates": [10.0064109, 53.5540413]}, "properties": {"amenity": "bench", "backrest": "yes", "check_date": "2024-02-26", "count": "8", "covered": "no", "level": "-1", "osm_id": 3499317980, "osm_type": "node"}}, {"type": "Feature", "geometry": {"type": "Point", "coordinates": [10.0062139, 53.5542163]}, "properties": {"amenity": "bench", "backrest": "yes", "check_date": "2024-02-26", "count": "8", "covered": "no", "level": "-1", "osm_id": 3499317988, "osm_type": "node"}}, {"type": "Feature", "geometry": {"type": "Point", "coordinates": [10.0058294, 53.5542336]}, "properties": {"level": "-1", "railway:platform:section": "H", "osm_id": 3499317990, "osm_type": "node"}}, {"type": "Feature", "geometry": {"type": "Point", "coordinates": [10.0056157, 53.5543448]}, "properties": {"amenity": "bench", "backrest": "yes", "check_date": "2024-02-26", "covered": "yes", "level": "-1", "seats": "12", "source": "survey", "osm_id": 3499318197, "osm_type": "node"}}, {"type": "Feature", "geometry": {"type": "Point", "coordinates": [10.0047203, 53.5550301]}, "properties": {"amenity": "bench", "backrest": "yes", "check_date": "2021-02-21", "count": "16", "covered": "no", "level": "-1", "osm_id": 3499318221, "osm_type": "node"}}, {"type": "Feature", "geometry": {"type": "Point", "coordinates": [10.0069734, 53.5534796]}, "properties": {"emergency": "fire_extinguisher", "level": "1", "osm_id": 3502972672, "osm_type": "node"}}, {"type": "Feature", "geometry": {"type": "Point", "coordinates": [10.0069587, 53.5534766]}, "properties": {"emergency": "fire_hose", "level": "1", "osm_id": 3502972681, "osm_type": "node"}}, {"type": "Feature", "geometry": {"type": "Point", "coordinates": [10.0063748, 53.5534852]}, "properties": {"door": "yes", "indoor": "door", "level": "0", "repeat_on": "1", "osm_id": 3502973011, "osm_type": "node"}}, {"type": "Feature", "geometry": {"type": "Point", "coordinates": [10.0066625, 53.5532914]}, "properties": {"door": "yes", "indoor": "door", "level": "0", "repeat_on": "-1;0;1", "osm_id": 3504633106, "osm_type": "node"}}, {"type": "Feature", "geometry": {"type": "Point", "coordinates": [10.0069273, 53.5533449]}, "properties": {"door": "yes", "indoor": "door", "level": "0", "repeat_on": "-1;0", "osm_id": 3504633117, "osm_type": "node"}}, {"type": "Feature", "geometry": {"type": "Point", "coordinates": [10.0036503, 53.5536971]}, "properties": {"check_date:opening_hours": "2025-09-18", "indoor_seating": "yes", "level": "0", "name": "Schanzenbaeckerei", "opening_hours": "Mo-Fr 05:00-19:00; Sa 06:00-18:00; Su 07:00-16:00", "outdoor_seating": "sidewalk", "payment:credit_cards": "yes", "payment:debit_cards": "yes", "shop": "bakery", "smoking": "outside", "toilets": "yes", "toilets:wheelchair": "no", "wheelchair": "yes", "osm_id": 3656262459, "osm_type": "node"}}, {"type": "Feature", "geometry": {"type": "Point", "coordinates": [10.006127, 53.5541197]}, "properties": {"hha_ref": "HX", "hvv:barrier_free": "yes", "hvv:psv_type": "U", "layer": "-4", "level": "-3", "name": "Hauptbahnhof Nord", "network": "Hamburger Verkehrsverbund", "network:short": "HVV", "network:wikidata": "Q896916", "operator": "Hamburger Hochbahn", "operator:short": "HHA", "operator:wikidata": "Q6442", "public_transport": "station", "railway": "station", "station": "subway", "subway": "yes", "train": "yes", "tunnel": "yes", "wheelchair": "yes", "wikidata": "Q3783675", "osm_id": 3741659626, "osm_type": "node"}}, {"type": "Feature", "geometry": {"type": "Point", "coordinates": [10.0065463, 53.5545078]}, "properties": {"level": "-1", "note": "\"Abzweigende Kurve\" ist eine Gerade.", "railway": "switch", "railway:local_operated": "no", "railway:switch": "single_slip", "railway:switch:electric": "yes", "osm_id": 3930177257, "osm_type": "node"}}, {"type": "Feature", "geometry": {"type": "Point", "coordinates": [10.006068, 53.5540852]}, "properties": {"level": "-1", "railway": "signal", "railway:signal:direction": "backward", "railway:signal:position": "left", "railway:signal:stop": "DE-ESO:ne5", "railway:signal:stop:caption": "320m", "railway:signal:stop:form": "sign", "railway:signal:stop:height": "normal", "osm_id": 3934181874, "osm_type": "node"}}, {"type": "Feature", "geometry": {"type": "Point", "coordinates": [10.0062608, 53.552861]}, "properties": {"level": "-1", "local_ref": "12C-F", "name": "Hamburg Hauptbahnhof", "public_transport": "stop_position", "railway": "stop", "train": "yes", "osm_id": 3934362096, "osm_type": "node"}}, {"type": "Feature", "geometry": {"type": "Point", "coordinates": [10.0064517, 53.5528963]}, "properties": {"level": "-1", "local_ref": "11D-F", "name": "Hamburg Hauptbahnhof", "public_transport": "stop_position", "railway": "stop", "train": "yes", "osm_id": 3934362097, "osm_type": "node"}}, {"type": "Feature", "geometry": {"type": "Point", "coordinates": [10.0066395, 53.5531252]}, "properties": {"level": "-1", "local_ref": "8", "name": "Hamburg Hauptbahnhof", "public_transport": "stop_position", "railway": "stop", "train": "yes", "osm_id": 3934362098, "osm_type": "node"}}, {"type": "Feature", "geometry": {"type": "Point", "coordinates": [10.0068345, 53.5531636]}, "properties": {"level": "-1", "local_ref": "7", "name": "Hamburg Hauptbahnhof", "public_transport": "stop_position", "railway": "stop", "train": "yes", "osm_id": 3934362099, "osm_type": "node"}}, {"type": "Feature", "geometry": {"type": "Point", "coordinates": [10.0068116, 53.5534105]}, "properties": {"level": "-1", "local_ref": "6D-E", "name": "Hamburg Hauptbahnhof", "public_transport": "stop_position", "railway": "stop", "train": "yes", "osm_id": 3934362100, "osm_type": "node"}}, {"type": "Feature", "geometry": {"type": "Point", "coordinates": [10.0069802, 53.5534436]}, "properties": {"level": "-1", "local_ref": "5D-E", "name": "Hamburg Hauptbahnhof", "public_transport": "stop_position", "railway": "stop", "train": "yes", "osm_id": 3934362101, "osm_type": "node"}}, {"type": "Feature", "geometry": {"type": "Point", "coordinates": [10.0057168, 53.5543532]}, "properties": {"level": "-1", "local_ref": "7E-I", "name": "Hamburg Hauptbahnhof", "public_transport": "stop_position", "railway": "stop", "train": "yes", "osm_id": 3934362102, "osm_type": "node"}}, {"type": "Feature", "geometry": {"type": "Point", "coordinates": [10.0031979, 53.5536191]}, "properties": {"check_date:wheelchair": "2022-09-02", "entrance": "yes", "entrance_marker:subway": "yes", "name": "Hauptbahnhof Nord", "railway": "subway_entrance", "wheelchair": "no", "osm_id": 4113829617, "osm_type": "node"}}, {"type": "Feature", "geometry": {"type": "Point", "coordinates": [10.003179, 53.5536319]}, "properties": {"check_date:wheelchair": "2022-09-02", "entrance": "yes", "entrance_marker:subway": "yes", "name": "Hauptbahnhof Nord", "railway": "subway_entrance", "wheelchair": "no", "osm_id": 4113829618, "osm_type": "node"}}, {"type": "Feature", "geometry": {"type": "Point", "coordinates": [10.0030906, 53.5538209]}, "properties": {"check_date:wheelchair": "2023-08-28", "entrance": "yes", "entrance_marker:subway": "yes", "name": "Hauptbahnhof Nord", "railway": "subway_entrance", "wheelchair": "no", "osm_id": 4113829619, "osm_type": "node"}}, {"type": "Feature", "geometry": {"type": "Point", "coordinates": [10.0052534, 53.5533063]}, "properties": {"entrance": "yes", "entrance_marker:subway": "yes", "name": "Hauptbahnhof Nord", "railway": "subway_entrance", "wheelchair": "no", "osm_id": 4115744653, "osm_type": "node"}}, {"type": "Feature", "geometry": {"type": "Point", "coordinates": [10.0072014, 53.5533602]}, "properties": {"level": "-1", "railway": "signal", "railway:signal:combined": "DE-ESO:sv", "railway:signal:combined:form": "light", "railway:signal:combined:function": "intermediate", "railway:signal:combined:height": "normal", "railway:signal:combined:states": "DE-ESO:hp0;DE-ESO:sv0;DE-ESO:sv1;DE-ESO:sv2", "railway:signal:direction": "forward", "railway:signal:distant:shortened": "no", "railway:signal:minor": "DE-ESO:sh", "railway:signal:minor:form": "light", "railway:signal:minor:height": "dwarf", "railway:signal:minor:states": "DE-ESO:hp0;DE-ESO:sh1", "railway:signal:position": "left", "ref": "44", "osm_id": 4259013625, "osm_type": "node"}}, {"type": "Feature", "geometry": {"type": "Point", "coordinates": [10.0054683, 53.5539582]}, "properties": {"level": "-1", "railway": "signal", "railway:signal:direction": "forward", "railway:signal:position": "right", "railway:signal:speed_limit": "DE-ESO:zs3", "railway:signal:speed_limit:form": "light", "railway:signal:speed_limit:height": "normal", "railway:signal:speed_limit:speed": "20;30", "osm_id": 4264938636, "osm_type": "node"}}, {"type": "Feature", "geometry": {"type": "Point", "coordinates": [10.0055425, 53.5539892]}, "properties": {"level": "-1", "railway": "signal", "railway:signal:direction": "backward", "railway:signal:position": "left", "railway:signal:speed_limit": "DE-ESO:zs3", "railway:signal:speed_limit:form": "light", "railway:signal:speed_limit:height": "normal", "railway:signal:speed_limit:speed": "20;30", "osm_id": 4264938637, "osm_type": "node"}}, {"type": "Feature", "geometry": {"type": "Point", "coordinates": [10.0057072, 53.5542023]}, "properties": {"level": "-1", "railway:platform:section": "H", "osm_id": 4264938638, "osm_type": "node"}}, {"type": "Feature", "geometry": {"type": "Point", "coordinates": [10.0059393, 53.5543474]}, "properties": {"level": "-1", "railway": "signal", "railway:signal:direction": "forward", "railway:signal:position": "right", "railway:signal:stop": "DE-ESO:ne5", "railway:signal:stop:form": "sign", "railway:signal:stop:height": "normal", "osm_id": 4264938639, "osm_type": "node"}}, {"type": "Feature", "geometry": {"type": "Point", "coordinates": [10.0058794, 53.5543905]}, "properties": {"level": "-1", "railway": "signal", "railway:signal:brake_test": "DE-ESO:zp", "railway:signal:brake_test:form": "light", "railway:signal:brake_test:states": "DE-ESO:db:zp6;DE-ESO:db:zp7;DE-ESO:db:zp8", "railway:signal:departure": "DE-ESO:zp", "railway:signal:departure:form": "light", "railway:signal:departure:states": "DE-ESO:zp9;DE-ESO:zp10", "railway:signal:direction": "both", "railway:signal:position": "right", "osm_id": 4264938640, "osm_type": "node"}}, {"type": "Feature", "geometry": {"type": "Point", "coordinates": [10.0060775, 53.5543951]}, "properties": {"level": "-1", "railway": "signal", "railway:signal:direction": "backward", "railway:signal:position": "left", "railway:signal:stop": "DE-ESO:ne5", "railway:signal:stop:form": "sign", "railway:signal:stop:height": "normal", "osm_id": 4264938641, "osm_type": "node"}}, {"type": "Feature", "geometry": {"type": "Point", "coordinates": [10.0060087, 53.5544441]}, "properties": {"level": "-1", "railway": "signal", "railway:signal:brake_test": "DE-ESO:zp", "railway:signal:brake_test:form": "light", "railway:signal:brake_test:states": "DE-ESO:db:zp6;DE-ESO:db:zp7;DE-ESO:db:zp8", "railway:signal:departure": "DE-ESO:zp", "railway:signal:departure:form": "light", "railway:signal:departure:states": "DE-ESO:zp9;DE-ESO:zp10", "railway:signal:direction": "both", "railway:signal:position": "right", "osm_id": 4264938642, "osm_type": "node"}}, {"type": "Feature", "geometry": {"type": "Point", "coordinates": [10.005116, 53.5546359]}, "properties": {"railway": "signal", "railway:signal:direction": "forward", "railway:signal:position": "right", "railway:signal:stop": "DE-ESO:ne5", "railway:signal:stop:caption": "320m", "railway:signal:stop:form": "sign", "railway:signal:stop:height": "normal", "osm_id": 4264938643, "osm_type": "node"}}, {"type": "Feature", "geometry": {"type": "Point", "coordinates": [10.0051429, 53.5546437]}, "properties": {"railway:platform:section": "I", "osm_id": 4264938644, "osm_type": "node"}}, {"type": "Feature", "geometry": {"type": "Point", "coordinates": [10.0052442, 53.5546835]}, "properties": {"railway:platform:section": "I", "osm_id": 4264938646, "osm_type": "node"}}, {"type": "Feature", "geometry": {"type": "Point", "coordinates": [10.0048473, 53.5546684]}, "properties": {"railway": "signal", "railway:signal:direction": "backward", "railway:signal:minor": "DE-ESO:sh", "railway:signal:minor:form": "light", "railway:signal:minor:height": "dwarf", "railway:signal:minor:states": "DE-ESO:hp0;DE-ESO:sh1", "railway:signal:position": "left", "ref": "513 I", "osm_id": 4264938647, "osm_type": "node"}}, {"type": "Feature", "geometry": {"type": "Point", "coordinates": [10.0051696, 53.5547595]}, "properties": {"railway": "signal", "railway:signal:direction": "backward", "railway:signal:position": "left", "railway:signal:stop": "DE-ESO:ne5", "railway:signal:stop:form": "sign", "railway:signal:stop:height": "normal", "osm_id": 4264938649, "osm_type": "node"}}, {"type": "Feature", "geometry": {"type": "Point", "coordinates": [10.0051427, 53.5549548]}, "properties": {"railway": "signal", "railway:signal:direction": "forward", "railway:signal:minor": "DE-ESO:sh", "railway:signal:minor:form": "light", "railway:signal:minor:height": "dwarf", "railway:signal:minor:states": "DE-ESO:hp0;DE-ESO:sh1", "railway:signal:position": "right", "ref": "505 II", "osm_id": 4264938650, "osm_type": "node"}}, {"type": "Feature", "geometry": {"type": "Point", "coordinates": [10.0047805, 53.5551332]}, "properties": {"railway": "signal", "railway:signal:direction": "backward", "railway:signal:minor": "DE-ESO:sh", "railway:signal:minor:form": "light", "railway:signal:minor:height": "dwarf", "railway:signal:minor:states": "DE-ESO:hp0;DE-ESO:sh1", "railway:signal:position": "left", "ref": "506 II", "osm_id": 4264938652, "osm_type": "node"}}, {"type": "Feature", "geometry": {"type": "Point", "coordinates": [10.0039307, 53.55563]}, "properties": {"railway": "signal", "railway:signal:direction": "backward", "railway:signal:minor": "DE-ESO:sh", "railway:signal:minor:form": "light", "railway:signal:minor:height": "dwarf", "railway:signal:minor:states": "DE-ESO:hp0;DE-ESO:sh1", "railway:signal:position": "left", "ref": "507 I", "osm_id": 4264938653, "osm_type": "node"}}, {"type": "Feature", "geometry": {"type": "Point", "coordinates": [10.0038648, 53.5556655]}, "properties": {"railway": "signal", "railway:signal:direction": "forward", "railway:signal:position": "right", "railway:signal:speed_limit": "DE-ESO:zs3", "railway:signal:speed_limit:form": "light", "railway:signal:speed_limit:height": "normal", "railway:signal:speed_limit:speed": "20;30", "osm_id": 4264938655, "osm_type": "node"}}, {"type": "Feature", "geometry": {"type": "Point", "coordinates": [10.006186, 53.5541]}, "properties": {"layer": "-4", "level": "-3", "name": "Hauptbahnhof Nord", "public_transport": "stop_position", "railway": "stop", "subway": "yes", "osm_id": 4290856990, "osm_type": "node"}}, {"type": "Feature", "geometry": {"type": "Point", "coordinates": [10.0045125, 53.5552487]}, "properties": {"note": "iB seit 10/2017", "operator": "DB Netz AG", "railway": "signal", "railway:signal:departure": "DE-ESO:zp", "railway:signal:departure:form": "light", "railway:signal:departure:states": "DE-ESO:zp9;DE-ESO:zp10", "railway:signal:direction": "backward", "railway:signal:distant": "DE-ESO:vr", "railway:signal:distant:deactivated": "no", "railway:signal:distant:form": "light", "railway:signal:distant:height": "normal", "railway:signal:distant:repeated": "no", "railway:signal:distant:shortened": "yes", "railway:signal:distant:states": "DE-ESO:vr0;DE-ESO:vr1;DE-ESO:vr2", "railway:signal:main": "DE-ESO:hp", "railway:signal:main:deactivated": "no", "railway:signal:main:form": "light", "railway:signal:main:function": "intermediate", "railway:signal:main:height": "normal", "railway:signal:main:states": "DE-ESO:hp0;DE-ESO:hp2;?", "railway:signal:main:substitute_signal": "DE-ESO:db:zs1", "railway:signal:minor": "DE-ESO:sh1", "railway:signal:minor:form": "light", "railway:signal:position": "left", "ref": "V7", "source": "estimation; survey", "osm_id": 4377908890, "osm_type": "node"}}, {"type": "Feature", "geometry": {"type": "Point", "coordinates": [10.0063447, 53.553846]}, "properties": {"level": "-1", "note": "Zs2 oder Zs2v?", "railway": "signal", "railway:signal:direction": "forward", "railway:signal:expected_position": "right", "railway:signal:expected_position:height": "normal", "railway:signal:main": "DE-ESO:hp", "railway:signal:main:deactivated": "no", "railway:signal:main:form": "light", "railway:signal:main:function": "intermediate", "railway:signal:main:height": "normal", "railway:signal:main:states": "DE-ESO:hp0;DE-ESO:hp2;DE-ESO:kennlicht;?", "railway:signal:main:substitute_signal": "DE-ESO:db:zs1", "railway:signal:minor": "DE-ESO:sh1", "railway:signal:minor:form": "light", "railway:signal:position": "left", "railway:signal:route": "DE-ESO:zs2", "railway:signal:route:form": "light", "railway:signal:route:states": "B;L", "ref": "S7", "osm_id": 4398163755, "osm_type": "node"}}, {"type": "Feature", "geometry": {"type": "Point", "coordinates": [10.0056882, 53.5543733]}, "properties": {"level": "-1", "railway": "signal", "railway:signal:direction": "backward", "railway:signal:position": "left", "railway:signal:stop": "DE-ESO:ne5", "railway:signal:stop:caption": "370m", "railway:signal:stop:form": "sign", "railway:signal:stop:height": "normal", "osm_id": 4398163756, "osm_type": "node"}}, {"type": "Feature", "geometry": {"type": "Point", "coordinates": [10.007037, 53.5536564]}, "properties": {"level": "-1", "railway": "signal", "railway:signal:direction": "backward", "railway:signal:minor": "DE-ESO:sh", "railway:signal:minor:form": "light", "railway:signal:minor:height": "normal", "railway:signal:minor:states": "DE-ESO:hp0;DE-ESO:kennlicht", "railway:signal:position": "right", "ref": "Nh 4", "osm_id": 4437520549, "osm_type": "node"}}, {"type": "Feature", "geometry": {"type": "Point", "coordinates": [10.0060601, 53.5536301]}, "properties": {"addr:city": "Hamburg", "addr:country": "DE", "addr:housenumber": "8", "addr:postcode": "20095", "addr:street": "Glockengießerwall", "air_conditioning": "yes", "amenity": "fast_food", "brand": "Asiahung", "brand:wikidata": "Q100406310", "check_date:opening_hours": "2025-01-04", "contact:email": "restaurant@asiahung.de", "contact:website": "http://www.asiahung.de/standorte/standorte-asiahung/", "cuisine": "asian", "diet:vegan": "yes", "diet:vegetarian": "yes", "indoor_seating": "yes", "level": "0", "name": "Asiahung", "opening_hours": "Mo-Su 10:00-22:00", "outdoor_seating": "no", "phone": "+49 40 69208007", "smoking": "no", "takeaway": "yes", "url": "https://www.wandelhalle-hamburg.de/shop/gastronomie/asiahung.html", "wheelchair": "yes", "osm_id": 4524562369, "osm_type": "node"}}, {"type": "Feature", "geometry": {"type": "Point", "coordinates": [10.0062022, 53.5536533]}, "properties": {"addr:city": "Hamburg", "addr:housenumber": "8", "addr:postcode": "20095", "addr:street": "Glockengießerwall", "air_conditioning": "yes", "amenity": "fast_food", "check_date": "2025-07-17", "check_date:diet:vegan": "2025-07-17", "cuisine": "indian", "diet:halal": "yes", "diet:vegan": "yes", "diet:vegetarian": "yes", "email": "info@eatmaju.de", "indoor_seating": "yes", "level": "0", "name": "Manju", "opening_hours": "Mo-Su 10:00-23:00", "operator": "Manju Wandelhalle GmbH", "outdoor_seating": "no", "phone": "+49 40 613927", "smoking": "no", "url": "https://www.wandelhalle-hamburg.de/shop/gastronomie/manju.html", "website": "https://www.eatmanju.de/", "wheelchair": "yes", "osm_id": 4524564643, "osm_type": "node"}}, {"type": "Feature", "geometry": {"type": "Point", "coordinates": [10.0058062, 53.5551018]}, "properties": {"railway": "switch", "railway:local_operated": "no", "railway:switch": "default", "railway:switch:electric": "yes", "railway:turnout_side": "right", "osm_id": 4973014825, "osm_type": "node"}}, {"type": "Feature", "geometry": {"type": "Point", "coordinates": [10.0072297, 53.55356]}, "properties": {"level": "-1", "railway": "switch", "railway:local_operated": "no", "railway:switch": "default", "railway:switch:electric": "yes", "railway:turnout_side": "right", "ref": "57", "osm_id": 4973014837, "osm_type": "node"}}, {"type": "Feature", "geometry": {"type": "Point", "coordinates": [10.0068924, 53.5530522]}, "properties": {"level": "-1", "railway": "signal", "railway:signal:direction": "forward", "railway:signal:main_repeated": "DE-ESO:fahrtanzeiger", "railway:signal:main_repeated:deactivated": "yes", "railway:signal:main_repeated:form": "light", "railway:signal:position": "right", "osm_id": 5188814994, "osm_type": "node"}}, {"type": "Feature", "geometry": {"type": "Point", "coordinates": [10.0068923, 53.5530525]}, "properties": {"level": "-1", "railway": "signal", "railway:signal:direction": "forward", "railway:signal:main_repeated": "DE-ESO:fahrtanzeiger", "railway:signal:main_repeated:deactivated": "yes", "railway:signal:main_repeated:form": "light", "railway:signal:position": "right", "osm_id": 5188814995, "osm_type": "node"}}, {"type": "Feature", "geometry": {"type": "Point", "coordinates": [10.0068922, 53.5530528]}, "properties": {"level": "-1", "railway": "signal", "railway:signal:direction": "forward", "railway:signal:main_repeated": "DE-ESO:fahrtanzeiger", "railway:signal:main_repeated:deactivated": "yes", "railway:signal:main_repeated:form": "light", "railway:signal:position": "right", "osm_id": 5188814996, "osm_type": "node"}}, {"type": "Feature", "geometry": {"type": "Point", "coordinates": [10.0064, 53.5535085]}, "properties": {"level": "-1", "railway": "signal", "railway:signal:brake_test": "DE-ESO:zp", "railway:signal:brake_test:form": "light", "railway:signal:brake_test:states": "DE-ESO:db:zp6;DE-ESO:db:zp7;DE-ESO:db:zp8", "railway:signal:departure": "DE-ESO:zp", "railway:signal:departure:form": "light", "railway:signal:departure:states": "DE-ESO:zp9", "railway:signal:direction": "forward", "railway:signal:main_repeated": "DE-ESO:fahrtanzeiger", "railway:signal:main_repeated:form": "light", "railway:signal:position": "right", "osm_id": 6002452923, "osm_type": "node"}}, {"type": "Feature", "geometry": {"type": "Point", "coordinates": [10.0067337, 53.553548]}, "properties": {"level": "-1", "railway": "signal", "railway:signal:brake_test": "DE-ESO:zp", "railway:signal:brake_test:form": "light", "railway:signal:brake_test:states": "DE-ESO:db:zp6;DE-ESO:db:zp7;DE-ESO:db:zp8", "railway:signal:departure": "DE-ESO:zp", "railway:signal:departure:form": "light", "railway:signal:departure:states": "DE-ESO:zp9", "railway:signal:direction": "forward", "railway:signal:main_repeated": "DE-ESO:fahrtanzeiger", "railway:signal:main_repeated:form": "light", "railway:signal:position": "right", "osm_id": 6002452925, "osm_type": "node"}}, {"type": "Feature", "geometry": {"type": "Point", "coordinates": [10.006616, 53.5535224]}, "properties": {"level": "-1", "railway": "signal", "railway:signal:brake_test": "DE-ESO:zp", "railway:signal:brake_test:form": "light", "railway:signal:brake_test:states": "DE-ESO:db:zp6;DE-ESO:db:zp7;DE-ESO:db:zp8", "railway:signal:departure": "DE-ESO:zp", "railway:signal:departure:form": "light", "railway:signal:departure:states": "DE-ESO:zp9", "railway:signal:direction": "backward", "railway:signal:position": "right", "osm_id": 6002452926, "osm_type": "node"}}, {"type": "Feature", "geometry": {"type": "Point", "coordinates": [10.006427, 53.5534648]}, "properties": {"level": "-1", "railway": "signal", "railway:signal:direction": "forward", "railway:signal:position": "right", "railway:signal:stop": "DE-ESO:ne5", "railway:signal:stop:caption": "130 m", "railway:signal:stop:form": "sign", "railway:signal:stop:height": "normal", "osm_id": 6002452927, "osm_type": "node"}}, {"type": "Feature", "geometry": {"type": "Point", "coordinates": [10.0060603, 53.5533811]}, "properties": {"level": "-1", "railway": "key_switch", "railway:key_switch:departure": "DE-ESO:zp9", "osm_id": 6002452928, "osm_type": "node"}}, {"type": "Feature", "geometry": {"type": "Point", "coordinates": [10.0061863, 53.5534069]}, "properties": {"level": "-1", "railway": "key_switch", "railway:key_switch:departure": "DE-ESO:zp9", "osm_id": 6002452929, "osm_type": "node"}}, {"type": "Feature", "geometry": {"type": "Point", "coordinates": [10.0068235, 53.553543]}, "properties": {"level": "-1", "railway": "key_switch", "railway:key_switch:departure": "DE-ESO:zp9", "osm_id": 6002452930, "osm_type": "node"}}, {"type": "Feature", "geometry": {"type": "Point", "coordinates": [10.0065347, 53.5534931]}, "properties": {"level": "-1", "railway": "key_switch", "railway:key_switch:departure": "DE-ESO:zp9", "osm_id": 6002452931, "osm_type": "node"}}, {"type": "Feature", "geometry": {"type": "Point", "coordinates": [10.0069821, 53.5531313]}, "properties": {"level": "-1", "railway:platform:section": "D", "osm_id": 6002452932, "osm_type": "node"}}, {"type": "Feature", "geometry": {"type": "Point", "coordinates": [10.0067391, 53.5535749]}, "properties": {"level": "-1", "railway:platform:section": "E", "osm_id": 6002452933, "osm_type": "node"}}, {"type": "Feature", "geometry": {"type": "Point", "coordinates": [10.0065239, 53.5539513]}, "properties": {"level": "-1", "railway": "key_switch", "railway:key_switch:brake_test": "DE-ESO:db:zp6;DE-ESO:db:zp7;DE-ESO:db:zp8", "osm_id": 6002452934, "osm_type": "node"}}, {"type": "Feature", "geometry": {"type": "Point", "coordinates": [10.0066014, 53.5537596]}, "properties": {"level": "-1", "railway": "signal", "railway:signal:direction": "forward", "railway:signal:position": "right", "railway:signal:stop": "DE-ESO:ne5", "railway:signal:stop:caption": "240 m", "railway:signal:stop:form": "sign", "railway:signal:stop:height": "normal", "osm_id": 6002452935, "osm_type": "node"}}, {"type": "Feature", "geometry": {"type": "Point", "coordinates": [10.0067028, 53.5537524]}, "properties": {"amenity": "bench", "backrest": "yes", "check_date": "2024-02-26", "covered": "yes", "level": "-1", "seats": "12", "source": "survey", "osm_id": 6002452936, "osm_type": "node"}}, {"type": "Feature", "geometry": {"type": "Point", "coordinates": [10.006368, 53.5537049]}, "properties": {"amenity": "bench", "backrest": "yes", "check_date": "2024-02-26", "covered": "yes", "level": "-1", "seats": "12", "source": "survey", "osm_id": 6002452937, "osm_type": "node"}}, {"type": "Feature", "geometry": {"type": "Point", "coordinates": [10.0063693, 53.5535961]}, "properties": {"level": "-1", "railway:platform:section": "F", "osm_id": 6002452938, "osm_type": "node"}}, {"type": "Feature", "geometry": {"type": "Point", "coordinates": [10.0061809, 53.5538853]}, "properties": {"level": "-1", "railway": "key_switch", "railway:key_switch:departure": "DE-ESO:zp9", "osm_id": 6002452939, "osm_type": "node"}}, {"type": "Feature", "geometry": {"type": "Point", "coordinates": [10.0061524, 53.553845]}, "properties": {"level": "-1", "railway:platform:section": "G", "osm_id": 6002452940, "osm_type": "node"}}, {"type": "Feature", "geometry": {"type": "Point", "coordinates": [10.0061172, 53.5539424]}, "properties": {"amenity": "bench", "backrest": "yes", "check_date": "2024-02-26", "covered": "yes", "level": "-1", "seats": "12", "source": "survey", "osm_id": 6002452941, "osm_type": "node"}}, {"type": "Feature", "geometry": {"type": "Point", "coordinates": [10.0061744, 53.553803]}, "properties": {"level": "-1", "railway": "signal", "railway:signal:direction": "forward", "railway:signal:position": "right", "railway:signal:stop": "DE-ESO:ne5", "railway:signal:stop:caption": "210 m", "railway:signal:stop:form": "sign", "railway:signal:stop:height": "normal", "osm_id": 6002452942, "osm_type": "node"}}, {"type": "Feature", "geometry": {"type": "Point", "coordinates": [10.0058698, 53.5541442]}, "properties": {"amenity": "bench", "backrest": "yes", "check_date": "2024-02-12", "level": "-1", "osm_id": 6002452943, "osm_type": "node"}}, {"type": "Feature", "geometry": {"type": "Point", "coordinates": [10.0072701, 53.5542881]}, "properties": {"barrier": "bollard", "osm_id": 6055743613, "osm_type": "node"}}, {"type": "Feature", "geometry": {"type": "Point", "coordinates": [10.0055424, 53.5537778]}, "properties": {"level": "-1", "railway": "key_switch", "railway:key_switch:brake_test": "DE-ESO:db:zp6;DE-ESO:db:zp7;DE-ESO:db:zp8", "osm_id": 6515307616, "osm_type": "node"}}, {"type": "Feature", "geometry": {"type": "Point", "coordinates": [10.0057753, 53.5538032]}, "properties": {"level": "-1", "railway": "key_switch", "railway:key_switch:brake_test": "DE-ESO:db:zp6;DE-ESO:db:zp7;DE-ESO:db:zp8", "osm_id": 6515307617, "osm_type": "node"}}, {"type": "Feature", "geometry": {"type": "Point", "coordinates": [10.0056493, 53.5540214]}, "properties": {"level": "-1", "railway": "signal", "railway:signal:direction": "forward", "railway:signal:distant": "DE-ESO:vr", "railway:signal:distant:form": "light", "railway:signal:distant:height": "normal", "railway:signal:distant:repeated": "yes", "railway:signal:distant:states": "DE-ESO:vr0;DE-ESO:vr2", "railway:signal:position": "right", "osm_id": 6515307618, "osm_type": "node"}}, {"type": "Feature", "geometry": {"type": "Point", "coordinates": [10.0055277, 53.5538819]}, "properties": {"level": "-1", "railway": "signal", "railway:signal:direction": "backward", "railway:signal:position": "left", "railway:signal:stop": "DE-ESO:ne5", "railway:signal:stop:form": "sign", "railway:signal:stop:height": "dwarf", "osm_id": 6515307619, "osm_type": "node"}}, {"type": "Feature", "geometry": {"type": "Point", "coordinates": [10.0058933, 53.5537379]}, "properties": {"level": "-1", "railway": "signal", "railway:signal:brake_test": "DE-ESO:zp", "railway:signal:brake_test:form": "light", "railway:signal:brake_test:states": "DE-ESO:db:zp6;DE-ESO:db:zp7;DE-ESO:db:zp8", "railway:signal:direction": "both", "railway:signal:position": "left", "osm_id": 6515307620, "osm_type": "node"}}, {"type": "Feature", "geometry": {"type": "Point", "coordinates": [10.0058909, 53.5538632]}, "properties": {"level": "-1", "railway": "signal", "railway:signal:departure": "DE-ESO:zp", "railway:signal:departure:form": "light", "railway:signal:departure:states": "DE-ESO:zp9", "railway:signal:direction": "forward", "railway:signal:position": "right", "osm_id": 6515307621, "osm_type": "node"}}, {"type": "Feature", "geometry": {"type": "Point", "coordinates": [10.0057278, 53.5537747]}, "properties": {"level": "-1", "railway": "signal", "railway:signal:direction": "forward", "railway:signal:position": "right", "railway:signal:stop": "DE-ESO:ne5", "railway:signal:stop:form": "sign", "railway:signal:stop:height": "normal", "osm_id": 6515307622, "osm_type": "node"}}, {"type": "Feature", "geometry": {"type": "Point", "coordinates": [10.0057978, 53.5537722]}, "properties": {"level": "-1", "operator": "DB Netz AG", "railway": "phone", "osm_id": 6515307623, "osm_type": "node"}}, {"type": "Feature", "geometry": {"type": "Point", "coordinates": [10.005753, 53.5539051]}, "properties": {"level": "-1", "railway": "signal", "railway:signal:brake_test": "DE-ESO:zp", "railway:signal:brake_test:deactivated": "no", "railway:signal:brake_test:form": "light", "railway:signal:brake_test:states": "DE-ESO:db:zp6;DE-ESO:db:zp7;DE-ESO:db:zp8", "railway:signal:direction": "both", "railway:signal:position": "right", "osm_id": 6515307624, "osm_type": "node"}}, {"type": "Feature", "geometry": {"type": "Point", "coordinates": [10.0057571, 53.5539001]}, "properties": {"level": "-1", "railway": "signal", "railway:signal:direction": "backward", "railway:signal:position": "right", "railway:signal:stop": "DE-ESO:ne5", "railway:signal:stop:form": "sign", "railway:signal:stop:height": "normal", "osm_id": 6515307625, "osm_type": "node"}}, {"type": "Feature", "geometry": {"type": "Point", "coordinates": [10.0057628, 53.5538932]}, "properties": {"level": "-1", "railway": "signal", "railway:signal:departure": "DE-ESO:zp", "railway:signal:departure:form": "light", "railway:signal:departure:states": "DE-ESO:zp9", "railway:signal:direction": "backward", "railway:signal:position": "left", "osm_id": 6515307626, "osm_type": "node"}}, {"type": "Feature", "geometry": {"type": "Point", "coordinates": [10.0069544, 53.5540567]}, "properties": {"level": "-1", "railway": "railway_crossing", "osm_id": 6654171008, "osm_type": "node"}}, {"type": "Feature", "geometry": {"type": "Point", "coordinates": [10.0065375, 53.5536497]}, "properties": {"air_conditioning": "yes", "amenity": "fast_food", "cuisine": "sausage", "indoor_seating": "yes", "level": "0", "name": "Wurst & Durst", "opening_hours": "Mo-Su 06:00-23:00", "outdoor_seating": "no", "payment:credit_cards": "yes", "payment:debit_cards": "yes", "smoking": "no", "osm_id": 6872035862, "osm_type": "node"}}, {"type": "Feature", "geometry": {"type": "Point", "coordinates": [10.006525, 53.5535682]}, "properties": {"air_conditioning": "yes", "amenity": "fast_food", "diet:vegan": "no", "diet:vegetarian": "yes", "indoor_seating": "yes", "level": "0", "name": "Punto Ernesto", "opening_hours": "Mo-Su 06:00-23:00", "outdoor_seating": "no", "phone": "+494069655930", "smoking": "no", "wheelchair": "limited", "osm_id": 6872035863, "osm_type": "node"}}, {"type": "Feature", "geometry": {"type": "Point", "coordinates": [10.0064316, 53.5535891]}, "properties": {"addr:city": "Hamburg", "addr:country": "DE", "addr:housenumber": "8", "addr:postcode": "20095", "addr:street": "Glockengießerwall", "air_conditioning": "yes", "amenity": "fast_food", "cuisine": "kebab", "diet:vegan": "no", "diet:vegetarian": "yes", "indoor_seating": "yes", "level": "0", "name": "Salli's Kebab Grill", "name:de": "Sallis Kebap-Grill", "opening_hours": "Mo-Su,PH 06:00-23:00", "outdoor_seating": "no", "payment:credit_cards": "yes", "payment:debit_cards": "yes", "smoking": "no", "website": "https://www.wandelhalle-hamburg.de/shop/gastronomie/sallis-kebap-grill.html", "wheelchair": "yes", "osm_id": 6872035864, "osm_type": "node"}}, {"type": "Feature", "geometry": {"type": "Point", "coordinates": [10.0062705, 53.5535859]}, "properties": {"air_conditioning": "yes", "amenity": "fast_food", "check_date:opening_hours": "2024-06-14", "cuisine": "syrian;falafel", "diet:vegan": "yes", "diet:vegetarian": "yes", "indoor_seating": "yes", "level": "0", "name": "Sahha", "opening_hours": "Mo-Su 09:00-21:00", "outdoor_seating": "no", "payment:credit_cards": "yes", "payment:debit_cards": "yes", "phone": "+49 40 40185858", "smoking": "no", "wheelchair": "yes", "osm_id": 6872035865, "osm_type": "node"}}, {"type": "Feature", "geometry": {"type": "Point", "coordinates": [10.0062154, 53.5535046]}, "properties": {"air_conditioning": "yes", "amenity": "fast_food", "check_date:opening_hours": "2024-10-13", "cuisine": "juice", "diet:vegan": "yes", "diet:vegetarian": "yes", "indoor_seating": "yes", "level": "0", "name": "Mr. CLOU", "opening_hours": "Mo-Fr 07:00-18:00; Sa,Su 08:00-18:00", "opening_hours:signed": "no", "outdoor_seating": "no", "smoking": "no", "wheelchair": "yes", "osm_id": 6872035866, "osm_type": "node"}}, {"type": "Feature", "geometry": {"type": "Point", "coordinates": [10.0061667, 53.5535624]}, "properties": {"air_conditioning": "yes", "amenity": "pub", "check_date:opening_hours": "2025-01-04", "cuisine": "bavarian", "indoor_seating": "yes", "level": "0", "name": "Löwenbräu", "opening_hours": "Mo-Su 06:00-23:00", "outdoor_seating": "no", "smoking": "no", "wheelchair": "yes", "osm_id": 6872035867, "osm_type": "node"}}, {"type": "Feature", "geometry": {"type": "Point", "coordinates": [10.0064443, 53.5535182]}, "properties": {"check_date": "2024-05-06", "disused:amenity": "fast_food", "disused:name": "Dunkin'", "level": "0", "osm_id": 6872035868, "osm_type": "node"}}, {"type": "Feature", "geometry": {"type": "Point", "coordinates": [10.0057214, 53.5535565]}, "properties": {"brand": "Spar", "brand:wikidata": "Q610492", "brand:wikipedia": "en:Spar (retailer)", "check_date:opening_hours": "2026-05-28", "drink:club-mate": "yes", "internet_access": "no", "level": "0", "name": "Spar Express", "opening_hours": "Mo-Su 06:00-23:00", "payment:cards": "yes", "payment:cash": "yes", "payment:qr_code": "no", "shop": "convenience", "wheelchair": "yes", "osm_id": 6872035869, "osm_type": "node"}}, {"type": "Feature", "geometry": {"type": "Point", "coordinates": [10.007001, 53.5532968]}, "properties": {"amenity": "waste_basket", "check_date": "2023-05-13", "level": "0", "osm_id": 6872035876, "osm_type": "node"}}, {"type": "Feature", "geometry": {"type": "Point", "coordinates": [10.0068213, 53.5533032]}, "properties": {"emergency": "fire_hose", "level": "0", "osm_id": 6872035882, "osm_type": "node"}}, {"type": "Feature", "geometry": {"type": "Point", "coordinates": [10.0059126, 53.5534014]}, "properties": {"emergency": "fire_extinguisher", "level": "0", "osm_id": 6872081389, "osm_type": "node"}}, {"type": "Feature", "geometry": {"type": "Point", "coordinates": [10.0056611, 53.5530289]}, "properties": {"door": "yes", "entrance": "emergency", "indoor": "door", "level": "0", "osm_id": 6872081390, "osm_type": "node"}}, {"type": "Feature", "geometry": {"type": "Point", "coordinates": [10.0057599, 53.5530706]}, "properties": {"emergency": "fire_extinguisher", "level": "0", "osm_id": 6872081394, "osm_type": "node"}}, {"type": "Feature", "geometry": {"type": "Point", "coordinates": [10.00725, 53.5533354]}, "properties": {"amenity": "waste_basket", "check_date": "2024-02-26", "level": "0", "osm_id": 6872081399, "osm_type": "node"}}, {"type": "Feature", "geometry": {"type": "Point", "coordinates": [10.0063556, 53.5532096]}, "properties": {"emergency": "fire_extinguisher", "level": "0", "osm_id": 6872081412, "osm_type": "node"}}, {"type": "Feature", "geometry": {"type": "Point", "coordinates": [10.005704, 53.5531634]}, "properties": {"amenity": "atm", "brand": "Reisebank", "brand:wikidata": "Q1421107", "cash_in": "no", "check_date": "2025-01-25", "level": "0", "operator": "Reisebank", "operator:wikidata": "Q1421107", "osm_id": 6872081414, "osm_type": "node"}}, {"type": "Feature", "geometry": {"type": "Point", "coordinates": [10.0061623, 53.5531252]}, "properties": {"amenity": "waste_basket", "check_date": "2023-05-13", "level": "0", "osm_id": 6872081417, "osm_type": "node"}}, {"type": "Feature", "geometry": {"type": "Point", "coordinates": [10.0057532, 53.5530693]}, "properties": {"emergency": "fire_hose", "level": "0", "osm_id": 6872081426, "osm_type": "node"}}, {"type": "Feature", "geometry": {"type": "Point", "coordinates": [10.007305, 53.5532067]}, "properties": {"amenity": "waste_basket", "check_date": "2024-02-26", "level": "0", "waste": "trash", "osm_id": 6872081430, "osm_type": "node"}}, {"type": "Feature", "geometry": {"type": "Point", "coordinates": [10.0068169, 53.5533023]}, "properties": {"emergency": "fire_extinguisher", "level": "0", "osm_id": 6872081441, "osm_type": "node"}}, {"type": "Feature", "geometry": {"type": "Point", "coordinates": [10.0059097, 53.5534068]}, "properties": {"emergency": "fire_hose", "level": "0", "osm_id": 6872081448, "osm_type": "node"}}, {"type": "Feature", "geometry": {"type": "Point", "coordinates": [10.0072729, 53.5536733]}, "properties": {"amenity": "atm", "brand": "Reisebank", "brand:wikidata": "Q1421107", "cash_in": "no", "check_date": "2026-05-23", "level": "0", "operator": "Reisebank", "operator:wikidata": "Q1421107", "osm_id": 6872081470, "osm_type": "node"}}, {"type": "Feature", "geometry": {"type": "Point", "coordinates": [10.0062604, 53.5531448]}, "properties": {"amenity": "waste_basket", "check_date": "2023-05-13", "level": "0", "osm_id": 6872081472, "osm_type": "node"}}, {"type": "Feature", "geometry": {"type": "Point", "coordinates": [10.0065387, 53.5535259]}, "properties": {"emergency": "fire_extinguisher", "level": "0", "osm_id": 6872081477, "osm_type": "node"}}, {"type": "Feature", "geometry": {"type": "Point", "coordinates": [10.0059747, 53.5530851]}, "properties": {"amenity": "waste_basket", "check_date": "2024-02-26", "level": "0", "osm_id": 6872081479, "osm_type": "node"}}, {"type": "Feature", "geometry": {"type": "Point", "coordinates": [10.0057824, 53.5533211]}, "properties": {"amenity": "waste_basket", "check_date": "2024-02-26", "level": "0", "osm_id": 6872081489, "osm_type": "node"}}, {"type": "Feature", "geometry": {"type": "Point", "coordinates": [10.0069268, 53.5532813]}, "properties": {"amenity": "waste_basket", "check_date": "2023-05-13", "level": "0", "osm_id": 6872081499, "osm_type": "node"}}, {"type": "Feature", "geometry": {"type": "Point", "coordinates": [10.0061986, 53.5531956]}, "properties": {"door": "yes", "indoor": "door", "level": "0", "repeat_on": "-1;0", "osm_id": 6872081504, "osm_type": "node"}}, {"type": "Feature", "geometry": {"type": "Point", "coordinates": [10.0057449, 53.5531621]}, "properties": {"artwork_type": "statue", "level": "0", "tourism": "artwork", "osm_id": 6872081505, "osm_type": "node"}}, {"type": "Feature", "geometry": {"type": "Point", "coordinates": [10.0059175, 53.5531372]}, "properties": {"door": "yes", "indoor": "door", "level": "0", "repeat_on": "-1;0", "osm_id": 6872081506, "osm_type": "node"}}, {"type": "Feature", "geometry": {"type": "Point", "coordinates": [10.0057515, 53.5530342]}, "properties": {"door": "yes", "indoor": "door", "level": "0", "osm_id": 6872081510, "osm_type": "node"}}, {"type": "Feature", "geometry": {"type": "Point", "coordinates": [10.0066403, 53.5532254]}, "properties": {"amenity": "waste_basket", "check_date": "2023-05-13", "level": "0", "osm_id": 6872081526, "osm_type": "node"}}, {"type": "Feature", "geometry": {"type": "Point", "coordinates": [10.0057177, 53.5531661]}, "properties": {"amenity": "atm", "brand": "Reisebank", "brand:wikidata": "Q1421107", "cash_in": "no", "check_date": "2025-01-25", "level": "0", "operator": "Reisebank", "operator:wikidata": "Q1421107", "osm_id": 6872081527, "osm_type": "node"}}, {"type": "Feature", "geometry": {"type": "Point", "coordinates": [10.0065427, 53.5535217]}, "properties": {"emergency": "fire_hose", "level": "0", "osm_id": 6872081531, "osm_type": "node"}}, {"type": "Feature", "geometry": {"type": "Point", "coordinates": [10.0057469, 53.5530629]}, "properties": {"amenity": "atm", "brand": "Reisebank", "brand:wikidata": "Q1421107", "cash_in": "no", "check_date": "2026-06-16", "level": "0", "opening_hours": "24/7", "operator": "Reisebank", "operator:wikidata": "Q1421107", "osm_id": 6872081534, "osm_type": "node"}}, {"type": "Feature", "geometry": {"type": "Point", "coordinates": [10.0063997, 53.5534825]}, "properties": {"amenity": "waste_basket", "check_date": "2024-02-26", "level": "1", "osm_id": 6872081543, "osm_type": "node"}}, {"type": "Feature", "geometry": {"type": "Point", "coordinates": [10.0069157, 53.5534161]}, "properties": {"amenity": "waste_basket", "check_date": "2023-05-13", "level": "0", "osm_id": 6872081553, "osm_type": "node"}}, {"type": "Feature", "geometry": {"type": "Point", "coordinates": [10.0059336, 53.5532022]}, "properties": {"artwork_type": "statue", "level": "0", "tourism": "artwork", "osm_id": 6872081558, "osm_type": "node"}}, {"type": "Feature", "geometry": {"type": "Point", "coordinates": [10.0061988, 53.553331]}, "properties": {"amenity": "waste_basket", "check_date": "2023-05-13", "level": "0", "osm_id": 6872081562, "osm_type": "node"}}, {"type": "Feature", "geometry": {"type": "Point", "coordinates": [10.0069748, 53.5536073]}, "properties": {"amenity": "waste_basket", "check_date": "2025-10-25", "level": "0", "osm_id": 6872081566, "osm_type": "node"}}, {"type": "Feature", "geometry": {"type": "Point", "coordinates": [10.0071975, 53.5536837]}, "properties": {"door": "yes", "indoor": "door", "level": "0", "osm_id": 6872081573, "osm_type": "node"}}, {"type": "Feature", "geometry": {"type": "Point", "coordinates": [10.0073399, 53.5535889]}, "properties": {"amenity": "atm", "brand": "Reisebank", "brand:wikidata": "Q1421107", "cash_in": "no", "check_date": "2026-06-16", "level": "0", "operator": "Reisebank", "operator:wikidata": "Q1421107", "osm_id": 6872081578, "osm_type": "node"}}, {"type": "Feature", "geometry": {"type": "Point", "coordinates": [10.0067403, 53.5532464]}, "properties": {"amenity": "waste_basket", "check_date": "2023-05-13", "level": "0", "osm_id": 6872081583, "osm_type": "node"}}, {"type": "Feature", "geometry": {"type": "Point", "coordinates": [10.0056268, 53.5533787]}, "properties": {"artwork_type": "statue", "level": "0", "tourism": "artwork", "osm_id": 6872081584, "osm_type": "node"}}, {"type": "Feature", "geometry": {"type": "Point", "coordinates": [10.006956, 53.5536258]}, "properties": {"emergency": "fire_hose", "level": "0", "osm_id": 6872081587, "osm_type": "node"}}, {"type": "Feature", "geometry": {"type": "Point", "coordinates": [10.0059064, 53.5530719]}, "properties": {"amenity": "waste_basket", "check_date": "2024-02-26", "level": "0", "osm_id": 6872081594, "osm_type": "node"}}, {"type": "Feature", "geometry": {"type": "Point", "coordinates": [10.0073415, 53.5536027]}, "properties": {"amenity": "waste_basket", "check_date": "2024-03-29", "level": "0", "osm_id": 6872081615, "osm_type": "node"}}, {"type": "Feature", "geometry": {"type": "Point", "coordinates": [10.0057268, 53.5530422]}, "properties": {"door": "yes", "entrance": "emergency", "indoor": "door", "level": "0", "osm_id": 6872081623, "osm_type": "node"}}, {"type": "Feature", "geometry": {"type": "Point", "coordinates": [10.0063621, 53.553211]}, "properties": {"emergency": "fire_hose", "level": "0", "osm_id": 6872081642, "osm_type": "node"}}, {"type": "Feature", "geometry": {"type": "Point", "coordinates": [10.0063493, 53.5534683]}, "properties": {"amenity": "waste_basket", "check_date": "2026-05-28", "level": "0", "osm_id": 6872081644, "osm_type": "node"}}, {"type": "Feature", "geometry": {"type": "Point", "coordinates": [10.0056866, 53.5533819]}, "properties": {"door": "yes", "indoor": "door", "level": "0", "osm_id": 6872081647, "osm_type": "node"}}, {"type": "Feature", "geometry": {"type": "Point", "coordinates": [10.0069545, 53.5536284]}, "properties": {"emergency": "fire_extinguisher", "level": "0", "osm_id": 6872081649, "osm_type": "node"}}, {"type": "Feature", "geometry": {"type": "Point", "coordinates": [10.006984, 53.5533919]}, "properties": {"door": "yes", "indoor": "door", "level": "0", "osm_id": 6872267734, "osm_type": "node"}}, {"type": "Feature", "geometry": {"type": "Point", "coordinates": [10.0069162, 53.5537295]}, "properties": {"check_date": "2026-04-11", "disused:amenity": "car_rental", "disused:brand": "Europcar", "disused:brand:wikidata": "Q1376256", "disused:name": "Europcar", "level": "0", "osm_id": 6872267738, "osm_type": "node"}}, {"type": "Feature", "geometry": {"type": "Point", "coordinates": [10.0069136, 53.5537435]}, "properties": {"check_date": "2026-04-11", "disused:amenity": "car_rental", "disused:brand": "SIXT", "disused:brand:wikidata": "Q705664", "disused:name": "SIXT", "level": "0", "osm_id": 6872267739, "osm_type": "node"}}, {"type": "Feature", "geometry": {"type": "Point", "coordinates": [10.0059433, 53.5533288]}, "properties": {"amenity": "clock", "check_date": "2023-10-19", "display": "analog", "faces": "2", "indoor": "no", "level": "0;1", "panoramax": "813cd1ab-a08d-4141-9f2a-637047ec211d", "support": "wall", "visibility": "area", "osm_id": 6872267743, "osm_type": "node"}}, {"type": "Feature", "geometry": {"type": "Point", "coordinates": [10.0060777, 53.5531367]}, "properties": {"fixme": "wo endet dieser Steg?", "osm_id": 6872267744, "osm_type": "node"}}, {"type": "Feature", "geometry": {"type": "Point", "coordinates": [10.0064996, 53.5532884]}, "properties": {"door": "yes", "indoor": "door", "level": "1", "osm_id": 6872267745, "osm_type": "node"}}, {"type": "Feature", "geometry": {"type": "Point", "coordinates": [10.0066407, 53.5532681]}, "properties": {"emergency": "fire_extinguisher", "level": "1", "osm_id": 6872267760, "osm_type": "node"}}, {"type": "Feature", "geometry": {"type": "Point", "coordinates": [10.006626, 53.5532651]}, "properties": {"emergency": "fire_hose", "level": "1", "osm_id": 6872267761, "osm_type": "node"}}, {"type": "Feature", "geometry": {"type": "Point", "coordinates": [10.0065451, 53.5533707]}, "properties": {"door": "yes", "indoor": "door", "level": "1", "osm_id": 6872267775, "osm_type": "node"}}, {"type": "Feature", "geometry": {"type": "Point", "coordinates": [10.006922, 53.5534614]}, "properties": {"door": "yes", "indoor": "door", "level": "1", "osm_id": 6872267776, "osm_type": "node"}}, {"type": "Feature", "geometry": {"type": "Point", "coordinates": [10.0069825, 53.5535627]}, "properties": {"amenity": "waste_basket", "check_date": "2024-02-26", "level": "1", "osm_id": 6872267781, "osm_type": "node"}}, {"type": "Feature", "geometry": {"type": "Point", "coordinates": [10.0060203, 53.55328]}, "properties": {"emergency": "fire_hose", "level": "1", "osm_id": 6872267783, "osm_type": "node"}}, {"type": "Feature", "geometry": {"type": "Point", "coordinates": [10.006035, 53.5532831]}, "properties": {"emergency": "fire_extinguisher", "level": "1", "osm_id": 6872267784, "osm_type": "node"}}, {"type": "Feature", "geometry": {"type": "Point", "coordinates": [10.0065171, 53.5535151]}, "properties": {"door": "yes", "indoor": "door", "level": "1", "osm_id": 6872287593, "osm_type": "node"}}, {"type": "Feature", "geometry": {"type": "Point", "coordinates": [10.0068033, 53.5535751]}, "properties": {"door": "yes", "indoor": "door", "level": "1", "osm_id": 6872287594, "osm_type": "node"}}, {"type": "Feature", "geometry": {"type": "Point", "coordinates": [10.0066316, 53.5535391]}, "properties": {"emergency": "fire_extinguisher", "level": "1", "osm_id": 6872287595, "osm_type": "node"}}, {"type": "Feature", "geometry": {"type": "Point", "coordinates": [10.006617, 53.5535361]}, "properties": {"emergency": "fire_hose", "level": "1", "osm_id": 6872287596, "osm_type": "node"}}, {"type": "Feature", "geometry": {"type": "Point", "coordinates": [10.0058131, 53.5528342]}, "properties": {"entrance": "yes", "level": "0", "osm_id": 6886127199, "osm_type": "node"}}, {"type": "Feature", "geometry": {"type": "Point", "coordinates": [10.0033715, 53.5537786]}, "properties": {"amenity": "waste_basket", "check_date": "2023-05-17", "level": "-1", "osm_id": 6922383606, "osm_type": "node"}}, {"type": "Feature", "geometry": {"type": "Point", "coordinates": [10.0032062, 53.5538398]}, "properties": {"amenity": "waste_basket", "check_date": "2023-05-17", "level": "-1", "osm_id": 6922383607, "osm_type": "node"}}, {"type": "Feature", "geometry": {"type": "Point", "coordinates": [10.0046531, 53.553952]}, "properties": {"amenity": "vending_machine", "check_date": "2023-08-28", "level": "-2", "operator": "Hamburger Hochbahn AG", "vending": "public_transport_tickets", "osm_id": 6922383614, "osm_type": "node"}}, {"type": "Feature", "geometry": {"type": "Point", "coordinates": [10.0047086, 53.5538631]}, "properties": {"amenity": "waste_basket", "check_date": "2023-08-28", "level": "-2", "osm_id": 6922383619, "osm_type": "node"}}, {"type": "Feature", "geometry": {"type": "Point", "coordinates": [10.0048501, 53.5539964]}, "properties": {"door": "yes", "level": "-2", "wheelchair": "yes", "osm_id": 6966942691, "osm_type": "node"}}, {"type": "Feature", "geometry": {"type": "Point", "coordinates": [10.0071775, 53.5529175]}, "properties": {"amenity": "bench", "backrest": "yes", "check_date": "2024-02-26", "colour": "brown", "level": "-1", "material": "wood", "seats": "6", "osm_id": 7158048576, "osm_type": "node"}}, {"type": "Feature", "geometry": {"type": "Point", "coordinates": [10.0071702, 53.5529524]}, "properties": {"amenity": "vending_machine", "check_date": "2026-04-14", "level": "-1", "operator": "Geile Warenautomaten GmbH", "payment:cash": "yes", "payment:credit_cards": "no", "payment:cryptocurrencies": "no", "payment:debit_cards": "no", "payment:electronic_purses": "no", "vending": "drinks", "osm_id": 7158048577, "osm_type": "node"}}, {"type": "Feature", "geometry": {"type": "Point", "coordinates": [10.0071306, 53.5529641]}, "properties": {"amenity": "vending_machine", "check_date": "2026-04-27", "level": "-1", "operator": "Geile Warenautomaten GmbH", "payment:cash": "yes", "payment:credit_cards": "no", "payment:cryptocurrencies": "no", "payment:debit_cards": "no", "payment:electronic_purses": "no", "vending": "sweets;drinks", "osm_id": 7158048578, "osm_type": "node"}}, {"type": "Feature", "geometry": {"type": "Point", "coordinates": [10.0071338, 53.5529465]}, "properties": {"amenity": "vending_machine", "check_date": "2026-04-14", "level": "-1", "operator": "Geile Warenautomaten GmbH", "payment:cash": "yes", "payment:credit_cards": "no", "payment:cryptocurrencies": "no", "payment:debit_cards": "no", "payment:electronic_purses": "no", "vending": "food;coffee", "osm_id": 7158048579, "osm_type": "node"}}, {"type": "Feature", "geometry": {"type": "Point", "coordinates": [10.0071605, 53.5529717]}, "properties": {"amenity": "vending_machine", "check_date": "2026-04-27", "level": "-1", "operator": "Geile Warenautomaten GmbH", "payment:cash": "yes", "payment:credit_cards": "no", "payment:cryptocurrencies": "no", "payment:debit_cards": "no", "payment:electronic_purses": "no", "vending": "sweets", "osm_id": 7158048580, "osm_type": "node"}}, {"type": "Feature", "geometry": {"type": "Point", "coordinates": [10.00715, 53.5529164]}, "properties": {"amenity": "bench", "backrest": "yes", "check_date": "2024-02-26", "colour": "brown", "level": "-1", "material": "wood", "seats": "6", "osm_id": 7158048581, "osm_type": "node"}}, {"type": "Feature", "geometry": {"type": "Point", "coordinates": [10.0022722, 53.5560207]}, "properties": {"entrance": "service", "osm_id": 7560530585, "osm_type": "node"}}, {"type": "Feature", "geometry": {"type": "Point", "coordinates": [10.0062053, 53.5542996]}, "properties": {"level": "-1", "railway": "signal", "railway:signal:direction": "backward", "railway:signal:electricity": "DE-ESO:el6", "railway:signal:electricity:form": "sign", "railway:signal:electricity:height": "normal", "railway:signal:electricity:turn_direction": "right", "railway:signal:electricity:type": "end_of_catenary", "railway:signal:position": "left", "osm_id": 8420853155, "osm_type": "node"}}, {"type": "Feature", "geometry": {"type": "Point", "coordinates": [10.0054272, 53.5538901]}, "properties": {"railway": "signal", "railway:signal:brake_test": "DE-ESO:zp", "railway:signal:brake_test:form": "light", "railway:signal:brake_test:states": "DE-ESO:db:zp6;DE-ESO:db:zp7;DE-ESO:db:zp8", "railway:signal:direction": "backward", "railway:signal:position": "left", "osm_id": 8480270343, "osm_type": "node"}}, {"type": "Feature", "geometry": {"type": "Point", "coordinates": [10.0055108, 53.5539044]}, "properties": {"railway": "signal", "railway:signal:brake_test": "DE-ESO:zp", "railway:signal:brake_test:form": "light", "railway:signal:brake_test:states": "DE-ESO:db:zp6;DE-ESO:db:zp7;DE-ESO:db:zp8", "railway:signal:direction": "forward", "railway:signal:position": "right", "osm_id": 8480270344, "osm_type": "node"}}, {"type": "Feature", "geometry": {"type": "Point", "coordinates": [10.0055729, 53.5536233]}, "properties": {"railway": "signal", "railway:signal:direction": "backward", "railway:signal:position": "left", "railway:signal:stop": "DE-ESO:ne5", "railway:signal:stop:form": "sign", "railway:signal:stop:height": "normal", "osm_id": 8480270345, "osm_type": "node"}}, {"type": "Feature", "geometry": {"type": "Point", "coordinates": [10.0057443, 53.5535566]}, "properties": {"railway": "signal", "railway:signal:direction": "backward", "railway:signal:position": "left", "railway:signal:stop": "DE-ESO:ne5", "railway:signal:stop:form": "sign", "railway:signal:stop:height": "normal", "osm_id": 8480270346, "osm_type": "node"}}, {"type": "Feature", "geometry": {"type": "Point", "coordinates": [10.0059838, 53.5536146]}, "properties": {"railway": "signal", "railway:signal:direction": "backward", "railway:signal:position": "right", "railway:signal:stop": "DE-ESO:ne5", "railway:signal:stop:form": "sign", "railway:signal:stop:height": "normal", "osm_id": 8480270351, "osm_type": "node"}}, {"type": "Feature", "geometry": {"type": "Point", "coordinates": [10.0058553, 53.5535714]}, "properties": {"railway": "signal", "railway:signal:direction": "forward", "railway:signal:position": "right", "railway:signal:stop": "DE-ESO:ne5", "railway:signal:stop:caption": "300 m", "railway:signal:stop:form": "sign", "railway:signal:stop:height": "normal", "osm_id": 8480270352, "osm_type": "node"}}, {"type": "Feature", "geometry": {"type": "Point", "coordinates": [10.0045654, 53.5552117]}, "properties": {"railway": "signal", "railway:signal:brake_test": "DE-ESO:zp", "railway:signal:brake_test:form": "light", "railway:signal:brake_test:states": "DE-ESO:db:zp6;DE-ESO:db:zp7;DE-ESO:db:zp8", "railway:signal:direction": "both", "railway:signal:main_repeated": "DE-ESO:fahrtanzeiger", "railway:signal:main_repeated:form": "light", "railway:signal:position": "right", "osm_id": 8480926132, "osm_type": "node"}}, {"type": "Feature", "geometry": {"type": "Point", "coordinates": [10.0065532, 53.5540096]}, "properties": {"railway": "signal", "railway:signal:direction": "backward", "railway:signal:position": "left", "railway:signal:stop": "DE-ESO:ne5", "railway:signal:stop:caption": "320 m", "railway:signal:stop:form": "sign", "railway:signal:stop:height": "normal", "osm_id": 9548341845, "osm_type": "node"}}, {"type": "Feature", "geometry": {"type": "Point", "coordinates": [10.0067788, 53.5537869]}, "properties": {"railway": "signal", "railway:signal:direction": "backward", "railway:signal:position": "left", "railway:signal:stop": "DE-ESO:ne5", "railway:signal:stop:caption": "240 m", "railway:signal:stop:form": "sign", "railway:signal:stop:height": "normal", "osm_id": 9548341846, "osm_type": "node"}}, {"type": "Feature", "geometry": {"type": "Point", "coordinates": [10.0059972, 53.5537426]}, "properties": {"railway": "signal", "railway:signal:brake_test": "DE-ESO:zp", "railway:signal:brake_test:form": "light", "railway:signal:brake_test:states": "DE-ESO:db:zp6;DE-ESO:db:zp7;DE-ESO:db:zp8", "railway:signal:direction": "forward", "railway:signal:position": "right", "osm_id": 9563512633, "osm_type": "node"}}, {"type": "Feature", "geometry": {"type": "Point", "coordinates": [10.0038409, 53.5556146]}, "properties": {"railway": "signal", "railway:signal:departure": "DE-ESO:zp", "railway:signal:departure:form": "light", "railway:signal:departure:states": "DE-ESO:zp9", "railway:signal:direction": "forward", "railway:signal:position": "right", "osm_id": 9563596146, "osm_type": "node"}}, {"type": "Feature", "geometry": {"type": "Point", "coordinates": [10.0040195, 53.5555033]}, "properties": {"railway": "signal", "railway:signal:direction": "forward", "railway:signal:position": "right", "railway:signal:stop": "DE-ESO:ne5", "railway:signal:stop:form": "sign", "railway:signal:stop:height": "normal", "osm_id": 9563596147, "osm_type": "node"}}, {"type": "Feature", "geometry": {"type": "Point", "coordinates": [10.003797, 53.5556387]}, "properties": {"railway": "signal", "railway:signal:direction": "forward", "railway:signal:distant": "DE-ESO:vr", "railway:signal:distant:form": "light", "railway:signal:distant:height": "normal", "railway:signal:distant:repeated": "no", "railway:signal:distant:shape": "compact", "railway:signal:distant:shortened": "no", "railway:signal:distant:states": "DE-ESO:vr0;DE-ESO:vr1;off", "railway:signal:main": "DE-ESO:hp", "railway:signal:main:deactivated": "no", "railway:signal:main:form": "light", "railway:signal:main:function": "exit", "railway:signal:main:height": "normal", "railway:signal:main:states": "DE-ESO:hp0;DE-ESO:hp2;DE-ESO:kennlicht", "railway:signal:main:substitute_signal": "DE-ESO:db:zs1", "railway:signal:position": "right", "ref": "N8", "osm_id": 9563596148, "osm_type": "node"}}, {"type": "Feature", "geometry": {"type": "Point", "coordinates": [10.0041812, 53.5554749]}, "properties": {"railway": "signal", "railway:signal:departure": "DE-ESO:zp", "railway:signal:departure:form": "light", "railway:signal:departure:states": "DE-ESO:zp9", "railway:signal:direction": "backward", "railway:signal:position": "right", "osm_id": 9563596149, "osm_type": "node"}}, {"type": "Feature", "geometry": {"type": "Point", "coordinates": [10.0044565, 53.5551698]}, "properties": {"railway": "signal", "railway:signal:brake_test": "DE-ESO:zp", "railway:signal:brake_test:form": "light", "railway:signal:brake_test:states": "DE-ESO:db:zp6;DE-ESO:db:zp7;DE-ESO:db:zp8", "railway:signal:departure": "DE-ESO:zp", "railway:signal:departure:form": "light", "railway:signal:departure:states": "DE-ESO:zp9", "railway:signal:direction": "forward", "railway:signal:position": "right", "osm_id": 9563596150, "osm_type": "node"}}, {"type": "Feature", "geometry": {"type": "Point", "coordinates": [10.0047315, 53.5549469]}, "properties": {"railway": "signal", "railway:signal:direction": "forward", "railway:signal:position": "right", "railway:signal:stop": "DE-ESO:ne5", "railway:signal:stop:caption": "370 m", "railway:signal:stop:form": "sign", "railway:signal:stop:height": "normal", "osm_id": 9563596151, "osm_type": "node"}}, {"type": "Feature", "geometry": {"type": "Point", "coordinates": [10.0063851, 53.552826]}, "properties": {"amenity": "bench", "backrest": "yes", "level": "-1", "osm_id": 10176325117, "osm_type": "node"}}, {"type": "Feature", "geometry": {"type": "Point", "coordinates": [10.0063757, 53.5528572]}, "properties": {"amenity": "waste_basket", "level": "-1", "osm_id": 10176325118, "osm_type": "node"}}, {"type": "Feature", "geometry": {"type": "Point", "coordinates": [10.007322, 53.5536582]}, "properties": {"door": "yes", "indoor": "door", "level": "0", "osm_id": 10630880493, "osm_type": "node"}}, {"type": "Feature", "geometry": {"type": "Point", "coordinates": [10.0073181, 53.5535681]}, "properties": {"amenity": "fast_food", "check_date": "2025-07-20", "cuisine": "chinese", "diet:vegetarian": "yes", "indoor_seating": "no", "level": "0", "name": "Cinnaversum", "opening_hours:signed": "no", "outdoor_seating": "no", "payment:credit_cards": "yes", "payment:debit_cards": "yes", "takeaway": "only", "osm_id": 10630880494, "osm_type": "node"}}, {"type": "Feature", "geometry": {"type": "Point", "coordinates": [10.0030777, 53.554003]}, "properties": {"access": "permissive", "amenity": "toilets", "changing_table": "no", "fee": "no", "female": "yes", "level": "1", "male": "yes", "unisex": "no", "osm_id": 10793219590, "osm_type": "node"}}, {"type": "Feature", "geometry": {"type": "Point", "coordinates": [10.0047081, 53.5536872]}, "properties": {"entrance": "yes", "osm_id": 10951198407, "osm_type": "node"}}, {"type": "Feature", "geometry": {"type": "Point", "coordinates": [10.004993, 53.554195]}, "properties": {"amenity": "vending_machine", "indoor": "no", "operator": "Hamburger Hochbahn AG", "vending": "public_transport_tickets", "osm_id": 11933351209, "osm_type": "node"}}, {"type": "Feature", "geometry": {"type": "Point", "coordinates": [10.006841, 53.5530652]}, "properties": {"camera:mount": "pole", "camera:type": "dome", "check_date": "2024-07-23", "height": "3.5", "layer": "-1", "level": "-1", "man_made": "surveillance", "note": "An Fahrgastanzeige montiert", "surveillance": "public", "surveillance:type": "camera", "surveillance:zone": "public_transport_platform", "osm_id": 12125046369, "osm_type": "node"}}, {"type": "Feature", "geometry": {"type": "Point", "coordinates": [10.0067425, 53.5530481]}, "properties": {"camera:mount": "pole", "camera:type": "dome", "check_date": "2024-07-23", "height": "3.5", "layer": "-1", "level": "-1", "man_made": "surveillance", "note": "An Fahrgastanzeige montiert", "surveillance": "public", "surveillance:type": "camera", "surveillance:zone": "public_transport_platform", "osm_id": 12125046370, "osm_type": "node"}}, {"type": "Feature", "geometry": {"type": "Point", "coordinates": [10.0065795, 53.5533311]}, "properties": {"camera:mount": "ceiling", "camera:type": "dome", "check_date": "2024-07-23", "height": "3", "layer": "-1", "level": "-1", "man_made": "surveillance", "surveillance": "public", "surveillance:type": "camera", "surveillance:zone": "public_transport_platform", "osm_id": 12125046371, "osm_type": "node"}}, {"type": "Feature", "geometry": {"type": "Point", "coordinates": [10.0066794, 53.5532487]}, "properties": {"camera:angle": "15", "camera:direction": "340", "camera:mount": "ceiling", "camera:type": "fixed", "check_date": "2024-07-23", "height": "3", "layer": "-1", "level": "-1", "man_made": "surveillance", "surveillance": "public", "surveillance:type": "camera", "surveillance:zone": "public_transport_platform", "osm_id": 12125046372, "osm_type": "node"}}, {"type": "Feature", "geometry": {"type": "Point", "coordinates": [10.006713, 53.5532429]}, "properties": {"camera:mount": "ceiling", "camera:type": "dome", "check_date": "2024-07-23", "height": "3", "layer": "0", "level": "0", "man_made": "surveillance", "surveillance": "public", "surveillance:type": "camera", "surveillance:zone": "building", "osm_id": 12125046373, "osm_type": "node"}}, {"type": "Feature", "geometry": {"type": "Point", "coordinates": [10.0066064, 53.5534707]}, "properties": {"camera:mount": "ceiling", "camera:type": "dome", "check_date": "2024-07-23", "height": "3", "layer": "-1", "level": "-1", "man_made": "surveillance", "surveillance": "public", "surveillance:type": "camera", "surveillance:zone": "public_transport_platform", "osm_id": 12125046374, "osm_type": "node"}}, {"type": "Feature", "geometry": {"type": "Point", "coordinates": [10.0064803, 53.5535584]}, "properties": {"camera:mount": "ceiling", "camera:type": "dome", "check_date": "2024-07-23", "height": "3", "layer": "-1", "level": "-1", "man_made": "surveillance", "surveillance": "public", "surveillance:type": "camera", "surveillance:zone": "public_transport_platform", "osm_id": 12125046375, "osm_type": "node"}}, {"type": "Feature", "geometry": {"type": "Point", "coordinates": [10.0064612, 53.5535761]}, "properties": {"camera:mount": "ceiling", "camera:type": "dome", "check_date": "2024-07-23", "height": "3", "layer": "0", "level": "0", "man_made": "surveillance", "surveillance": "public", "surveillance:type": "camera", "surveillance:zone": "building", "osm_id": 12125046376, "osm_type": "node"}}, {"type": "Feature", "geometry": {"type": "Point", "coordinates": [10.006151, 53.5538671]}, "properties": {"camera:mount": "ceiling", "camera:type": "dome", "check_date": "2024-07-23", "height": "3", "layer": "-1", "level": "-1", "man_made": "surveillance", "surveillance": "public", "surveillance:type": "camera", "surveillance:zone": "public_transport_platform", "osm_id": 12125046377, "osm_type": "node"}}, {"type": "Feature", "geometry": {"type": "Point", "coordinates": [10.0062322, 53.5538914]}, "properties": {"camera:mount": "ceiling", "camera:type": "dome", "check_date": "2024-07-23", "height": "3", "layer": "-1", "level": "-1", "man_made": "surveillance", "surveillance": "public", "surveillance:type": "camera", "surveillance:zone": "public_transport_platform", "osm_id": 12125046378, "osm_type": "node"}}, {"type": "Feature", "geometry": {"type": "Point", "coordinates": [10.0058312, 53.5542161]}, "properties": {"camera:mount": "ceiling", "camera:type": "dome", "check_date": "2024-07-23", "height": "3", "layer": "-1", "level": "-1", "man_made": "surveillance", "surveillance": "public", "surveillance:type": "camera", "surveillance:zone": "public_transport_platform", "osm_id": 12125046379, "osm_type": "node"}}, {"type": "Feature", "geometry": {"type": "Point", "coordinates": [10.0057605, 53.5541834]}, "properties": {"camera:mount": "ceiling", "camera:type": "dome", "check_date": "2024-07-23", "height": "3", "layer": "-1", "level": "-1", "man_made": "surveillance", "surveillance": "public", "surveillance:type": "camera", "surveillance:zone": "public_transport_platform", "osm_id": 12125046380, "osm_type": "node"}}, {"type": "Feature", "geometry": {"type": "Point", "coordinates": [10.0052948, 53.5545582]}, "properties": {"camera:mount": "pole", "camera:type": "dome", "check_date": "2024-07-23", "height": "3", "layer": "-1", "level": "-1", "man_made": "surveillance", "note": "An Fahrgastanzeige montiert", "surveillance": "public", "surveillance:type": "camera", "surveillance:zone": "public_transport_platform", "osm_id": 12125046381, "osm_type": "node"}}, {"type": "Feature", "geometry": {"type": "Point", "coordinates": [10.0053424, 53.5545766]}, "properties": {"camera:mount": "pole", "camera:type": "dome", "check_date": "2024-07-23", "height": "3", "layer": "-1", "level": "-1", "man_made": "surveillance", "note": "An Fahrgastanzeige montiert", "surveillance": "public", "surveillance:type": "camera", "surveillance:zone": "public_transport_platform", "osm_id": 12125046382, "osm_type": "node"}}, {"type": "Feature", "geometry": {"type": "Point", "coordinates": [10.0070319, 53.5533066]}, "properties": {"camera:mount": "pole", "camera:type": "dome", "check_date": "2024-07-23", "height": "3", "layer": "0", "level": "0", "man_made": "surveillance", "surveillance": "public", "surveillance:type": "camera", "surveillance:zone": "public_transport_platform", "osm_id": 12128324026, "osm_type": "node"}}, {"type": "Feature", "geometry": {"type": "Point", "coordinates": [10.0070701, 53.5533531]}, "properties": {"camera:angle": "50", "camera:direction": "235", "camera:mount": "wall", "camera:type": "fixed", "check_date": "2024-07-23", "height": "2.5", "layer": "0", "level": "0", "man_made": "surveillance", "surveillance": "public", "surveillance:type": "camera", "surveillance:zone": "building", "osm_id": 12128324027, "osm_type": "node"}}, {"type": "Feature", "geometry": {"type": "Point", "coordinates": [10.0071166, 53.5531102]}, "properties": {"camera:mount": "pole", "camera:type": "dome", "check_date": "2024-07-23", "height": "3.5", "layer": "-1", "level": "-1", "man_made": "surveillance", "note": "An Fahrgastanzeige montiert", "surveillance": "public", "surveillance:type": "camera", "surveillance:zone": "public_transport_platform", "osm_id": 12128336443, "osm_type": "node"}}, {"type": "Feature", "geometry": {"type": "Point", "coordinates": [10.0070194, 53.5530935]}, "properties": {"camera:mount": "pole", "camera:type": "dome", "check_date": "2024-07-23", "height": "3.5", "layer": "-1", "level": "-1", "man_made": "surveillance", "note": "An Fahrgastanzeige montiert", "surveillance": "public", "surveillance:type": "camera", "surveillance:zone": "public_transport_platform", "osm_id": 12128336444, "osm_type": "node"}}, {"type": "Feature", "geometry": {"type": "Point", "coordinates": [10.0069845, 53.5532959]}, "properties": {"camera:direction": "160", "camera:mount": "pole", "camera:type": "dome", "check_date": "2024-07-23", "height": "3", "layer": "0", "level": "0", "man_made": "surveillance", "surveillance": "public", "surveillance:type": "camera", "surveillance:zone": "public_transport_platform", "osm_id": 12128336445, "osm_type": "node"}}, {"type": "Feature", "geometry": {"type": "Point", "coordinates": [10.0069843, 53.5532962]}, "properties": {"camera:direction": "340", "camera:mount": "pole", "camera:type": "dome", "check_date": "2024-07-23", "height": "3", "layer": "0", "level": "0", "man_made": "surveillance", "surveillance": "public", "surveillance:type": "camera", "surveillance:zone": "building", "osm_id": 12128336446, "osm_type": "node"}}, {"type": "Feature", "geometry": {"type": "Point", "coordinates": [10.0069249, 53.5533982]}, "properties": {"amenity": "bench", "backrest": "yes", "layer": "-1", "level": "-1", "osm_id": 12128336447, "osm_type": "node"}}, {"type": "Feature", "geometry": {"type": "Point", "coordinates": [10.0069624, 53.5534038]}, "properties": {"camera:mount": "pole", "camera:type": "dome", "check_date": "2024-07-23", "height": "3.5", "layer": "-1", "level": "-1", "man_made": "surveillance", "surveillance": "public", "surveillance:type": "camera", "surveillance:zone": "public_transport_platform", "osm_id": 12128336448, "osm_type": "node"}}, {"type": "Feature", "geometry": {"type": "Point", "coordinates": [10.0066134, 53.5537956]}, "properties": {"camera:mount": "pole", "camera:type": "dome", "check_date": "2024-07-23", "height": "3", "layer": "-1", "level": "-1", "man_made": "surveillance", "note": "An Fahrgastanzeige montiert", "surveillance": "public", "surveillance:type": "camera", "surveillance:zone": "public_transport_platform", "osm_id": 12128336449, "osm_type": "node"}}, {"type": "Feature", "geometry": {"type": "Point", "coordinates": [10.0065292, 53.553992]}, "properties": {"camera:mount": "ceiling", "camera:type": "dome", "check_date": "2024-07-23", "height": "3", "layer": "-1", "level": "-1", "man_made": "surveillance", "surveillance": "public", "surveillance:type": "camera", "surveillance:zone": "public_transport_platform", "osm_id": 12128336450, "osm_type": "node"}}, {"type": "Feature", "geometry": {"type": "Point", "coordinates": [10.0049749, 53.55347]}, "properties": {"camera:angle": "10", "camera:direction": "160", "camera:mount": "ceiling", "camera:type": "fixed", "check_date": "2024-08-28", "height": "2.25", "layer": "-1", "level": "-1", "man_made": "surveillance", "surveillance": "public", "surveillance:type": "camera", "surveillance:zone": "building", "osm_id": 12128356114, "osm_type": "node"}}, {"type": "Feature", "geometry": {"type": "Point", "coordinates": [10.0049562, 53.5534661]}, "properties": {"camera:angle": "10", "camera:direction": "160", "camera:mount": "ceiling", "camera:type": "fixed", "check_date": "2024-08-28", "height": "2.25", "layer": "-1", "level": "-1", "man_made": "surveillance", "surveillance": "public", "surveillance:type": "camera", "surveillance:zone": "building", "osm_id": 12128356115, "osm_type": "node"}}, {"type": "Feature", "geometry": {"type": "Point", "coordinates": [10.004881, 53.5536249]}, "properties": {"camera:angle": "-10", "camera:direction": "160", "camera:mount": "ceiling", "camera:type": "fixed", "check_date": "2024-08-28", "height": "2.25", "layer": "-2", "level": "-2", "man_made": "surveillance", "surveillance": "public", "surveillance:type": "camera", "surveillance:zone": "building", "osm_id": 12128356116, "osm_type": "node"}}, {"type": "Feature", "geometry": {"type": "Point", "coordinates": [10.0048617, 53.553621]}, "properties": {"camera:angle": "-10", "camera:direction": "160", "camera:mount": "ceiling", "camera:type": "fixed", "check_date": "2024-08-28", "height": "2.25", "layer": "-2", "level": "-2", "man_made": "surveillance", "surveillance": "public", "surveillance:type": "camera", "surveillance:zone": "building", "osm_id": 12128356118, "osm_type": "node"}}, {"type": "Feature", "geometry": {"type": "Point", "coordinates": [10.0048287, 53.5536993]}, "properties": {"camera:angle": "5", "camera:direction": "160", "camera:mount": "ceiling", "camera:type": "fixed", "check_date": "2024-07-23", "height": "2.5", "layer": "-2", "level": "-2", "man_made": "surveillance", "surveillance": "public", "surveillance:type": "camera", "surveillance:zone": "building", "osm_id": 12128356119, "osm_type": "node"}}, {"type": "Feature", "geometry": {"type": "Point", "coordinates": [10.0045852, 53.5540689]}, "properties": {"camera:angle": "10", "camera:direction": "145", "camera:mount": "ceiling", "camera:type": "fixed", "check_date": "2024-07-23", "height": "2.5", "layer": "-2", "level": "-2", "man_made": "surveillance", "surveillance": "public", "surveillance:type": "camera", "surveillance:zone": "building", "osm_id": 12128356120, "osm_type": "node"}}, {"type": "Feature", "geometry": {"type": "Point", "coordinates": [10.0051318, 53.5539477]}, "properties": {"camera:angle": "15", "camera:direction": "205", "camera:mount": "wall", "camera:type": "fixed", "check_date": "2024-07-23", "height": "3", "layer": "-3", "level": "-3", "man_made": "surveillance", "surveillance": "public", "surveillance:type": "camera", "surveillance:zone": "public_transport_platform", "osm_id": 12128356122, "osm_type": "node"}}, {"type": "Feature", "geometry": {"type": "Point", "coordinates": [10.005004, 53.5541327]}, "properties": {"camera:angle": "10", "camera:direction": "340", "camera:mount": "wall", "camera:type": "fixed", "check_date": "2024-07-23", "height": "3", "layer": "-3", "level": "-3", "man_made": "surveillance", "surveillance": "public", "surveillance:type": "camera", "surveillance:zone": "public_transport_platform", "osm_id": 12128356123, "osm_type": "node"}}, {"type": "Feature", "geometry": {"type": "Point", "coordinates": [10.0070374, 53.5542001]}, "properties": {"camera:angle": "50", "camera:direction": "300", "camera:mount": "wall", "camera:type": "fixed", "check_date": "2024-07-23", "height": "2.25", "layer": "-2", "level": "-2", "man_made": "surveillance", "surveillance": "public", "surveillance:type": "camera", "surveillance:zone": "public_transport_platform", "osm_id": 12128356132, "osm_type": "node"}}, {"type": "Feature", "geometry": {"type": "Point", "coordinates": [10.0069462, 53.5540925]}, "properties": {"camera:angle": "5", "camera:direction": "85", "camera:mount": "wall", "camera:type": "fixed", "check_date": "2024-07-23", "height": "3", "layer": "-3", "level": "-3", "man_made": "surveillance", "surveillance": "public", "surveillance:type": "camera", "surveillance:zone": "public_transport_platform", "osm_id": 12128356133, "osm_type": "node"}}, {"type": "Feature", "geometry": {"type": "Point", "coordinates": [10.0063512, 53.5541776]}, "properties": {"camera:angle": "10", "camera:direction": "265", "camera:mount": "ceiling", "camera:type": "fixed", "check_date": "2024-08-28", "height": "3", "layer": "-3", "level": "-3", "man_made": "surveillance", "note": "Position geschätzt", "surveillance": "public", "surveillance:type": "camera", "surveillance:zone": "public_transport_platform", "osm_id": 12161511500, "osm_type": "node"}}, {"type": "Feature", "geometry": {"type": "Point", "coordinates": [10.005565, 53.5541273]}, "properties": {"camera:angle": "10", "camera:direction": "83", "camera:mount": "ceiling", "camera:type": "fixed", "check_date": "2024-08.28", "height": "3", "layer": "-3", "level": "-3", "man_made": "surveillance", "note": "Position geschätzt", "surveillance": "public", "surveillance:type": "camera", "surveillance:zone": "public_transport_platform", "osm_id": 12161545901, "osm_type": "node"}}, {"type": "Feature", "geometry": {"type": "Point", "coordinates": [10.0055576, 53.5541268]}, "properties": {"camera:angle": "30", "camera:direction": "280", "camera:mount": "ceiling", "camera:type": "fixed", "check_date": "2024-08.28", "height": "3", "layer": "-3", "level": "-3", "man_made": "surveillance", "note": "Position geschätzt; an Bahnsteigkante Richtung Notrufsäule", "surveillance": "public", "surveillance:type": "camera", "surveillance:zone": "public_transport_platform", "osm_id": 12161545902, "osm_type": "node"}}, {"type": "Feature", "geometry": {"type": "Point", "coordinates": [10.0046745, 53.5540217]}, "properties": {"camera:angle": "10", "camera:direction": "110", "camera:mount": "ceiling", "camera:type": "fixed", "check_date": "2024-08-28", "height": "2.5", "layer": "-2", "level": "-2", "man_made": "surveillance", "surveillance": "public", "surveillance:type": "camera", "surveillance:zone": "building", "osm_id": 12161545903, "osm_type": "node"}}, {"type": "Feature", "geometry": {"type": "Point", "coordinates": [10.0050306, 53.5541708]}, "properties": {"camera:angle": "30", "camera:direction": "285", "camera:mount": "pole", "camera:type": "fixed", "check_date": "2024-10-01", "height": "3", "layer": "0", "level": "0", "man_made": "surveillance", "surveillance": "public", "surveillance:type": "camera", "surveillance:zone": "building", "osm_id": 12270762766, "osm_type": "node"}}, {"type": "Feature", "geometry": {"type": "Point", "coordinates": [10.0051647, 53.5539508]}, "properties": {"camera:angle": "30", "camera:direction": "225", "camera:mount": "pole", "camera:type": "fixed", "check_date": "2024-10-01", "height": "3", "layer": "0", "level": "0", "man_made": "surveillance", "surveillance": "public", "surveillance:type": "camera", "surveillance:zone": "building", "osm_id": 12270762767, "osm_type": "node"}}, {"type": "Feature", "geometry": {"type": "Point", "coordinates": [10.0055604, 53.5532135]}, "properties": {"camera:mount": "ceiling", "camera:type": "dome", "check_date": "2024-10-03", "height": "3", "layer": "0", "level": "0", "man_made": "surveillance", "surveillance": "public", "surveillance:type": "camera", "surveillance:zone": "entrance", "osm_id": 12270790101, "osm_type": "node"}}, {"type": "Feature", "geometry": {"type": "Point", "coordinates": [10.0055336, 53.5532606]}, "properties": {"camera:mount": "ceiling", "camera:type": "dome", "check_date": "2024-10-03", "height": "3", "layer": "0", "level": "0", "man_made": "surveillance", "surveillance": "public", "surveillance:type": "camera", "surveillance:zone": "entrance", "osm_id": 12270790102, "osm_type": "node"}}, {"type": "Feature", "geometry": {"type": "Point", "coordinates": [10.005528, 53.5532705]}, "properties": {"camera:mount": "ceiling", "camera:type": "dome", "check_date": "2024-10-03", "height": "3", "layer": "0", "level": "0", "man_made": "surveillance", "surveillance": "public", "surveillance:type": "camera", "surveillance:zone": "entrance", "osm_id": 12270790103, "osm_type": "node"}}, {"type": "Feature", "geometry": {"type": "Point", "coordinates": [10.0055548, 53.5532235]}, "properties": {"camera:mount": "ceiling", "camera:type": "dome", "check_date": "2024-10-03", "height": "3", "layer": "0", "level": "0", "man_made": "surveillance", "surveillance": "public", "surveillance:type": "camera", "surveillance:zone": "entrance", "osm_id": 12270790104, "osm_type": "node"}}, {"type": "Feature", "geometry": {"type": "Point", "coordinates": [10.0054523, 53.5532217]}, "properties": {"entrance": "main", "osm_id": 12270790105, "osm_type": "node"}}, {"type": "Feature", "geometry": {"type": "Point", "coordinates": [10.0056025, 53.5533641]}, "properties": {"camera:direction": "162", "camera:mount": "wall", "camera:type": "dome", "check_date": "2024-11-09", "height": "3", "layer": "0", "level": "0", "man_made": "surveillance", "surveillance": "public", "surveillance:type": "camera", "surveillance:zone": "building", "osm_id": 12466863188, "osm_type": "node"}}, {"type": "Feature", "geometry": {"type": "Point", "coordinates": [10.0057109, 53.5531648]}, "properties": {"camera:direction": "342", "camera:mount": "wall", "camera:type": "dome", "check_date": "2024-11-09", "height": "3", "layer": "0", "level": "0", "man_made": "surveillance", "surveillance": "public", "surveillance:type": "camera", "surveillance:zone": "building", "osm_id": 12466863189, "osm_type": "node"}}, {"type": "Feature", "geometry": {"type": "Point", "coordinates": [10.0065705, 53.554991]}, "properties": {"level": "0", "name": "Reise Centrum Gruppe", "opening_hours": "Mo-Fr 10:00-18:00; Sa 10:00-14:00; PH off", "shop": "travel_agency", "website": "https://maxiflug.de", "osm_id": 12471152260, "osm_type": "node"}}, {"type": "Feature", "geometry": {"type": "Point", "coordinates": [10.0063689, 53.5542085]}, "properties": {"check_date": "2023-02-16", "emergency": "phone", "layer": "-3", "level": "-3", "location": "railway platform", "operator": "HVV", "osm_id": 12518889036, "osm_type": "node"}}, {"type": "Feature", "geometry": {"type": "Point", "coordinates": [10.0063507, 53.5541872]}, "properties": {"camera:angle": "50", "camera:direction": "30", "camera:mount": "ceiling", "camera:type": "fixed", "check_date": "2024-12-08", "height": "3", "layer": "-3", "level": "-3", "man_made": "surveillance", "note": "Position geschätzt", "surveillance": "public", "surveillance:type": "camera", "surveillance:zone": "public_transport_platform", "osm_id": 12518889037, "osm_type": "node"}}, {"type": "Feature", "geometry": {"type": "Point", "coordinates": [10.0073284, 53.553601]}, "properties": {"camera:mount": "ceiling", "camera:type": "dome", "check_date": "2024-12-15", "height": "3", "layer": "0", "level": "0", "man_made": "surveillance", "surveillance": "public", "surveillance:type": "camera", "surveillance:zone": "building", "osm_id": 12518896714, "osm_type": "node"}}, {"type": "Feature", "geometry": {"type": "Point", "coordinates": [10.0073237, 53.5536086]}, "properties": {"camera:mount": "ceiling", "camera:type": "dome", "check_date": "2024-12-15", "height": "3", "layer": "0", "level": "0", "man_made": "surveillance", "surveillance": "public", "surveillance:type": "camera", "surveillance:zone": "building", "osm_id": 12518896715, "osm_type": "node"}}, {"type": "Feature", "geometry": {"type": "Point", "coordinates": [10.0073026, 53.5536426]}, "properties": {"camera:mount": "ceiling", "camera:type": "dome", "check_date": "2024-12-15", "height": "3", "layer": "0", "level": "0", "man_made": "surveillance", "surveillance": "public", "surveillance:type": "camera", "surveillance:zone": "building", "osm_id": 12518896716, "osm_type": "node"}}, {"type": "Feature", "geometry": {"type": "Point", "coordinates": [10.0072979, 53.5536501]}, "properties": {"camera:mount": "ceiling", "camera:type": "dome", "check_date": "2024-12-15", "height": "3", "layer": "0", "level": "0", "man_made": "surveillance", "surveillance": "public", "surveillance:type": "camera", "surveillance:zone": "building", "osm_id": 12518896717, "osm_type": "node"}}, {"type": "Feature", "geometry": {"type": "Point", "coordinates": [10.0058086, 53.5530996]}, "properties": {"camera:mount": "wall", "camera:type": "dome", "check_date": "2025-01-25", "height": "3", "layer": "0", "level": "0", "man_made": "surveillance", "surveillance": "public", "surveillance:type": "camera", "surveillance:zone": "building", "osm_id": 12563553768, "osm_type": "node"}}, {"type": "Feature", "geometry": {"type": "Point", "coordinates": [10.0057692, 53.5530917]}, "properties": {"camera:mount": "wall", "camera:type": "dome", "check_date": "2025-01-25", "height": "3", "layer": "0", "level": "0", "man_made": "surveillance", "surveillance": "public", "surveillance:type": "camera", "surveillance:zone": "building", "osm_id": 12563553769, "osm_type": "node"}}, {"type": "Feature", "geometry": {"type": "Point", "coordinates": [10.0057298, 53.5530838]}, "properties": {"camera:mount": "wall", "camera:type": "dome", "check_date": "2025-01-25", "height": "3", "layer": "0", "level": "0", "man_made": "surveillance", "surveillance": "public", "surveillance:type": "camera", "surveillance:zone": "building", "osm_id": 12563553770, "osm_type": "node"}}, {"type": "Feature", "geometry": {"type": "Point", "coordinates": [10.0056904, 53.5530759]}, "properties": {"camera:mount": "wall", "camera:type": "dome", "check_date": "2025-01-25", "height": "3", "layer": "0", "level": "0", "man_made": "surveillance", "surveillance": "public", "surveillance:type": "camera", "surveillance:zone": "building", "osm_id": 12563553771, "osm_type": "node"}}, {"type": "Feature", "geometry": {"type": "Point", "coordinates": [10.0058385, 53.553105]}, "properties": {"door": "yes", "indoor": "door", "osm_id": 12563553772, "osm_type": "node"}}, {"type": "Feature", "geometry": {"type": "Point", "coordinates": [10.0057367, 53.5530549]}, "properties": {"camera:direction": "162", "camera:mount": "wall", "camera:type": "dome", "check_date": "2025-01-25", "height": "2.5", "layer": "0", "level": "0", "man_made": "surveillance", "surveillance": "public", "surveillance:type": "camera", "surveillance:zone": "building", "osm_id": 12563553773, "osm_type": "node"}}, {"type": "Feature", "geometry": {"type": "Point", "coordinates": [10.0073152, 53.5540322]}, "properties": {"camera:mount": "ceiling", "camera:type": "dome", "check_date": "2025-02-14", "height": "6", "layer": "0", "level": "0", "man_made": "surveillance", "surveillance": "public", "surveillance:type": "camera", "surveillance:zone": "building", "osm_id": 12616745627, "osm_type": "node"}}, {"type": "Feature", "geometry": {"type": "Point", "coordinates": [10.0027709, 53.5554634]}, "properties": {"entrance": "main", "osm_id": 13121678834, "osm_type": "node"}}, {"type": "Feature", "geometry": {"type": "Point", "coordinates": [10.0073102, 53.55382]}, "properties": {"amenity": "clock", "display": "analog", "faces": "1", "indoor": "yes", "lit": "yes", "support": "wall_mounted", "visibility": "area", "osm_id": 13145179233, "osm_type": "node"}}, {"type": "Feature", "geometry": {"type": "Point", "coordinates": [10.0054088, 53.5533869]}, "properties": {"amenity": "clock", "display": "analog", "faces": "1", "indoor": "no", "lit": "yes", "support": "wall_mounted", "visibility": "area", "osm_id": 13145179236, "osm_type": "node"}}, {"type": "Feature", "geometry": {"type": "Point", "coordinates": [10.0069897, 53.5535489]}, "properties": {"amenity": "clock", "check_date": "2023-10-19", "display": "analog", "faces": "2", "indoor": "no", "level": "0;1", "panoramax": "813cd1ab-a08d-4141-9f2a-637047ec211d", "support": "wall", "visibility": "area", "osm_id": 13146115692, "osm_type": "node"}}, {"type": "Feature", "geometry": {"type": "Point", "coordinates": [10.0070968, 53.5543884]}, "properties": {"camera:mount": "pole", "camera:type": "panning", "check_date": "2026-05-23", "height": "4", "layer": "0", "level": "0", "man_made": "surveillance", "surveillance": "public", "surveillance:type": "camera", "surveillance:zone": "traffic", "osm_id": 13428183065, "osm_type": "node"}}, {"type": "Feature", "geometry": {"type": "Point", "coordinates": [10.0070977, 53.5543866]}, "properties": {"camera:angle": "25", "camera:direction": "135", "camera:mount": "pole", "camera:type": "fixed", "check_date": "2026-05-23", "height": "3", "layer": "0", "level": "0", "man_made": "surveillance", "surveillance": "public", "surveillance:type": "camera", "surveillance:zone": "parking", "osm_id": 13867180660, "osm_type": "node"}}, {"type": "Feature", "geometry": {"type": "Point", "coordinates": [10.0076668, 53.5537959]}, "properties": {"check_date:wheelchair": "2023-04-11", "name": "Heidi-Kabel-Platz", "railway": "subway_entrance", "website": "https://geofox.hvv.de/jsf/showMobiInformation.seam?id=Master_10950", "wheelchair": "no", "wheelchair:description": "Nur Rolltreppen, Fahrstühle auf anderer Bahnhofsseite", "osm_id": 206128693, "osm_type": "node"}}, {"type": "Feature", "geometry": {"type": "Point", "coordinates": [10.0096207, 53.5550152]}, "properties": {"amenity": "fuel", "brand": "star", "brand:wikidata": "Q89432390", "car_wash": "yes", "compressed_air": "yes", "fuel:diesel": "yes", "fuel:octane_91": "yes", "fuel:octane_95": "yes", "fuel:octane_98": "yes", "level": "0", "name": "Star", "wheelchair": "no", "osm_id": 291504273, "osm_type": "node"}}, {"type": "Feature", "geometry": {"type": "Point", "coordinates": [10.0083986, 53.5543073]}, "properties": {"check_date:wheelchair": "2023-07-10", "entrance": "yes", "entrance_marker:subway": "yes", "level": "0", "name": "Schauspielhaus", "railway": "subway_entrance", "wheelchair": "no", "osm_id": 311930237, "osm_type": "node"}}, {"type": "Feature", "geometry": {"type": "Point", "coordinates": [10.0075876, 53.5534188]}, "properties": {"level": "-1", "note": "Zugfunktafel", "railway": "signal", "railway:signal:position": "right", "railway:signal:radio": "DE-ESO:zugfunk-kanalhinweis", "railway:signal:radio:form": "sign", "osm_id": 315230131, "osm_type": "node"}}, {"type": "Feature", "geometry": {"type": "Point", "coordinates": [10.0074667, 53.5535877]}, "properties": {"level": "-1", "railway": "switch", "railway:local_operated": "no", "railway:switch": "default", "railway:switch:electric": "yes", "railway:turnout_side": "left", "ref": "55", "osm_id": 315238374, "osm_type": "node"}}, {"type": "Feature", "geometry": {"type": "Point", "coordinates": [10.0107364, 53.5545694]}, "properties": {"addr:city": "Hamburg", "addr:housenumber": "28a", "addr:postcode": "20099", "addr:street": "Ellmenreichstraße", "entrance": "yes", "osm_id": 2192073812, "osm_type": "node"}}, {"type": "Feature", "geometry": {"type": "Point", "coordinates": [10.010793, 53.5545874]}, "properties": {"addr:city": "Hamburg", "addr:housenumber": "28", "addr:postcode": "20099", "addr:street": "Ellmenreichstraße", "entrance": "main", "osm_id": 2192073813, "osm_type": "node"}}, {"type": "Feature", "geometry": {"type": "Point", "coordinates": [10.0089311, 53.5529511]}, "properties": {"addr:city": "Hamburg", "addr:country": "DE", "addr:housenumber": "56", "addr:postcode": "20099", "addr:street": "Kirchenallee", "amenity": "fast_food", "check_date": "2026-03-17", "check_date:diet:vegetarian": "2025-07-08", "contact:phone": "+49 40 50018820", "contact:website": "https://bheroes.de/standort-hauptbahnhof/", "cuisine": "burger", "diet:vegetarian": "yes", "indoor_seating": "yes", "level": "0", "name": "Burger Heroes", "opening_hours": "Su-Th 12:00-02:00, Fr,Sa 12:00-05:00", "opening_hours:signed": "no", "outdoor_seating": "yes", "wheelchair": "yes", "osm_id": 2295492913, "osm_type": "node"}}, {"type": "Feature", "geometry": {"type": "Point", "coordinates": [10.0089235, 53.5531242]}, "properties": {"addr:postcode": "20099", "amenity": "restaurant", "check_date": "2026-05-05", "check_date:opening_hours": "2026-05-05", "cuisine": "german", "indoor_seating": "yes", "level": "0", "name": "Baumann's Bier-Bar", "opening_hours:signed": "no", "outdoor_seating": "yes", "wheelchair": "limited", "osm_id": 2302169864, "osm_type": "node"}}, {"type": "Feature", "geometry": {"type": "Point", "coordinates": [10.0094538, 53.555894]}, "properties": {"entrance": "main", "osm_id": 2574061489, "osm_type": "node"}}, {"type": "Feature", "geometry": {"type": "Point", "coordinates": [10.0074241, 53.5532577]}, "properties": {"level": "-1", "railway": "signal", "railway:signal:combined": "DE-ESO:sv", "railway:signal:combined:deactivated": "no", "railway:signal:combined:form": "light", "railway:signal:combined:function": "exit", "railway:signal:combined:height": "dwarf", "railway:signal:combined:states": "DE-ESO:hp0;DE-ESO:sv1;DE-ESO:sv2;DE-ESO:sv4;DE-ESO:sv6", "railway:signal:departure": "DE-ESO:zp", "railway:signal:departure:deactivated": "no", "railway:signal:departure:form": "light", "railway:signal:departure:states": "DE-ESO:zp10;DE-ESO:zp9", "railway:signal:direction": "backward", "railway:signal:distant:shortened": "no", "railway:signal:minor": "DE-ESO:sh", "railway:signal:minor:form": "light", "railway:signal:minor:height": "normal", "railway:signal:minor:states": "DE-ESO:hp0;DE-ESO:sh1", "railway:signal:position": "left", "ref": "3", "osm_id": 3128440995, "osm_type": "node"}}, {"type": "Feature", "geometry": {"type": "Point", "coordinates": [10.0077482, 53.5531507]}, "properties": {"level": "-1", "railway": "signal", "railway:signal:combined": "DE-ESO:sv", "railway:signal:combined:deactivated": "no", "railway:signal:combined:form": "light", "railway:signal:combined:function": "exit", "railway:signal:combined:height": "normal", "railway:signal:combined:states": "DE-ESO:hp0;DE-ESO:sv0;DE-ESO:sv4;DE-ESO:sv6", "railway:signal:departure": "DE-ESO:zp", "railway:signal:departure:form": "light", "railway:signal:departure:states": "DE-ESO:zp9;DE-ESO:zp10", "railway:signal:direction": "forward", "railway:signal:distant:shortened": "no", "railway:signal:minor": "DE-ESO:sh", "railway:signal:minor:form": "light", "railway:signal:minor:height": "normal", "railway:signal:minor:states": "DE-ESO:hp0;DE-ESO:sh1", "railway:signal:position": "right", "railway:signal:route": "DE-ESO:zs2", "railway:signal:route:form": "light", "railway:signal:route:states": "D;J", "ref": "2", "osm_id": 3128440996, "osm_type": "node"}}, {"type": "Feature", "geometry": {"type": "Point", "coordinates": [10.0079362, 53.5531844]}, "properties": {"level": "-1", "railway": "signal", "railway:signal:combined": "DE-ESO:sv", "railway:signal:combined:deactivated": "no", "railway:signal:combined:form": "light", "railway:signal:combined:function": "exit", "railway:signal:combined:height": "dwarf", "railway:signal:combined:states": "DE-ESO:hp0;DE-ESO:sv0;DE-ESO:sv1;DE-ESO:sv2", "railway:signal:departure": "DE-ESO:zp", "railway:signal:departure:form": "light", "railway:signal:departure:states": "DE-ESO:zp10;DE-ESO:zp9", "railway:signal:direction": "backward", "railway:signal:distant:shortened": "no", "railway:signal:minor": "DE-ESO:sh", "railway:signal:minor:form": "light", "railway:signal:minor:states": "DE-ESO:hp0;DE-ESO:sh1", "railway:signal:position": "right", "railway:signal:route": "DE-ESO:zs2", "railway:signal:route:form": "light", "railway:signal:route:states": "J;D", "ref": "1", "osm_id": 3128440997, "osm_type": "node"}}, {"type": "Feature", "geometry": {"type": "Point", "coordinates": [10.0075633, 53.5529942]}, "properties": {"level": "-1", "railway": "signal", "railway:signal:direction": "backward", "railway:signal:position": "left", "railway:signal:stop": "DE-ESO:ne5", "railway:signal:stop:caption": "Kurzzug", "railway:signal:stop:form": "sign", "railway:signal:stop:height": "dwarf", "osm_id": 3256725659, "osm_type": "node"}}, {"type": "Feature", "geometry": {"type": "Point", "coordinates": [10.0078839, 53.5528896]}, "properties": {"description": "Bahnsteigaufsicht", "level": "-1", "railway": "observation", "osm_id": 3260318487, "osm_type": "node"}}, {"type": "Feature", "geometry": {"type": "Point", "coordinates": [10.0078331, 53.5529896]}, "properties": {"level": "-1", "railway": "milestone", "railway:milestone:catenary_mast": "no", "railway:position": "0.1", "osm_id": 3260318492, "osm_type": "node"}}, {"type": "Feature", "geometry": {"type": "Point", "coordinates": [10.0080329, 53.5530052]}, "properties": {"level": "-1", "railway": "signal", "railway:signal:direction": "backward", "railway:signal:position": "left", "railway:signal:stop": "DE-ESO:ne5", "railway:signal:stop:caption": "AKN", "railway:signal:stop:form": "sign", "osm_id": 3260318493, "osm_type": "node"}}, {"type": "Feature", "geometry": {"type": "Point", "coordinates": [10.0077582, 53.5531354]}, "properties": {"level": "-1", "railway": "signal", "railway:signal:direction": "forward", "railway:signal:position": "left", "railway:signal:stop": "DE-ESO:ne5", "railway:signal:stop:form": "sign", "osm_id": 3260318495, "osm_type": "node"}}, {"type": "Feature", "geometry": {"type": "Point", "coordinates": [10.0079532, 53.5531562]}, "properties": {"level": "-1", "railway": "signal", "railway:signal:direction": "backward", "railway:signal:position": "left", "railway:signal:stop": "DE-ESO:ne5", "railway:signal:stop:form": "sign", "osm_id": 3260318498, "osm_type": "node"}}, {"type": "Feature", "geometry": {"type": "Point", "coordinates": [10.0078267, 53.5531688]}, "properties": {"level": "-1", "railway": "phone", "osm_id": 3260318499, "osm_type": "node"}}, {"type": "Feature", "geometry": {"type": "Point", "coordinates": [10.0078101, 53.553283]}, "properties": {"customers": "HVV", "description": "Straße/Bahnsteig , Gleis 1+2 (S-Bahn)", "highway": "elevator", "level": "-1;0", "manufacturer": "Brobeil Aufzüge GmbH & Co. KG", "name": "Aufzug zu Gleis 1/2 (S-Bahn)", "operator": "DB Station&Service AG", "ref:manufacturer_inventory": "046952", "ref:operator_inventory": "10028020", "source": "http://data.deutschebahn.com/dataset/aufzug/", "start_date": "2004", "wheelchair": "yes", "osm_id": 3260318503, "osm_type": "node"}}, {"type": "Feature", "geometry": {"type": "Point", "coordinates": [10.0073602, 53.5531349]}, "properties": {"door": "yes", "level": "0", "osm_id": 3504629464, "osm_type": "node"}}, {"type": "Feature", "geometry": {"type": "Point", "coordinates": [10.0075302, 53.5542176]}, "properties": {"amenity": "vending_machine", "check_date": "2024-09-06", "indoor": "yes", "level": "-1", "operator": "Hamburger Hochbahn AG", "ref": "93299", "vending": "public_transport_tickets", "osm_id": 3862782002, "osm_type": "node"}}, {"type": "Feature", "geometry": {"type": "Point", "coordinates": [10.0075275, 53.5542285]}, "properties": {"amenity": "vending_machine", "check_date": "2024-09-06", "indoor": "yes", "level": "-1", "operator": "Hamburger Hochbahn AG", "vending": "public_transport_tickets", "osm_id": 3862782003, "osm_type": "node"}}, {"type": "Feature", "geometry": {"type": "Point", "coordinates": [10.0075243, 53.5542413]}, "properties": {"amenity": "vending_machine", "check_date": "2024-09-06", "indoor": "yes", "level": "-1", "operator": "Hamburger Hochbahn AG", "vending": "public_transport_tickets", "osm_id": 3862782004, "osm_type": "node"}}, {"type": "Feature", "geometry": {"type": "Point", "coordinates": [10.0098005, 53.55442]}, "properties": {"entrance": "yes", "name": "Bühneneingang", "stage_door": "yes", "osm_id": 3894368568, "osm_type": "node"}}, {"type": "Feature", "geometry": {"type": "Point", "coordinates": [10.0073476, 53.5533811]}, "properties": {"level": "-1", "railway": "signal", "railway:signal:combined": "DE-ESO:sv", "railway:signal:combined:form": "light", "railway:signal:combined:function": "intermediate", "railway:signal:combined:height": "normal", "railway:signal:combined:states": "DE-ESO:hp0;DE-ESO:sv0;DE-ESO:sv1;DE-ESO:sv2", "railway:signal:direction": "forward", "railway:signal:distant:shortened": "no", "railway:signal:minor": "DE-ESO:sh", "railway:signal:minor:form": "light", "railway:signal:minor:height": "dwarf", "railway:signal:minor:states": "DE-ESO:hp0;DE-ESO:sh1", "railway:signal:position": "left", "ref": "43", "osm_id": 4259013626, "osm_type": "node"}}, {"type": "Feature", "geometry": {"type": "Point", "coordinates": [10.0078475, 53.5533279]}, "properties": {"level": "-1", "railway": "switch", "railway:local_operated": "no", "railway:switch": "default", "railway:switch:electric": "yes", "railway:switch:resetting": "no", "railway:turnout_side": "left", "ref": "54", "osm_id": 4377906685, "osm_type": "node"}}, {"type": "Feature", "geometry": {"type": "Point", "coordinates": [10.0076075, 53.5533243]}, "properties": {"entrance": "yes", "level": "0", "public_transport": "entrance", "ref": "D2", "osm_id": 4708715814, "osm_type": "node"}}, {"type": "Feature", "geometry": {"type": "Point", "coordinates": [10.0075637, 53.5543295]}, "properties": {"barrier": "bollard", "osm_id": 6055743614, "osm_type": "node"}}, {"type": "Feature", "geometry": {"type": "Point", "coordinates": [10.0074155, 53.5540543]}, "properties": {"barrier": "bollard", "osm_id": 6055743634, "osm_type": "node"}}, {"type": "Feature", "geometry": {"type": "Point", "coordinates": [10.0079993, 53.5537739]}, "properties": {"entrance": "main", "level": "0", "osm_id": 6058630135, "osm_type": "node"}}, {"type": "Feature", "geometry": {"type": "Point", "coordinates": [10.0075298, 53.5536747]}, "properties": {"entrance": "main", "level": "0", "public_transport": "entrance", "ref": "D1", "osm_id": 6872035830, "osm_type": "node"}}, {"type": "Feature", "geometry": {"type": "Point", "coordinates": [10.0073719, 53.5531125]}, "properties": {"door": "yes", "level": "-1", "osm_id": 6872035846, "osm_type": "node"}}, {"type": "Feature", "geometry": {"type": "Point", "coordinates": [10.0074092, 53.5532219]}, "properties": {"amenity": "waste_basket", "check_date": "2024-02-26", "level": "0", "osm_id": 6872081487, "osm_type": "node"}}, {"type": "Feature", "geometry": {"type": "Point", "coordinates": [10.0074042, 53.5536729]}, "properties": {"amenity": "waste_basket", "check_date": "2024-03-29", "level": "0", "osm_id": 6872081533, "osm_type": "node"}}, {"type": "Feature", "geometry": {"type": "Point", "coordinates": [10.0073725, 53.5536671]}, "properties": {"amenity": "photo_booth", "level": "0", "name": "Foto.Fix", "osm_id": 6872081589, "osm_type": "node"}}, {"type": "Feature", "geometry": {"type": "Point", "coordinates": [10.0073699, 53.5533461]}, "properties": {"amenity": "waste_basket", "check_date": "2024-02-26", "level": "0", "osm_id": 6872081628, "osm_type": "node"}}, {"type": "Feature", "geometry": {"type": "Point", "coordinates": [10.007439, 53.5535502]}, "properties": {"door": "yes", "indoor": "door", "level": "1", "osm_id": 6872267728, "osm_type": "node"}}, {"type": "Feature", "geometry": {"type": "Point", "coordinates": [10.0076834, 53.5541465]}, "properties": {"barrier": "bollard", "osm_id": 6923536024, "osm_type": "node"}}, {"type": "Feature", "geometry": {"type": "Point", "coordinates": [10.0076756, 53.5541583]}, "properties": {"barrier": "bollard", "osm_id": 6923536025, "osm_type": "node"}}, {"type": "Feature", "geometry": {"type": "Point", "coordinates": [10.0076659, 53.5541732]}, "properties": {"barrier": "bollard", "osm_id": 6923536026, "osm_type": "node"}}, {"type": "Feature", "geometry": {"type": "Point", "coordinates": [10.0076565, 53.5541876]}, "properties": {"barrier": "bollard", "osm_id": 6923536027, "osm_type": "node"}}, {"type": "Feature", "geometry": {"type": "Point", "coordinates": [10.0076287, 53.5542302]}, "properties": {"barrier": "bollard", "osm_id": 6923536028, "osm_type": "node"}}, {"type": "Feature", "geometry": {"type": "Point", "coordinates": [10.007619, 53.5542449]}, "properties": {"barrier": "bollard", "osm_id": 6923536029, "osm_type": "node"}}, {"type": "Feature", "geometry": {"type": "Point", "coordinates": [10.0076087, 53.5542607]}, "properties": {"barrier": "bollard", "osm_id": 6923536030, "osm_type": "node"}}, {"type": "Feature", "geometry": {"type": "Point", "coordinates": [10.007599, 53.5542755]}, "properties": {"barrier": "bollard", "osm_id": 6923536031, "osm_type": "node"}}, {"type": "Feature", "geometry": {"type": "Point", "coordinates": [10.0075578, 53.5543471]}, "properties": {"barrier": "bollard", "osm_id": 6923536032, "osm_type": "node"}}, {"type": "Feature", "geometry": {"type": "Point", "coordinates": [10.0075511, 53.5543607]}, "properties": {"barrier": "bollard", "osm_id": 6923536033, "osm_type": "node"}}, {"type": "Feature", "geometry": {"type": "Point", "coordinates": [10.0075591, 53.5541227]}, "properties": {"amenity": "waste_basket", "check_date": "2023-07-10", "layer": "-1", "level": "-1", "osm_id": 6923536041, "osm_type": "node"}}, {"type": "Feature", "geometry": {"type": "Point", "coordinates": [10.0079393, 53.5542344]}, "properties": {"amenity": "waste_basket", "check_date": "2023-07-10", "layer": "-1", "level": "-1", "osm_id": 6923536047, "osm_type": "node"}}, {"type": "Feature", "geometry": {"type": "Point", "coordinates": [10.0076588, 53.5540887]}, "properties": {"amenity": "waste_basket", "check_date": "2023-07-10", "layer": "-1", "level": "-1", "osm_id": 6923536048, "osm_type": "node"}}, {"type": "Feature", "geometry": {"type": "Point", "coordinates": [10.007562, 53.5540929]}, "properties": {"amenity": "vending_machine", "check_date": "2025-01-04", "layer": "-1", "level": "-1", "vending": "snacks", "osm_id": 6923536049, "osm_type": "node"}}, {"type": "Feature", "geometry": {"type": "Point", "coordinates": [10.0079151, 53.5542867]}, "properties": {"amenity": "vending_machine", "check_date": "2025-04-26", "layer": "-1", "level": "-1", "vending": "snacks", "osm_id": 6923536058, "osm_type": "node"}}, {"type": "Feature", "geometry": {"type": "Point", "coordinates": [10.0079131, 53.5542961]}, "properties": {"amenity": "vending_machine", "check_date": "2025-04-26", "layer": "-1", "level": "-1", "vending": "drinks", "osm_id": 6923536059, "osm_type": "node"}}, {"type": "Feature", "geometry": {"type": "Point", "coordinates": [10.0079086, 53.5543159]}, "properties": {"layer": "-1", "level": "-1", "removed:amenity": "photo_booth", "osm_id": 6923536060, "osm_type": "node"}}, {"type": "Feature", "geometry": {"type": "Point", "coordinates": [10.0078955, 53.5544236]}, "properties": {"amenity": "waste_basket", "check_date": "2023-07-10", "layer": "-1", "level": "-1", "osm_id": 6923536062, "osm_type": "node"}}, {"type": "Feature", "geometry": {"type": "Point", "coordinates": [10.007883, 53.5545607]}, "properties": {"check_date:wheelchair": "2025-12-08", "entrance": "yes", "entrance_marker:subway": "yes", "name": "Bieberhaus", "railway": "subway_entrance", "wheelchair": "no", "osm_id": 9163150266, "osm_type": "node"}}, {"type": "Feature", "geometry": {"type": "Point", "coordinates": [10.0073561, 53.5536036]}, "properties": {"door": "yes", "indoor": "door", "level": "0", "osm_id": 10630880492, "osm_type": "node"}}, {"type": "Feature", "geometry": {"type": "Point", "coordinates": [10.0077704, 53.5545991]}, "properties": {"addr:city": "Hamburg", "addr:housenumber": "2", "addr:postcode": "20099", "addr:street": "Heidi-Kabel-Platz", "email": "office@ubilabs.com", "level": "2", "name": "Ubilabs GmbH", "office": "company", "phone": "+49 40 60 94 661-0", "website": "https://ubilabs.com/en", "osm_id": 11576823673, "osm_type": "node"}}, {"type": "Feature", "geometry": {"type": "Point", "coordinates": [10.0074137, 53.5536162]}, "properties": {"door": "yes", "indoor": "door", "level": "0", "osm_id": 11834455099, "osm_type": "node"}}, {"type": "Feature", "geometry": {"type": "Point", "coordinates": [10.0079033, 53.554313]}, "properties": {"camera:angle": "10", "camera:direction": "265", "camera:mount": "ceiling", "camera:type": "fixed", "check_date": "2024-07-23", "height": "2.5", "layer": "-1", "level": "-1", "man_made": "surveillance", "surveillance": "public", "surveillance:type": "camera", "surveillance:zone": "building", "osm_id": 12128356124, "osm_type": "node"}}, {"type": "Feature", "geometry": {"type": "Point", "coordinates": [10.007701, 53.5541662]}, "properties": {"camera:angle": "25", "camera:direction": "265", "camera:mount": "ceiling", "camera:type": "fixed", "check_date": "2024-07-23", "height": "2.5", "layer": "-1", "level": "-1", "man_made": "surveillance", "surveillance": "public", "surveillance:type": "camera", "surveillance:zone": "building", "osm_id": 12128356125, "osm_type": "node"}}, {"type": "Feature", "geometry": {"type": "Point", "coordinates": [10.0078634, 53.5542343]}, "properties": {"camera:angle": "70", "camera:direction": "350", "camera:mount": "ceiling", "camera:type": "fixed", "check_date": "2024-07-23", "height": "2.5", "layer": "-1", "level": "-1", "man_made": "surveillance", "surveillance": "public", "surveillance:type": "camera", "surveillance:zone": "building", "osm_id": 12128356126, "osm_type": "node"}}, {"type": "Feature", "geometry": {"type": "Point", "coordinates": [10.0075228, 53.5542951]}, "properties": {"camera:angle": "45", "camera:direction": "270", "camera:mount": "ceiling", "camera:type": "fixed", "check_date": "2024-07-23", "height": "2.5", "layer": "-1", "level": "-1", "man_made": "surveillance", "surveillance": "public", "surveillance:type": "camera", "surveillance:zone": "building", "osm_id": 12128356127, "osm_type": "node"}}, {"type": "Feature", "geometry": {"type": "Point", "coordinates": [10.0075235, 53.5543115]}, "properties": {"camera:angle": "45", "camera:direction": "270", "camera:mount": "ceiling", "camera:type": "fixed", "check_date": "2024-07-23", "height": "2.5", "layer": "-1", "level": "-1", "man_made": "surveillance", "surveillance": "public", "surveillance:type": "camera", "surveillance:zone": "building", "osm_id": 12128356128, "osm_type": "node"}}, {"type": "Feature", "geometry": {"type": "Point", "coordinates": [10.0075458, 53.5543156]}, "properties": {"camera:angle": "0", "camera:direction": "170", "camera:mount": "ceiling", "camera:type": "fixed", "check_date": "2024-07-23", "height": "2.5", "layer": "-1", "level": "-1", "man_made": "surveillance", "surveillance": "public", "surveillance:type": "camera", "surveillance:zone": "building", "osm_id": 12128356129, "osm_type": "node"}}, {"type": "Feature", "geometry": {"type": "Point", "coordinates": [10.007557, 53.5541419]}, "properties": {"camera:angle": "45", "camera:direction": "260", "camera:mount": "ceiling", "camera:type": "fixed", "check_date": "2024-07-23", "height": "2.5", "layer": "-1", "level": "-1", "man_made": "surveillance", "surveillance": "public", "surveillance:type": "camera", "surveillance:zone": "building", "osm_id": 12128356130, "osm_type": "node"}}, {"type": "Feature", "geometry": {"type": "Point", "coordinates": [10.0075537, 53.554158]}, "properties": {"camera:angle": "45", "camera:direction": "260", "camera:mount": "ceiling", "camera:type": "fixed", "check_date": "2024-07-23", "height": "2.5", "layer": "-1", "level": "-1", "man_made": "surveillance", "surveillance": "public", "surveillance:type": "camera", "surveillance:zone": "building", "osm_id": 12128356131, "osm_type": "node"}}, {"type": "Feature", "geometry": {"type": "Point", "coordinates": [10.0075424, 53.5536485]}, "properties": {"camera:mount": "ceiling", "camera:type": "dome", "check_date": "2024-10-03", "height": "3", "layer": "0", "level": "0", "man_made": "surveillance", "surveillance": "public", "surveillance:type": "camera", "surveillance:zone": "entrance", "osm_id": 12270790106, "osm_type": "node"}}, {"type": "Feature", "geometry": {"type": "Point", "coordinates": [10.0075357, 53.5536598]}, "properties": {"camera:mount": "ceiling", "camera:type": "dome", "check_date": "2024-10-03", "height": "3", "layer": "0", "level": "0", "man_made": "surveillance", "surveillance": "public", "surveillance:type": "camera", "surveillance:zone": "entrance", "osm_id": 12270790107, "osm_type": "node"}}, {"type": "Feature", "geometry": {"type": "Point", "coordinates": [10.007529, 53.553671]}, "properties": {"camera:mount": "ceiling", "camera:type": "dome", "check_date": "2024-10-03", "height": "3", "layer": "0", "level": "0", "man_made": "surveillance", "surveillance": "public", "surveillance:type": "camera", "surveillance:zone": "entrance", "osm_id": 12270790108, "osm_type": "node"}}, {"type": "Feature", "geometry": {"type": "Point", "coordinates": [10.0075223, 53.5536823]}, "properties": {"camera:mount": "ceiling", "camera:type": "dome", "check_date": "2024-10-03", "height": "3", "layer": "0", "level": "0", "man_made": "surveillance", "surveillance": "public", "surveillance:type": "camera", "surveillance:zone": "entrance", "osm_id": 12270790109, "osm_type": "node"}}, {"type": "Feature", "geometry": {"type": "Point", "coordinates": [10.0075219, 53.5556187]}, "properties": {"entrance": "yes", "osm_id": 12409265639, "osm_type": "node"}}, {"type": "Feature", "geometry": {"type": "Point", "coordinates": [10.0082395, 53.5534267]}, "properties": {"camera:mount": "pole", "camera:type": "panning", "check_date": "2025-02-14", "height": "5", "layer": "0", "level": "0", "man_made": "surveillance", "surveillance": "public", "surveillance:type": "camera", "surveillance:zone": "traffic", "osm_id": 12616745620, "osm_type": "node"}}, {"type": "Feature", "geometry": {"type": "Point", "coordinates": [10.0081586, 53.5537668]}, "properties": {"camera:angle": "15", "camera:direction": "250", "camera:mount": "pole", "camera:type": "fixed", "check_date": "2025-02-14", "height": "4", "layer": "0", "level": "0", "man_made": "surveillance", "surveillance": "public", "surveillance:type": "camera", "surveillance:zone": "building", "osm_id": 12616745621, "osm_type": "node"}}, {"type": "Feature", "geometry": {"type": "Point", "coordinates": [10.0081607, 53.5537671]}, "properties": {"camera:mount": "pole", "camera:type": "panning", "check_date": "2025-02-14", "height": "5", "layer": "0", "level": "0", "man_made": "surveillance", "surveillance": "public", "surveillance:type": "camera", "surveillance:zone": "traffic", "osm_id": 12616745622, "osm_type": "node"}}, {"type": "Feature", "geometry": {"type": "Point", "coordinates": [10.0076387, 53.5539792]}, "properties": {"camera:angle": "15", "camera:direction": "290", "camera:mount": "pole", "camera:type": "fixed", "check_date": "2025-02-14", "height": "3.5", "layer": "0", "level": "0", "man_made": "surveillance", "surveillance": "public", "surveillance:type": "camera", "surveillance:zone": "traffic", "osm_id": 12616745623, "osm_type": "node"}}, {"type": "Feature", "geometry": {"type": "Point", "coordinates": [10.0076401, 53.5539796]}, "properties": {"camera:angle": "15", "camera:direction": "20", "camera:mount": "pole", "camera:type": "fixed", "check_date": "2025-02-14", "height": "3.5", "layer": "0", "level": "0", "man_made": "surveillance", "surveillance": "public", "surveillance:type": "camera", "surveillance:zone": "traffic", "osm_id": 12616745624, "osm_type": "node"}}, {"type": "Feature", "geometry": {"type": "Point", "coordinates": [10.0076408, 53.5539786]}, "properties": {"camera:angle": "15", "camera:direction": "110", "camera:mount": "pole", "camera:type": "fixed", "check_date": "2025-02-14", "height": "3.5", "layer": "0", "level": "0", "man_made": "surveillance", "surveillance": "public", "surveillance:type": "camera", "surveillance:zone": "traffic", "osm_id": 12616745625, "osm_type": "node"}}, {"type": "Feature", "geometry": {"type": "Point", "coordinates": [10.0076393, 53.5539783]}, "properties": {"camera:angle": "15", "camera:direction": "200", "camera:mount": "pole", "camera:type": "fixed", "check_date": "2025-02-14", "height": "3.5", "layer": "0", "level": "0", "man_made": "surveillance", "surveillance": "public", "surveillance:type": "camera", "surveillance:zone": "traffic", "osm_id": 12616745626, "osm_type": "node"}}, {"type": "Feature", "geometry": {"type": "Point", "coordinates": [10.0076083, 53.553313]}, "properties": {"camera:mount": "ceiling", "camera:type": "dome", "check_date": "2025-03-01", "height": "3", "layer": "0", "level": "0", "man_made": "surveillance", "surveillance": "public", "surveillance:type": "camera", "surveillance:zone": "entrance", "osm_id": 12629002294, "osm_type": "node"}}, {"type": "Feature", "geometry": {"type": "Point", "coordinates": [10.0075981, 53.5533331]}, "properties": {"camera:mount": "ceiling", "camera:type": "dome", "check_date": "2025-03-01", "height": "3", "layer": "0", "level": "0", "man_made": "surveillance", "surveillance": "public", "surveillance:type": "camera", "surveillance:zone": "entrance", "osm_id": 12629002295, "osm_type": "node"}}, {"type": "Feature", "geometry": {"type": "Point", "coordinates": [10.0073493, 53.5537544]}, "properties": {"amenity": "clock", "display": "analog", "faces": "1", "indoor": "yes", "lit": "yes", "support": "wall_mounted", "visibility": "area", "osm_id": 13145179232, "osm_type": "node"}}, {"type": "Feature", "geometry": {"type": "Point", "coordinates": [10.007924, 53.5544724]}, "properties": {"camera:mount": "pole", "camera:type": "panning", "check_date": "2026-05-23", "height": "4", "layer": "0", "level": "0", "man_made": "surveillance", "surveillance": "public", "surveillance:type": "camera", "surveillance:zone": "traffic", "osm_id": 13868644756, "osm_type": "node"}}, {"type": "Feature", "geometry": {"type": "Point", "coordinates": [10.0082548, 53.5529897]}, "properties": {"access": "private", "entrance": "secondary", "level": "1", "wheelchair": "no", "osm_id": 13927361828, "osm_type": "node"}}, {"type": "Feature", "geometry": {"type": "Point", "coordinates": [10.0083548, 53.5527592]}, "properties": {"entrance": "secondary", "osm_id": 13927361836, "osm_type": "node"}}, {"type": "Feature", "geometry": {"type": "Point", "coordinates": [10.0082203, 53.5528352]}, "properties": {"entrance": "main", "osm_id": 13927361839, "osm_type": "node"}}, {"type": "Feature", "geometry": {"type": "Point", "coordinates": [10.0074164, 53.5534056]}, "properties": {"access": "yes", "check_date": "2026-06-14", "defibrillator:location": "Eingangsbereich DB Lounge, am oberen Ende der Treppe gleich links, nahe dem Tresen", "emergency": "defibrillator", "indoor": "yes", "layer": "1", "level": "0", "opening_hours": "Mo-Fr 06:00-22:00; Sa,Su,PH 07:30-20:30", "operator": "Deutsche Bahn", "source": "estimate; extrapolate; survey", "osm_id": 13948102741, "osm_type": "node"}}, {"type": "Feature", "geometry": {"type": "Point", "coordinates": [10.0215241, 53.5531002]}, "properties": {"railway": "switch", "railway:local_operated": "no", "railway:switch": "default", "railway:switch:electric": "yes", "railway:switch:resetting": "no", "ref": "22", "osm_id": 540999074, "osm_type": "node"}}, {"type": "Feature", "geometry": {"type": "Point", "coordinates": [10.0208441, 53.5529562]}, "properties": {"railway": "switch", "osm_id": 2964255597, "osm_type": "node"}}, {"type": "Feature", "geometry": {"type": "LineString", "coordinates": [[10.0031511, 53.5514655], [10.0028792, 53.5514296], [10.0019006, 53.5512869], [10.0014922, 53.5512276], [10.0007211, 53.5510777]]}, "properties": {"electrified": "rail", "electrified:rail": "bottom", "frequency": "0", "gauge": "1435", "layer": "-2", "level": "-1", "network": "HVV", "operator": "Hamburger Hochbahn AG", "railway": "subway", "railway:traffic_mode": "passenger", "tunnel": "yes", "voltage": "750", "osm_id": 460736568, "osm_type": "way"}}, {"type": "Feature", "geometry": {"type": "LineString", "coordinates": [[10.0007287, 53.5510614], [10.0015017, 53.5512012], [10.001913, 53.5512618], [10.0028877, 53.5514019], [10.0031587, 53.5514375]]}, "properties": {"electrified": "rail", "electrified:rail": "bottom", "frequency": "0", "gauge": "1435", "layer": "-2", "level": "-1", "network": "HVV", "operator": "Hamburger Hochbahn AG", "railway": "subway", "railway:traffic_mode": "passenger", "tunnel": "yes", "voltage": "750", "osm_id": 460736569, "osm_type": "way"}}, {"type": "Feature", "geometry": {"type": "LineString", "coordinates": [[10.0072392, 53.5492934], [10.007157, 53.5496412], [10.0071264, 53.5497741], [10.0071245, 53.5497845], [10.0071126, 53.5498487], [10.0071094, 53.549866], [10.0071073, 53.5498776], [10.0070698, 53.550081], [10.0070191, 53.5504216], [10.0070019, 53.5505376], [10.0069983, 53.5505788], [10.0069783, 53.5507024], [10.0069679, 53.5507668], [10.0069521, 53.5508644], [10.0068733, 53.5513521], [10.006801, 53.551626], [10.0067856, 53.5516843], [10.0067756, 53.551709], [10.00677, 53.5517227], [10.0067616, 53.5517434], [10.0067252, 53.551833]]}, "properties": {"electrified": "contact_line", "frequency": "16.7", "gauge": "1435", "layer": "-1", "level": "-1", "operator": "DB Netz AG", "railway": "rail", "railway:pzb": "yes", "railway:track_ref": "12", "ref": "1250", "usage": "main", "voltage": "15000", "osm_id": 27632886, "osm_type": "way"}}, {"type": "Feature", "geometry": {"type": "LineString", "coordinates": [[10.0072784, 53.5502949], [10.0072673, 53.550441], [10.0072624, 53.5505061], [10.0072561, 53.5505786], [10.0072492, 53.550658], [10.007214, 53.5510637], [10.0071789, 53.5512903], [10.0071415, 53.5515322], [10.0070949, 53.5517802], [10.0070858, 53.5518287]]}, "properties": {"electrified": "contact_line", "frequency": "16.7", "gauge": "1435", "layer": "-1", "level": "-1", "maxspeed": "40", "operator": "DB Netz AG", "railway": "rail", "railway:pzb": "yes", "railway:track_ref": "10", "ref": "1245", "service": "yard", "voltage": "15000", "workrules": "DE:EBO", "osm_id": 28679352, "osm_type": "way"}}, {"type": "Feature", "geometry": {"type": "LineString", "coordinates": [[10.00714, 53.5508704], [10.0071561, 53.550728], [10.0071577, 53.5507125], [10.0071797, 53.5504882], [10.0071806, 53.5504744], [10.0071809, 53.5504597], [10.0071839, 53.5503273], [10.007194, 53.5501289], [10.0071948, 53.5501179], [10.0072098, 53.549923], [10.0072269, 53.5497741], [10.007234, 53.5497198]]}, "properties": {"electrified": "contact_line", "frequency": "16.7", "gauge": "1435", "layer": "-1", "level": "-1", "operator": "DB Netz AG", "railway": "rail", "railway:pzb": "yes", "railway:track_ref": "11", "ref": "1250", "usage": "main", "voltage": "15000", "workrules": "DE:EBO", "osm_id": 28679367, "osm_type": "way"}}, {"type": "Feature", "geometry": {"type": "LineString", "coordinates": [[10.0053707, 53.5518198], [10.005312, 53.5517856], [10.0053472, 53.5516818]]}, "properties": {"highway": "footway", "indoor": "yes", "layer": "-1", "level": "-1", "lit": "yes", "surface": "paving_stones", "osm_id": 28680051, "osm_type": "way"}}, {"type": "Feature", "geometry": {"type": "LineString", "coordinates": [[10.0052802, 53.551645], [10.0051162, 53.551624]]}, "properties": {"conveying": "reversible", "description": "Mö-Passage / Mönckebergstr. (Südseite)", "handrail": "yes", "highway": "steps", "incline": "up", "level": "-1;0", "lit": "yes", "ref": "65605782 200", "step_count": "23", "surface": "metal", "time": "18 sec", "width": "100 cm", "osm_id": 28686946, "osm_type": "way"}}, {"type": "Feature", "geometry": {"type": "LineString", "coordinates": [[10.0063626, 53.552261], [10.0063992, 53.5521656]]}, "properties": {"handrail": "yes", "highway": "steps", "incline": "up", "indoor": "yes", "level": "-1;0", "lit": "24/7", "platform_lift": "no", "step_count": "32", "surface": "concrete", "tactile_paving": "yes", "tactile_writing": "yes", "osm_id": 28686956, "osm_type": "way"}}, {"type": "Feature", "geometry": {"type": "LineString", "coordinates": [[10.006126, 53.5520832], [10.0061112, 53.5521269]]}, "properties": {"description": "Südsteg", "highway": "footway", "indoor": "yes", "layer": "-1", "level": "-1", "lit": "yes", "noname": "yes", "surface": "paving_stones", "tunnel": "yes", "osm_id": 28706933, "osm_type": "way"}}, {"type": "Feature", "geometry": {"type": "LineString", "coordinates": [[10.0031587, 53.5514375], [10.0047406, 53.5516442], [10.0055667, 53.5517473]]}, "properties": {"electrified": "rail", "electrified:rail": "bottom", "frequency": "0", "gauge": "1435", "layer": "-3", "level": "-2", "network": "HVV", "operator": "Hamburger Hochbahn AG", "railway": "subway", "railway:traffic_mode": "passenger", "tunnel": "yes", "voltage": "750", "osm_id": 29422645, "osm_type": "way"}}, {"type": "Feature", "geometry": {"type": "Polygon", "coordinates": [[[10.001525, 53.5511686], [10.0015178, 53.5511859], [10.0027965, 53.5513729], [10.0028001, 53.5513642], [10.0028392, 53.5513699], [10.0028471, 53.5513507], [10.0028582, 53.5513238], [10.0027332, 53.5513056], [10.0027295, 53.5513146], [10.0027242, 53.5513273], [10.0025063, 53.5512952], [10.0024888, 53.5512978], [10.0024755, 53.5512907], [10.0015628, 53.5511574], [10.0015315, 53.5511528], [10.001525, 53.5511686]]]}, "properties": {"bench": "yes", "bin": "yes", "description": "Richtung Hauprbahnhof Süd - Wandsbek-Gartenstadt", "layer": "-1", "level": "-1", "lit": "yes", "name": "Mönckebergstraße", "public_transport": "platform", "railway": "platform", "ref": "1", "ref:IFOPT": "de:02000:11904:1:119008", "subway": "yes", "tactile_paving": "yes", "tunnel": "yes", "osm_id": 43028023, "osm_type": "way"}}, {"type": "Feature", "geometry": {"type": "Polygon", "coordinates": [[[10.0014885, 53.5512572], [10.0014846, 53.5512667], [10.0015071, 53.55127], [10.0026806, 53.5514425], [10.0026776, 53.5514498], [10.0026744, 53.5514574], [10.0027952, 53.5514752], [10.0028059, 53.5514495], [10.0028123, 53.5514341], [10.0014955, 53.5512405], [10.0014885, 53.5512572]]]}, "properties": {"bench": "yes", "bin": "yes", "description": "Richtung Schlump - Barmbek", "layer": "-1", "level": "-1", "lit": "yes", "name": "Mönckebergstraße", "public_transport": "platform", "railway": "platform", "ref": "2", "ref:IFOPT": "de:02000:11904:2:119009", "subway": "yes", "tactile_paving": "yes", "tunnel": "yes", "osm_id": 43333802, "osm_type": "way"}}, {"type": "Feature", "geometry": {"type": "LineString", "coordinates": [[10.0072975, 53.551423], [10.0072113, 53.5517252], [10.0072057, 53.5517433], [10.0071696, 53.5518524]]}, "properties": {"electrified": "contact_line", "frequency": "16.7", "gauge": "1435", "layer": "-1", "level": "-1", "operator": "DB Netz AG", "railway": "rail", "railway:pzb": "yes", "ref": "1245", "service": "yard", "voltage": "15000", "workrules": "DE:EBO", "osm_id": 59268022, "osm_type": "way"}}, {"type": "Feature", "geometry": {"type": "LineString", "coordinates": [[10.0059935, 53.5511116], [10.0060726, 53.5508952], [10.0061291, 53.5506831], [10.0061661, 53.5505392], [10.0061973, 53.5503808], [10.0062176, 53.5502427], [10.0062267, 53.5500378], [10.0062155, 53.5498696]]}, "properties": {"bicycle": "no", "cycleway:both": "no", "foot": "no", "hazmat:E": "no", "highway": "primary", "lanes": "2", "layer": "-1", "level": "-1", "lit": "24/7", "maxheight": "4", "maxspeed": "50", "name": "Wallringtunnel", "oneway": "yes", "ref": "Ring 1", "sidewalk": "no", "smoothness": "good", "surface": "asphalt", "traffic_sign": "DE:261;DE:1014-53", "tunnel": "yes", "osm_id": 61684078, "osm_type": "way"}}, {"type": "Feature", "geometry": {"type": "LineString", "coordinates": [[10.0072975, 53.551423], [10.007266, 53.5516715], [10.0072609, 53.5517257], [10.0072477, 53.5518139], [10.0072351, 53.5518692]]}, "properties": {"electrified": "contact_line", "frequency": "16.7", "gauge": "1435", "layer": "-1", "level": "-1", "operator": "DB Netz AG", "railway": "rail", "railway:pzb": "yes", "service": "siding", "voltage": "15000", "workrules": "DE:EBO", "osm_id": 62182020, "osm_type": "way"}}, {"type": "Feature", "geometry": {"type": "LineString", "coordinates": [[10.0073414, 53.5511865], [10.0072975, 53.551423]]}, "properties": {"electrified": "contact_line", "frequency": "16.7", "gauge": "1435", "layer": "-1", "level": "-1", "operator": "DB Netz AG", "railway": "rail", "railway:pzb": "yes", "ref": "1245", "service": "yard", "voltage": "15000", "workrules": "DE:EBO", "osm_id": 62182022, "osm_type": "way"}}, {"type": "Feature", "geometry": {"type": "LineString", "coordinates": [[10.0051952, 53.5517696], [10.0050707, 53.5517532]]}, "properties": {"handrail": "yes", "highway": "steps", "incline": "up", "level": "-1;0", "lit": "yes", "ramp": "no", "step_count": "20", "surface": "paving_stones", "tactile_paving": "no", "osm_id": 141919410, "osm_type": "way"}}, {"type": "Feature", "geometry": {"type": "LineString", "coordinates": [[10.0050462, 53.5521291], [10.0050502, 53.5521213], [10.0052411, 53.5520546], [10.0052782, 53.5519585], [10.0052963, 53.5519449], [10.0053055, 53.5519233]]}, "properties": {"highway": "footway", "indoor": "yes", "layer": "-1", "level": "-2", "surface": "paving_stones", "osm_id": 309643392, "osm_type": "way"}}, {"type": "Feature", "geometry": {"type": "LineString", "coordinates": [[10.0063883, 53.5519713], [10.0064367, 53.5519774], [10.0064648, 53.5519809], [10.0065243, 53.5519884]]}, "properties": {"highway": "footway", "indoor": "yes", "level": "-1", "lit": "24/7", "surface": "paving_stones", "osm_id": 343003105, "osm_type": "way"}}, {"type": "Feature", "geometry": {"type": "LineString", "coordinates": [[10.0071627, 53.5520685], [10.0072228, 53.552076], [10.0072518, 53.5520797], [10.0073291, 53.5520894]]}, "properties": {"highway": "footway", "indoor": "yes", "level": "-1", "lit": "24/7", "surface": "paving_stones", "osm_id": 343003106, "osm_type": "way"}}, {"type": "Feature", "geometry": {"type": "LineString", "coordinates": [[10.0065672, 53.5522869], [10.0066317, 53.5522951], [10.006667, 53.5522995], [10.0067161, 53.5523058]]}, "properties": {"highway": "footway", "indoor": "yes", "level": "-1", "lit": "24/7", "surface": "paving_stones", "osm_id": 343003108, "osm_type": "way"}}, {"type": "Feature", "geometry": {"type": "LineString", "coordinates": [[10.0066789, 53.5520078], [10.0067341, 53.5520147], [10.0067697, 53.5520192], [10.0068428, 53.5520283]]}, "properties": {"highway": "footway", "indoor": "yes", "level": "-1", "surface": "paving_stones", "osm_id": 343003110, "osm_type": "way"}}, {"type": "Feature", "geometry": {"type": "LineString", "coordinates": [[10.0070442, 53.5523473], [10.0071, 53.5523544], [10.0071431, 53.5523599], [10.0071998, 53.552367]]}, "properties": {"highway": "footway", "indoor": "yes", "level": "-1", "lit": "24/7", "surface": "paving_stones", "osm_id": 343003111, "osm_type": "way"}}, {"type": "Feature", "geometry": {"type": "LineString", "coordinates": [[10.0062735, 53.5522497], [10.0063327, 53.5522574], [10.0063626, 53.552261], [10.0064019, 53.552266]]}, "properties": {"highway": "footway", "indoor": "yes", "level": "-1", "lit": "24/7", "surface": "paving_stones", "osm_id": 343003114, "osm_type": "way"}}, {"type": "Feature", "geometry": {"type": "LineString", "coordinates": [[10.0071431, 53.5523599], [10.0071833, 53.5522606]]}, "properties": {"highway": "steps", "incline": "up", "indoor": "yes", "level": "-1;0", "lit": "24/7", "surface": "concrete", "tactile_paving": "yes", "osm_id": 343003121, "osm_type": "way"}}, {"type": "Feature", "geometry": {"type": "LineString", "coordinates": [[10.0072049, 53.5521563], [10.0071968, 53.5521472]]}, "properties": {"highway": "footway", "indoor": "yes", "level": "0", "surface": "asphalt", "osm_id": 343003122, "osm_type": "way"}}, {"type": "Feature", "geometry": {"type": "LineString", "coordinates": [[10.0066914, 53.5521887], [10.006706, 53.5522028]]}, "properties": {"highway": "footway", "indoor": "yes", "level": "0", "surface": "asphalt", "osm_id": 343003126, "osm_type": "way"}}, {"type": "Feature", "geometry": {"type": "LineString", "coordinates": [[10.0064257, 53.5520542], [10.0064148, 53.5520465]]}, "properties": {"highway": "footway", "indoor": "yes", "level": "0", "lit": "24/7", "surface": "asphalt", "osm_id": 343003128, "osm_type": "way"}}, {"type": "Feature", "geometry": {"type": "LineString", "coordinates": [[10.0071693, 53.5522456], [10.0071833, 53.5522606]]}, "properties": {"highway": "footway", "indoor": "yes", "level": "0", "surface": "asphalt", "osm_id": 343003132, "osm_type": "way"}}, {"type": "Feature", "geometry": {"type": "LineString", "coordinates": [[10.0072228, 53.552076], [10.0071968, 53.5521472]]}, "properties": {"conveying": "backward", "description": "Südsteg / Bahnsteig 4 (Gleis 7+8)(Regional-/Fernbahn) Süd", "highway": "steps", "incline": "up", "indoor": "yes", "level": "0;-1", "operator": "DB Station&Service AG", "ref": "HF 008", "step_count": "32", "surface": "metal", "time": "25 sec", "width": "100 cm", "osm_id": 343003135, "osm_type": "way"}}, {"type": "Feature", "geometry": {"type": "LineString", "coordinates": [[10.0063894, 53.5521556], [10.0063992, 53.5521656]]}, "properties": {"highway": "footway", "indoor": "yes", "level": "0", "lit": "24/7", "surface": "asphalt", "osm_id": 343003136, "osm_type": "way"}}, {"type": "Feature", "geometry": {"type": "LineString", "coordinates": [[10.0066317, 53.5522951], [10.0066707, 53.5521985]]}, "properties": {"conveying": "backward", "description": "Südsteg Nord / Bahnsteig 5 (Gleis 11+12)(Regional-/Fernbahn) Halle", "highway": "steps", "incline": "up", "indoor": "yes", "level": "0;-1", "lit": "24/7", "operator": "DB Station&Service AG", "ref": "HF 011", "step_count": "34", "surface": "metal", "time": "27 sec", "width": "100 cm", "osm_id": 343003138, "osm_type": "way"}}, {"type": "Feature", "geometry": {"type": "LineString", "coordinates": [[10.0067341, 53.5520147], [10.0067103, 53.5520857]]}, "properties": {"highway": "steps", "incline": "up", "indoor": "yes", "level": "-1;0", "surface": "concrete", "tactile_paving": "yes", "osm_id": 343003139, "osm_type": "way"}}, {"type": "Feature", "geometry": {"type": "LineString", "coordinates": [[10.0072518, 53.5520797], [10.007223, 53.5521505]]}, "properties": {"highway": "steps", "incline": "up", "indoor": "yes", "level": "-1;0", "surface": "concrete", "tactile_paving": "yes", "osm_id": 343003140, "osm_type": "way"}}, {"type": "Feature", "geometry": {"type": "LineString", "coordinates": [[10.0071, 53.5523544], [10.0071454, 53.552256]]}, "properties": {"conveying": "forward", "description": "Bahnsteig 4 (Gleis 7+8)(Regional-/Fernbahn) Halle / Südsteg", "highway": "steps", "incline": "up", "indoor": "yes", "level": "-1;0", "lit": "24/7", "ref": "HF 009", "surface": "metal", "osm_id": 343003142, "osm_type": "way"}}, {"type": "Feature", "geometry": {"type": "LineString", "coordinates": [[10.0064367, 53.5519774], [10.0064148, 53.5520465]]}, "properties": {"handrail": "yes", "highway": "steps", "incline": "up", "indoor": "yes", "level": "-1;0", "lit": "24/7", "platform_lift": "no", "step_count": "32", "surface": "concrete", "tactile_paving": "yes", "tactile_writing": "yes", "osm_id": 343003144, "osm_type": "way"}}, {"type": "Feature", "geometry": {"type": "LineString", "coordinates": [[10.0067233, 53.5520978], [10.0067103, 53.5520857]]}, "properties": {"highway": "footway", "indoor": "yes", "level": "0", "surface": "asphalt", "osm_id": 343003145, "osm_type": "way"}}, {"type": "Feature", "geometry": {"type": "LineString", "coordinates": [[10.0064648, 53.5519809], [10.0064411, 53.5520497]]}, "properties": {"conveying": "backward", "description": "Südsteg Süd / Bahnsteig 6 (Gleis 13+14)(Regional-/Fernbahn) Süd", "duration": "00:00:24", "highway": "steps", "incline": "up", "indoor": "yes", "level": "0;-1", "lit": "24/7", "operator": "DB Station&Service AG", "ref": "HF 012", "step_count": "32", "surface": "metal", "time": "24 sec", "width": "100 cm", "osm_id": 343003147, "osm_type": "way"}}, {"type": "Feature", "geometry": {"type": "LineString", "coordinates": [[10.0067697, 53.5520192], [10.0067441, 53.5520898]]}, "properties": {"conveying": "forward", "description": "Bahnsteig 5 (Gleis 11+12)(Regional-/Fernbahn) Süd / Südsteg Süd", "highway": "steps", "incline": "up", "indoor": "yes", "level": "-1;0", "operator": "DB Station&Service AG", "ref": "HF 010", "step_count": "31", "surface": "metal", "time": "25 sec", "width": "100 cm", "osm_id": 343003148, "osm_type": "way"}}, {"type": "Feature", "geometry": {"type": "LineString", "coordinates": [[10.0063327, 53.5522574], [10.0063716, 53.5521623]]}, "properties": {"conveying": "forward", "description": "Bahnsteig 6 (Gleis 13+14)(Regional-/Fernbahn) Halle / Südsteg Nord", "duration": "00:00:24", "highway": "steps", "incline": "up", "indoor": "yes", "level": "-1;0", "lit": "24/7", "operator": "DB Station&Service AG", "ref": "HF 013", "step_count": "34", "surface": "metal", "time": "27 sec", "width": "100 cm", "osm_id": 343003150, "osm_type": "way"}}, {"type": "Feature", "geometry": {"type": "LineString", "coordinates": [[10.006667, 53.5522995], [10.006706, 53.5522028]]}, "properties": {"highway": "steps", "incline": "up", "indoor": "yes", "level": "-1;0", "lit": "24/7", "surface": "concrete", "tactile_paving": "yes", "osm_id": 343003152, "osm_type": "way"}}, {"type": "Feature", "geometry": {"type": "LineString", "coordinates": [[10.0071693, 53.5522456], [10.0071812, 53.5522131], [10.0072049, 53.5521563]]}, "properties": {"highway": "footway", "indoor": "yes", "level": "0", "surface": "asphalt", "osm_id": 343003156, "osm_type": "way"}}, {"type": "Feature", "geometry": {"type": "LineString", "coordinates": [[10.0063894, 53.5521556], [10.006403, 53.5521185], [10.0064257, 53.5520542]]}, "properties": {"highway": "footway", "indoor": "yes", "level": "0", "lit": "24/7", "surface": "asphalt", "osm_id": 343003157, "osm_type": "way"}}, {"type": "Feature", "geometry": {"type": "LineString", "coordinates": [[10.0066914, 53.5521887], [10.0067036, 53.5521551], [10.0067233, 53.5520978]]}, "properties": {"highway": "footway", "indoor": "yes", "level": "0", "surface": "asphalt", "osm_id": 343003159, "osm_type": "way"}}, {"type": "Feature", "geometry": {"type": "Polygon", "coordinates": [[[10.0066922, 53.5521104], [10.0067006, 53.5520845], [10.006708, 53.5520662], [10.0065865, 53.5520515], [10.0065722, 53.5520958], [10.0065812, 53.5520969], [10.0065888, 53.5521042], [10.006599, 53.5521096], [10.0066103, 53.5521145], [10.0066221, 53.5521171], [10.0066368, 53.5521175], [10.006651, 53.5521165], [10.0066644, 53.5521131], [10.0066752, 53.5521089], [10.0066922, 53.5521104]]]}, "properties": {"check_date": "2024-08-21", "indoor": "room", "information": "office", "level": "0", "name": "Deutsche Bahn", "opening_hours": "24/7", "tourism": "information", "wheelchair": "yes", "osm_id": 343201865, "osm_type": "way"}}, {"type": "Feature", "geometry": {"type": "Polygon", "coordinates": [[[10.0061557, 53.5520449], [10.0062752, 53.5520597], [10.0062907, 53.5520146], [10.0061712, 53.5519997], [10.0061627, 53.5520244], [10.0061587, 53.5520362], [10.0061557, 53.5520449]]]}, "properties": {"brand": "Ditsch", "brand:wikidata": "Q911573", "brand:wikipedia": "de:Brezelbäckerei Ditsch", "check_date:opening_hours": "2024-08-21", "indoor": "room", "indoor_seating": "no", "level": "0", "name": "Ditsch", "opening_hours": "Mo-Fr 05:00-22:00, Sa 07:00-21:00, Su 07:00-20:00", "outdoor_seating": "no", "shop": "bakery", "takeaway": "only", "wheelchair": "limited", "osm_id": 343201866, "osm_type": "way"}}, {"type": "Feature", "geometry": {"type": "Polygon", "coordinates": [[[10.0063902, 53.5520736], [10.0064004, 53.5520447], [10.0064057, 53.5520278], [10.0062907, 53.5520146], [10.0062752, 53.5520597], [10.0062946, 53.552062], [10.0063015, 53.5520691], [10.0063124, 53.5520746], [10.0063242, 53.552079], [10.0063377, 53.5520815], [10.0063508, 53.5520821], [10.0063655, 53.5520811], [10.0063785, 53.5520783], [10.0063902, 53.5520736]]]}, "properties": {"amenity": "fast_food", "diet:vegan": "yes", "diet:vegetarian": "yes", "indoor": "room", "level": "0", "name": "Lissi's Leberkäserei", "opening_hours": "Mo-Su 06:00-22:00", "osm_id": 343201869, "osm_type": "way"}}, {"type": "Feature", "geometry": {"type": "Polygon", "coordinates": [[[10.0070078, 53.5521487], [10.0070788, 53.5521571], [10.0070933, 53.5521159], [10.006976, 53.5521009], [10.0069565, 53.552157], [10.0069702, 53.5521579], [10.0069843, 53.5521566], [10.006997, 53.5521536], [10.0070078, 53.5521487]]]}, "properties": {"amenity": "fast_food", "brand": "Frittenwerk", "brand:wikidata": "Q121094275", "check_date": "2026-04-22", "check_date:opening_hours": "2026-04-22", "cuisine": "friture", "indoor": "room", "level": "0", "name": "Frittenwerk", "opening_hours": "Mo-Th 10:00-21:00, Su,PH 10:00-21:00, Fr,Sa 10:00-01:00", "room": "restaurant", "takeaway": "yes", "osm_id": 343201870, "osm_type": "way"}}, {"type": "Feature", "geometry": {"type": "Polygon", "coordinates": [[[10.0064465, 53.5520804], [10.006454, 53.5520871], [10.006464, 53.5520931], [10.0064758, 53.5520979], [10.0064893, 53.5520999], [10.0065029, 53.552101], [10.0065171, 53.5520995], [10.0065289, 53.5520976], [10.0065418, 53.552092], [10.0065722, 53.5520958], [10.0065865, 53.5520515], [10.0064607, 53.5520357], [10.0064559, 53.5520515], [10.0064465, 53.5520804]]]}, "properties": {"brand": "Yorma's", "brand:wikidata": "Q2600868", "brand:wikipedia": "de:Yorma’s", "check_date:opening_hours": "2025-12-08", "contact:website": "https://www.yormas.de/standorte/hamburg-suedsteg/", "indoor": "room", "level": "0", "name": "Yorma's", "old_name": "Wedemann", "opening_hours": "Mo-Th 05:30-22:00; Sa 06:00-23:00; Su,PH 06:30-23:00; Fr 05:30-22:00", "payment:mastercard": "yes", "shop": "kiosk", "wheelchair": "yes", "osm_id": 343201886, "osm_type": "way"}}, {"type": "Feature", "geometry": {"type": "Polygon", "coordinates": [[[10.0062325, 53.5524452], [10.0062709, 53.5524504], [10.0062978, 53.5523808], [10.0062594, 53.5523755], [10.0062325, 53.5524452]]]}, "properties": {"amenity": "shelter", "indoor": "yes", "level": "-1", "shelter_type": "public_transport", "osm_id": 343243973, "osm_type": "way"}}, {"type": "Feature", "geometry": {"type": "Polygon", "coordinates": [[[10.0065403, 53.5524888], [10.0065785, 53.5524946], [10.0066084, 53.5524254], [10.0065702, 53.5524196], [10.0065403, 53.5524888]]]}, "properties": {"amenity": "shelter", "indoor": "yes", "level": "-1", "shelter_type": "public_transport", "osm_id": 343243974, "osm_type": "way"}}, {"type": "Feature", "geometry": {"type": "Polygon", "coordinates": [[[10.0070174, 53.5525642], [10.0070553, 53.5525704], [10.0070874, 53.5525016], [10.0070494, 53.5524953], [10.0070174, 53.5525642]]]}, "properties": {"amenity": "shelter", "indoor": "yes", "level": "-1", "shelter_type": "public_transport", "osm_id": 343243981, "osm_type": "way"}}, {"type": "Feature", "geometry": {"type": "Polygon", "coordinates": [[[10.006841, 53.5515569], [10.0070011, 53.5515751], [10.0070175, 53.5514499], [10.0070549, 53.5512186], [10.0071231, 53.5507734], [10.0071345, 53.5507098], [10.0071411, 53.5505537], [10.0070231, 53.5505471], [10.0069831, 53.5507677], [10.00691, 53.5512413], [10.0068726, 53.551438], [10.0068497, 53.5515249], [10.006841, 53.5515569]]]}, "properties": {"building": "roof", "layer": "1", "level": "-1", "osm_id": 343243988, "osm_type": "way"}}, {"type": "Feature", "geometry": {"type": "Polygon", "coordinates": [[[10.0066845, 53.5515416], [10.006699, 53.5514886], [10.0067124, 53.5514248], [10.0067458, 53.5512621], [10.0068159, 53.5508825], [10.0068391, 53.5507619], [10.0068817, 53.5505411], [10.0068004, 53.5505338], [10.0067421, 53.550758], [10.0067024, 53.5509017], [10.0066055, 53.5512608], [10.0065673, 53.5514128], [10.0065411, 53.5515208], [10.0066845, 53.5515416]]]}, "properties": {"building": "roof", "layer": "1", "level": "-1", "osm_id": 343244032, "osm_type": "way"}}, {"type": "Feature", "geometry": {"type": "LineString", "coordinates": [[10.0063003, 53.5521495], [10.006333, 53.5520756], [10.0063517, 53.552021], [10.0063553, 53.5520107], [10.0064741, 53.5516726], [10.0064824, 53.5516489], [10.0065694, 53.5513389], [10.0066262, 53.5511184]]}, "properties": {"electrified": "contact_line", "frequency": "16.7", "gauge": "1435", "layer": "-1", "level": "-1", "operator": "DB Netz AG", "railway": "rail", "railway:pzb": "yes", "railway:track_ref": "14", "ref": "2200", "usage": "main", "voltage": "15000", "workrules": "DE:EBO", "osm_id": 353729902, "osm_type": "way"}}, {"type": "Feature", "geometry": {"type": "LineString", "coordinates": [[10.0067919, 53.5511274], [10.006837, 53.5509057], [10.0069047, 53.5505726], [10.0069114, 53.5505297], [10.006924, 53.5504497], [10.0069804, 53.550106], [10.0069855, 53.5500747], [10.0070217, 53.5498641], [10.0070335, 53.5498195], [10.0070761, 53.5496587], [10.007085, 53.5496237], [10.0071679, 53.549299]]}, "properties": {"electrified": "contact_line", "frequency": "16.7", "gauge": "1435", "layer": "-1", "level": "-1", "operator": "DB Netz AG", "railway": "rail", "railway:pzb": "yes", "railway:track_ref": "13", "ref": "2200", "usage": "main", "voltage": "15000", "workrules": "DE:EBO", "osm_id": 353828936, "osm_type": "way"}}, {"type": "Feature", "geometry": {"type": "LineString", "coordinates": [[10.005217, 53.5518004], [10.0050608, 53.5517799]]}, "properties": {"conveying": "reversible", "description": "Mö-Passage / Mönckebergstr. (Nordseite)", "handrail": "yes", "highway": "steps", "incline": "up", "level": "-1;0", "lit": "yes", "ref": "65605782 300", "step_count": "22", "surface": "metal", "time": "17 sec", "width": "100 cm", "osm_id": 392041375, "osm_type": "way"}}, {"type": "Feature", "geometry": {"type": "LineString", "coordinates": [[10.0053707, 53.5518198], [10.0053139, 53.5518395]]}, "properties": {"highway": "footway", "indoor": "yes", "layer": "-1", "level": "-1", "surface": "paving_stones", "tunnel": "yes", "osm_id": 392041377, "osm_type": "way"}}, {"type": "Feature", "geometry": {"type": "LineString", "coordinates": [[10.006126, 53.5520832], [10.0061414, 53.5520867]]}, "properties": {"highway": "footway", "incline": "up", "indoor": "yes", "layer": "-1", "level": "-1;0", "lit": "yes", "name": "Mö-Passage", "surface": "paving_stones", "tunnel": "yes", "osm_id": 398417259, "osm_type": "way"}}, {"type": "Feature", "geometry": {"type": "Polygon", "coordinates": [[[10.0058877, 53.5518911], [10.0058567, 53.5519249], [10.005928, 53.551948], [10.005959, 53.5519142], [10.0058877, 53.5518911]]]}, "properties": {"indoor": "room", "layer": "-1", "level": "-1", "noname": "yes", "opening_hours": "Mo-Sa 10:00-20:00; Su 12:00-18:00", "shop": "gift", "wheelchair": "yes", "osm_id": 408866491, "osm_type": "way"}}, {"type": "Feature", "geometry": {"type": "Polygon", "coordinates": [[[10.005959, 53.5519142], [10.005928, 53.551948], [10.0059336, 53.5519542], [10.0059404, 53.5519593], [10.0059481, 53.5519643], [10.0059564, 53.5519676], [10.0059663, 53.5519704], [10.0059778, 53.5519719], [10.0059893, 53.5519726], [10.0060007, 53.5519711], [10.0060469, 53.551986], [10.006078, 53.5519522], [10.005959, 53.5519142]]]}, "properties": {"check_date:opening_hours": "2024-08-21", "craft": "shoemaker", "indoor": "room", "layer": "-1", "level": "-1", "noname": "yes", "opening_hours": "Mo-Fr 08:00-20:00; Su 09:00-20:00", "payment:credit_cards": "no", "payment:debit_cards": "yes", "shop": "locksmith", "wheelchair": "yes", "osm_id": 408866492, "osm_type": "way"}}, {"type": "Feature", "geometry": {"type": "Polygon", "coordinates": [[[10.0050769, 53.5521333], [10.0051834, 53.5520979], [10.0052166, 53.5521333], [10.0051101, 53.5521686], [10.0050769, 53.5521333]]]}, "properties": {"access": "permissive", "amenity": "toilets", "indoor": "yes", "layer": "-1", "level": "-2", "wheelchair": "yes", "osm_id": 408866493, "osm_type": "way"}}, {"type": "Feature", "geometry": {"type": "Polygon", "coordinates": [[[10.0053884, 53.5519161], [10.0053983, 53.5519089], [10.0054036, 53.5519113], [10.0054118, 53.5519153], [10.0054358, 53.5519263], [10.005453, 53.5519115], [10.0055317, 53.5519358], [10.0055614, 53.5519449], [10.0056509, 53.5519748], [10.0056643, 53.5519752], [10.0056777, 53.5519771], [10.0056886, 53.5519789], [10.0056995, 53.5519807], [10.005711, 53.5519837], [10.0057214, 53.5519865], [10.005731, 53.5519899], [10.00574, 53.5519936], [10.005748, 53.5519977], [10.0057563, 53.5520025], [10.005764, 53.5520077], [10.005771, 53.5520145], [10.0058713, 53.5520476], [10.0061112, 53.5521269], [10.0061263, 53.5521315], [10.0061414, 53.5520867], [10.0061557, 53.5520449], [10.0061544, 53.5520378], [10.0061431, 53.5520318], [10.0060366, 53.5519971], [10.0060469, 53.551986], [10.0060007, 53.5519711], [10.0059893, 53.5519726], [10.0059778, 53.5519719], [10.0059663, 53.5519704], [10.0059564, 53.5519676], [10.0059481, 53.5519643], [10.0059404, 53.5519593], [10.0059336, 53.5519542], [10.005928, 53.551948], [10.0058567, 53.5519249], [10.0057551, 53.5518919], [10.0056432, 53.5518556], [10.005536, 53.5518209], [10.005471, 53.5518003], [10.005445, 53.5517917], [10.0054581, 53.5517799], [10.0054647, 53.5517706], [10.0054679, 53.5517628], [10.0054287, 53.5517578], [10.0054367, 53.5517358], [10.0054759, 53.5517408], [10.0054766, 53.5517324], [10.0054757, 53.551724], [10.0054741, 53.5517165], [10.0054724, 53.5517104], [10.0054688, 53.5517036], [10.0054643, 53.5516975], [10.0054597, 53.5516921], [10.0054544, 53.5516866], [10.0054476, 53.5516814], [10.0054415, 53.551677], [10.0054341, 53.551672], [10.0054254, 53.5516676], [10.0054338, 53.5516467], [10.0054345, 53.5516367], [10.005432, 53.5516276], [10.0054256, 53.5516209], [10.0054185, 53.551616], [10.0054036, 53.5516118], [10.0053717, 53.5515515], [10.0053553, 53.5515489], [10.0053475, 53.5515401], [10.0053601, 53.5514793], [10.0053045, 53.5514716], [10.0052489, 53.551464], [10.0052265, 53.551538], [10.0052048, 53.5515354], [10.0052101, 53.5516064], [10.0053179, 53.5516201], [10.0053106, 53.5516409], [10.0052831, 53.5516369], [10.0052802, 53.551645], [10.005277, 53.5516538], [10.0052391, 53.5516496], [10.0052326, 53.5516667], [10.0052261, 53.5516833], [10.0052127, 53.5516912], [10.0051982, 53.5517063], [10.0051923, 53.5517232], [10.0051951, 53.5517394], [10.0052018, 53.5517531], [10.0051952, 53.5517696], [10.0051898, 53.5517852], [10.0052209, 53.5517892], [10.005217, 53.5518004], [10.0052138, 53.5518085], [10.0052263, 53.55181], [10.0052245, 53.5518157], [10.0052687, 53.5518217], [10.0052811, 53.5518326], [10.005287, 53.55183], [10.0052942, 53.5518289], [10.0053014, 53.5518296], [10.0053077, 53.5518318], [10.0053121, 53.5518353], [10.0053139, 53.5518395], [10.0053129, 53.5518438], [10.0053091, 53.5518476], [10.0053032, 53.5518502], [10.0053152, 53.5518573], [10.0053289, 53.551864], [10.0053768, 53.5518869], [10.0052798, 53.5519191], [10.0052894, 53.5519204], [10.0052977, 53.5519215], [10.0053398, 53.5519079], [10.0053452, 53.5519103], [10.0053718, 53.5519078], [10.0053793, 53.551912], [10.0053884, 53.5519161]]]}, "properties": {"osm_id": 408866495, "osm_type": "way"}}, {"type": "Feature", "geometry": {"type": "Polygon", "coordinates": [[[10.0051834, 53.5520979], [10.0052686, 53.5520697], [10.0053019, 53.552105], [10.0052166, 53.5521333], [10.0051834, 53.5520979]]]}, "properties": {"check_date": "2024-02-17", "disused:shop": "bakery", "indoor": "yes", "layer": "-1", "level": "-2", "old_name": "Dat Backhus", "shop": "vacant", "osm_id": 408866496, "osm_type": "way"}}, {"type": "Feature", "geometry": {"type": "Polygon", "coordinates": [[[10.0051704, 53.5516861], [10.0051533, 53.5517346], [10.0051951, 53.5517394], [10.0051923, 53.5517232], [10.0051982, 53.5517063], [10.0052127, 53.5516912], [10.0051704, 53.5516861]]]}, "properties": {"check_date:opening_hours": "2024-08-21", "indoor": "room", "layer": "-1", "level": "-1", "noname": "yes", "opening_hours:signed": "no", "shop": "kiosk", "wheelchair": "yes", "osm_id": 408866502, "osm_type": "way"}}, {"type": "Feature", "geometry": {"type": "Polygon", "coordinates": [[[10.0053289, 53.551864], [10.0052529, 53.5519047], [10.0052798, 53.5519191], [10.0053768, 53.5518869], [10.0053289, 53.551864]]]}, "properties": {"amenity": "fast_food", "brand": "Çiğköftem", "brand:wikidata": "Q106597459", "check_date": "2024-08-21", "cuisine": "turkish", "diet:vegan": "yes", "diet:vegetarian": "only", "indoor": "room", "indoor_seating": "no", "layer": "-1", "level": "-1", "name": "Çiğköftem", "opening_hours:signed": "no", "outdoor_seating": "no", "payment:credit_cards": "yes", "payment:debit_cards": "yes", "phone": "+49 40 360 254 84", "takeaway": "only", "website": "https://cigkoftem.com", "wheelchair": "yes", "osm_id": 408866503, "osm_type": "way"}}, {"type": "Feature", "geometry": {"type": "Polygon", "coordinates": [[[10.0047714, 53.551847], [10.0046771, 53.5520787], [10.0050156, 53.5521245], [10.0050211, 53.5521108], [10.0051211, 53.5520755], [10.005215, 53.5520415], [10.0052309, 53.5519936], [10.005252, 53.5519379], [10.0052756, 53.5519297], [10.0052798, 53.5519191], [10.0047714, 53.551847]]]}, "properties": {"disused:shop": "supermarket", "end_date": "2024-08-03", "indoor": "room", "layer": "-1", "level": "-2", "old_name": "REWE City", "toilets:wheelchair": "no", "wheelchair": "yes", "wheelchair:description": "Der REWE hat keinen Fahrstuhl dafür aber einen Lift - Diesen kann man mit einen EUROSCHLÜSSEL jedoch selber bedienen", "osm_id": 408866504, "osm_type": "way"}}, {"type": "Feature", "geometry": {"type": "Polygon", "coordinates": [[[10.0057861, 53.5518581], [10.0057551, 53.5518919], [10.0058567, 53.5519249], [10.0058877, 53.5518911], [10.0057861, 53.5518581]]]}, "properties": {"check_date": "2025-12-27", "contact:website": "https://bahnhofsmission-hamburg.de/index.php?id=4", "description": "Aushang: \"Wegen technischer Störungen bis auf weiteres geschlossen\"", "disused:amenity": "place_of_worship", "indoor": "room", "layer": "-1", "level": "-1", "name": "Raum der Stille", "religion": "multifaith", "wheelchair": "no", "osm_id": 408866505, "osm_type": "way"}}, {"type": "Feature", "geometry": {"type": "Polygon", "coordinates": [[[10.005453, 53.5519115], [10.0055317, 53.5519358], [10.0054989, 53.5519658], [10.0054358, 53.5519263], [10.005453, 53.5519115]]]}, "properties": {"check_date": "2024-08-21", "disused:shop": "yes", "indoor": "room", "layer": "-1", "level": "-1", "osm_id": 408866507, "osm_type": "way"}}, {"type": "Feature", "geometry": {"type": "Polygon", "coordinates": [[[10.0056742, 53.5518219], [10.0056432, 53.5518556], [10.0057551, 53.5518919], [10.0057861, 53.5518581], [10.0056742, 53.5518219]]]}, "properties": {"check_date": "2024-08-21", "check_date:opening_hours": "2024-08-21", "indoor": "room", "layer": "-1", "level": "-1", "name": "allfloristik", "network": "fleurop", "opening_hours:signed": "no", "payment:cash": "yes", "payment:credit_cards": "no", "payment:debit_cards": "yes", "payment:girocard": "yes", "shop": "florist", "wheelchair": "yes", "osm_id": 408866508, "osm_type": "way"}}, {"type": "Feature", "geometry": {"type": "LineString", "coordinates": [[10.0052326, 53.5516667], [10.0051069, 53.5516504]]}, "properties": {"handrail": "yes", "highway": "steps", "incline": "up", "level": "-1;0", "lit": "yes", "ramp": "no", "step_count": "10", "surface": "paving_stones", "tactile_paving": "no", "osm_id": 477774692, "osm_type": "way"}}, {"type": "Feature", "geometry": {"type": "LineString", "coordinates": [[10.0052326, 53.5516667], [10.0053108, 53.5516769], [10.0052802, 53.551645]]}, "properties": {"highway": "footway", "indoor": "yes", "level": "-1", "lit": "yes", "surface": "paving_stones", "osm_id": 477774693, "osm_type": "way"}}, {"type": "Feature", "geometry": {"type": "LineString", "coordinates": [[10.0053707, 53.5518198], [10.0053986, 53.5518362], [10.005473, 53.5518618], [10.006126, 53.5520832]]}, "properties": {"highway": "footway", "indoor": "yes", "layer": "-1", "level": "-1", "lit": "24/7", "name": "Mö-Passage", "surface": "paving_stones", "tunnel": "yes", "osm_id": 477774698, "osm_type": "way"}}, {"type": "Feature", "geometry": {"type": "LineString", "coordinates": [[10.0051952, 53.5517696], [10.005276, 53.5517807], [10.005217, 53.5518004]]}, "properties": {"highway": "footway", "indoor": "yes", "level": "-1", "lit": "yes", "surface": "paving_stones", "osm_id": 477774699, "osm_type": "way"}}, {"type": "Feature", "geometry": {"type": "LineString", "coordinates": [[10.0053472, 53.5516818], [10.0053628, 53.5516375], [10.0053456, 53.551604], [10.0053069, 53.5515375], [10.0053045, 53.5514716]]}, "properties": {"highway": "footway", "indoor": "yes", "layer": "-1", "level": "-1", "surface": "paving_stones", "tunnel": "yes", "osm_id": 477774700, "osm_type": "way"}}, {"type": "Feature", "geometry": {"type": "LineString", "coordinates": [[10.0063272, 53.5518682], [10.0060393, 53.5518342], [10.0055532, 53.5517716]]}, "properties": {"electrified": "rail", "electrified:rail": "bottom", "frequency": "0", "gauge": "1435", "layer": "-3", "level": "-2", "network": "HVV", "operator": "Hamburger Hochbahn AG", "railway": "subway", "railway:traffic_mode": "passenger", "tunnel": "yes", "voltage": "750", "osm_id": 480803098, "osm_type": "way"}}, {"type": "Feature", "geometry": {"type": "LineString", "coordinates": [[10.006174, 53.5511372], [10.006078, 53.5513802], [10.0058955, 53.55187], [10.0058053, 53.5521383], [10.0057106, 53.5523751]]}, "properties": {"bicycle": "no", "cycleway:both": "no", "foot": "no", "hazmat:E": "no", "highway": "primary", "lanes": "2", "layer": "-2", "level": "-2", "lit": "24/7", "maxheight": "4", "maxspeed:type": "DE:urban", "name": "Wallringtunnel", "oneway": "yes", "parking:lane:both": "no", "ref": "Ring 1", "shoulder": "no", "sidewalk": "no", "smoothness": "good", "surface": "asphalt", "traffic_sign": "DE:261,DE:1014-53", "tunnel": "yes", "osm_id": 480803100, "osm_type": "way"}}, {"type": "Feature", "geometry": {"type": "LineString", "coordinates": [[10.0064556, 53.5498614], [10.0064547, 53.550094], [10.0064266, 53.5503499], [10.0063825, 53.5505414], [10.0063141, 53.5507601], [10.0062546, 53.5509333], [10.006174, 53.5511372]]}, "properties": {"bicycle": "no", "cycleway:both": "no", "foot": "no", "hazmat:E": "no", "highway": "primary", "lanes": "2", "layer": "-2", "level": "-1", "lit": "24/7", "maxheight": "4", "maxspeed:type": "DE:urban", "name": "Wallringtunnel", "oneway": "yes", "ref": "Ring 1", "sidewalk": "no", "smoothness": "good", "surface": "asphalt", "traffic_sign": "DE:261;DE:1014-53", "tunnel": "yes", "osm_id": 480803101, "osm_type": "way"}}, {"type": "Feature", "geometry": {"type": "LineString", "coordinates": [[10.0055777, 53.5523561], [10.0056647, 53.5521131], [10.0057526, 53.5518623], [10.0058315, 53.5515583], [10.0059108, 53.5513228], [10.0059935, 53.5511116]]}, "properties": {"bicycle": "no", "cycleway:both": "no", "foot": "no", "hazmat:E": "no", "highway": "primary", "lanes": "2", "layer": "-2", "level": "-2", "lit": "24/7", "maxheight": "4", "maxspeed": "50", "name": "Wallringtunnel", "oneway": "yes", "parking:lane:both": "no", "ref": "Ring 1", "shoulder": "no", "sidewalk": "no", "smoothness": "good", "surface": "asphalt", "traffic_sign": "DE:261,DE:1014-53", "tunnel": "yes", "osm_id": 480803102, "osm_type": "way"}}, {"type": "Feature", "geometry": {"type": "LineString", "coordinates": [[10.0072784, 53.5502949], [10.0072954, 53.5504983], [10.0073158, 53.5506903], [10.0073453, 53.550934], [10.0073414, 53.5511865]]}, "properties": {"electrified": "contact_line", "frequency": "16.7", "gauge": "1435", "layer": "-1", "level": "-1", "operator": "DB Netz AG", "railway": "rail", "railway:pzb": "yes", "ref": "1245", "service": "siding", "voltage": "15000", "workrules": "DE:EBO", "osm_id": 507874096, "osm_type": "way"}}, {"type": "Feature", "geometry": {"type": "LineString", "coordinates": [[10.006782, 53.5505132], [10.0067988, 53.5504398], [10.0068923, 53.5500681], [10.006894, 53.5500611], [10.0068955, 53.5500549]]}, "properties": {"electrified": "contact_line", "frequency": "16.7", "gauge": "1435", "layer": "-1", "level": "-1", "maxspeed:forward": "40", "operator": "DB Netz AG", "railway": "rail", "railway:pzb": "yes", "railway:track_ref": "14", "ref": "2200", "source:maxspeed:forward": "hp2 am Signal R14", "usage": "main", "voltage": "15000", "workrules": "DE:EBO", "osm_id": 516304015, "osm_type": "way"}}, {"type": "Feature", "geometry": {"type": "LineString", "coordinates": [[10.0061112, 53.5521269], [10.0060901, 53.5521839]]}, "properties": {"handrail": "yes", "highway": "steps", "incline": "up", "level": "-1;0", "lit": "yes", "ramp": "no", "step_count": "17", "surface": "concrete:plates", "tactile_paving": "no", "osm_id": 647668331, "osm_type": "way"}}, {"type": "Feature", "geometry": {"type": "LineString", "coordinates": [[10.0055532, 53.5517716], [10.0047178, 53.5516654], [10.0031511, 53.5514655]]}, "properties": {"electrified": "rail", "electrified:rail": "bottom", "frequency": "0", "gauge": "1435", "layer": "-3", "level": "-2", "network": "HVV", "operator": "Hamburger Hochbahn AG", "railway": "subway", "railway:traffic_mode": "passenger", "tunnel": "yes", "voltage": "750", "osm_id": 647676496, "osm_type": "way"}}, {"type": "Feature", "geometry": {"type": "LineString", "coordinates": [[10.0055667, 53.5517473], [10.0060469, 53.5518071], [10.0063388, 53.5518394]]}, "properties": {"electrified": "rail", "electrified:rail": "bottom", "frequency": "0", "gauge": "1435", "layer": "-3", "level": "-2", "network": "HVV", "operator": "Hamburger Hochbahn AG", "railway": "subway", "railway:traffic_mode": "passenger", "tunnel": "yes", "voltage": "750", "osm_id": 647676504, "osm_type": "way"}}, {"type": "Feature", "geometry": {"type": "LineString", "coordinates": [[10.0069453, 53.5518596], [10.0069591, 53.5518286], [10.0069634, 53.5518188], [10.0069983, 53.5517402], [10.0070108, 53.5517121], [10.0070246, 53.5516231], [10.0070433, 53.5515026], [10.0070654, 53.5513603], [10.0071156, 53.5510574], [10.0071193, 53.5510289], [10.00714, 53.5508704]]}, "properties": {"electrified": "contact_line", "frequency": "16.7", "gauge": "1435", "layer": "-1", "level": "-1", "operator": "DB Netz AG", "railway": "rail", "railway:pzb": "yes", "railway:track_ref": "11", "ref": "1250", "usage": "main", "voltage": "15000", "workrules": "DE:EBO", "osm_id": 656092302, "osm_type": "way"}}, {"type": "Feature", "geometry": {"type": "LineString", "coordinates": [[10.0066262, 53.5511184], [10.0067591, 53.5506023], [10.006782, 53.5505132]]}, "properties": {"electrified": "contact_line", "frequency": "16.7", "gauge": "1435", "layer": "-1", "level": "-1", "operator": "DB Netz AG", "railway": "rail", "railway:pzb": "yes", "railway:track_ref": "14", "ref": "2200", "usage": "main", "voltage": "15000", "workrules": "DE:EBO", "osm_id": 656092303, "osm_type": "way"}}, {"type": "Feature", "geometry": {"type": "LineString", "coordinates": [[10.0064619, 53.5521682], [10.0064925, 53.5520993], [10.0065085, 53.552062], [10.0065204, 53.5520343], [10.0065247, 53.5520241], [10.0066649, 53.5516969], [10.0066776, 53.5516674], [10.0066812, 53.5516506], [10.0067262, 53.5514442], [10.0067466, 53.5513506], [10.0067919, 53.5511274]]}, "properties": {"electrified": "contact_line", "frequency": "16.7", "gauge": "1435", "layer": "-1", "level": "-1", "operator": "DB Netz AG", "railway": "rail", "railway:pzb": "yes", "railway:track_ref": "13", "ref": "2200", "usage": "main", "voltage": "15000", "workrules": "DE:EBO", "osm_id": 656092304, "osm_type": "way"}}, {"type": "Feature", "geometry": {"type": "LineString", "coordinates": [[10.005237, 53.5515776], [10.0051702, 53.5515689], [10.0051427, 53.5515779]]}, "properties": {"highway": "footway", "indoor": "yes", "level": "-1", "lit": "24/7", "surface": "paving_stones", "osm_id": 718461535, "osm_type": "way"}}, {"type": "Feature", "geometry": {"type": "LineString", "coordinates": [[10.0053285, 53.5516017], [10.0051427, 53.5515779]]}, "properties": {"highway": "footway", "indoor": "yes", "level": "-1", "lit": "24/7", "surface": "concrete:plates", "wheelchair": "yes", "osm_id": 718461536, "osm_type": "way"}}, {"type": "Feature", "geometry": {"type": "LineString", "coordinates": [[10.0052286, 53.5515995], [10.0051646, 53.5515922], [10.0051427, 53.5515779]]}, "properties": {"highway": "footway", "indoor": "yes", "level": "-1", "lit": "24/7", "surface": "paving_stones", "osm_id": 718461537, "osm_type": "way"}}, {"type": "Feature", "geometry": {"type": "LineString", "coordinates": [[10.0051427, 53.5515779], [10.0051313, 53.5515764], [10.0049736, 53.5515558], [10.0047527, 53.5514784], [10.0046084, 53.5514279]]}, "properties": {"highway": "footway", "indoor": "yes", "level": "-1", "lit": "24/7", "surface": "paving_stones", "wheelchair": "yes", "osm_id": 718461538, "osm_type": "way"}}, {"type": "Feature", "geometry": {"type": "LineString", "coordinates": [[10.0063642, 53.5521614], [10.006243, 53.5521467]]}, "properties": {"barrier": "fence", "fence_type": "railing", "level": "0", "osm_id": 733870569, "osm_type": "way"}}, {"type": "Feature", "geometry": {"type": "LineString", "coordinates": [[10.0064096, 53.5521669], [10.0066589, 53.5521971]]}, "properties": {"barrier": "fence", "fence_type": "railing", "level": "0", "osm_id": 733870570, "osm_type": "way"}}, {"type": "Feature", "geometry": {"type": "LineString", "coordinates": [[10.0067175, 53.5522042], [10.0071346, 53.5522547]]}, "properties": {"barrier": "fence", "fence_type": "railing", "level": "0", "osm_id": 733870574, "osm_type": "way"}}, {"type": "Feature", "geometry": {"type": "Polygon", "coordinates": [[[10.0070788, 53.5521571], [10.0070859, 53.5521646], [10.0070977, 53.5521704], [10.007108, 53.5521749], [10.007123, 53.5521772], [10.0071361, 53.5521784], [10.0071508, 53.5521768], [10.0071641, 53.5521745], [10.0071756, 53.5521693], [10.0071828, 53.5521455], [10.0071887, 53.552127], [10.0070933, 53.5521159], [10.0070788, 53.5521571]]]}, "properties": {"amenity": "fast_food", "brand": "Asiahung", "brand:wikidata": "Q100406310", "check_date:opening_hours": "2025-12-08", "cuisine": "asian", "diet:vegan": "no", "diet:vegetarian": "yes", "email": "restaurants@asiahung.de", "indoor": "room", "indoor_seating": "no", "level": "0", "name": "Asiahung", "old_name": "Wok Express", "opening_hours": "Mo-Su,PH 08:00-23:00", "outdoor_seating": "no", "phone": "+49 40 69208007", "room": "restaurant", "takeaway": "only", "website": "https://www.asiahung.de/", "wheelchair": "yes", "osm_id": 733870581, "osm_type": "way"}}, {"type": "Feature", "geometry": {"type": "Polygon", "coordinates": [[[10.0068456, 53.5521289], [10.0069134, 53.5521375], [10.00692, 53.552144], [10.0069312, 53.5521501], [10.006943, 53.5521548], [10.0069565, 53.552157], [10.006976, 53.5521009], [10.006763, 53.5520736], [10.0067572, 53.5520916], [10.0067488, 53.5521171], [10.0067562, 53.5521236], [10.0067677, 53.5521299], [10.0067798, 53.5521352], [10.006793, 53.5521368], [10.0068061, 53.5521378], [10.0068208, 53.5521364], [10.0068347, 53.5521338], [10.0068456, 53.5521289]]]}, "properties": {"amenity": "fast_food", "brand": "Burger King", "brand:wikidata": "Q177054", "brand:wikipedia": "en:Burger King", "check_date:diet:vegetarian": "2025-07-17", "contact:fax": "+49 40 30297261", "contact:phone": "+49 40 30297259", "cuisine": "burger", "diet:vegan": "yes", "diet:vegetarian": "yes", "indoor": "room", "indoor_seating": "no", "level": "0", "name": "Burger King", "opening_hours": "Mo-Th 08:00-24:00, Fr 08:00-04:00, Sa 08:00-04:00, Su 08:00-24:00", "outdoor_seating": "no", "payment:mastercard": "yes", "room": "restaurant", "takeaway": "only", "wheelchair": "yes", "osm_id": 733870582, "osm_type": "way"}}, {"type": "Feature", "geometry": {"type": "Polygon", "coordinates": [[[10.0059698, 53.5525164], [10.0060806, 53.5525345], [10.0060215, 53.552662], [10.0059107, 53.5526438], [10.0059408, 53.5525787], [10.0059698, 53.5525164]]]}, "properties": {"addr:city": "Hamburg", "addr:country": "DE", "addr:housenumber": "18-20", "addr:postcode": "20095", "addr:street": "Steintorwall", "amenity": "restaurant", "camera:mount": "ceiling", "camera:type": "dome", "capacity": "32", "cuisine": "kebab;pizza", "diet:vegetarian": "yes", "drink:ayran": "takeaway", "drink:beer": "takeaway", "drink:cola": "takeaway", "drink:juice": "takeaway", "drink:lemonade": "takeaway", "drink:tea": "yes", "drink:water": "takeaway", "email": "Ferhat-sarioglu@hotmail.de", "indoor": "room", "indoor_seating": "yes", "level": "0", "name": "Havin Grill", "opening_hours": "Mo-Su 07:00-24:00", "operator": "Ferhat Sarioglu", "outdoor_seating": "street", "outdoor_seating:capacity": "28", "phone": "+49 4032089380", "smoking": "outside", "surveillance": "indoor", "surveillance:type": "camera", "surveillance:zone": "shop", "takeaway": "yes", "toilets": "yes", "toilets:access": "customers", "toilets:position": "seated", "toilets:unisex": "yes", "toilets:wheelchair": "no", "website": "https://www.havin-grill.de/", "osm_id": 735223532, "osm_type": "way"}}, {"type": "Feature", "geometry": {"type": "LineString", "coordinates": [[10.005258, 53.5516032], [10.0052286, 53.5515995]]}, "properties": {"handrail": "yes", "highway": "steps", "incline": "down", "indoor": "yes", "level": "-1", "lit": "yes", "ramp": "no", "step_count": "20", "surface": "paving_stones", "tactile_paving": "no", "osm_id": 738441639, "osm_type": "way"}}, {"type": "Feature", "geometry": {"type": "LineString", "coordinates": [[10.0053285, 53.5516017], [10.0052957, 53.5516083], [10.005258, 53.5516032]]}, "properties": {"highway": "footway", "indoor": "yes", "level": "-1", "lit": "24/7", "surface": "paving_stones", "osm_id": 738441640, "osm_type": "way"}}, {"type": "Feature", "geometry": {"type": "LineString", "coordinates": [[10.0052664, 53.5515813], [10.005237, 53.5515776]]}, "properties": {"handrail": "yes", "highway": "steps", "incline": "down", "indoor": "yes", "level": "-1", "lit": "yes", "ramp": "no", "step_count": "20", "surface": "paving_stones", "tactile_paving": "no", "osm_id": 738441641, "osm_type": "way"}}, {"type": "Feature", "geometry": {"type": "LineString", "coordinates": [[10.0053285, 53.5516017], [10.0053052, 53.5515866], [10.0052664, 53.5515813]]}, "properties": {"highway": "footway", "indoor": "yes", "level": "-1", "lit": "24/7", "surface": "paving_stones", "osm_id": 738441642, "osm_type": "way"}}, {"type": "Feature", "geometry": {"type": "LineString", "coordinates": [[10.0052963, 53.5519449], [10.0053416, 53.5519317]]}, "properties": {"highway": "footway", "indoor": "yes", "layer": "-1", "level": "-2", "osm_id": 739159729, "osm_type": "way"}}, {"type": "Feature", "geometry": {"type": "LineString", "coordinates": [[10.0053499, 53.5519347], [10.0052963, 53.5519449]]}, "properties": {"highway": "footway", "indoor": "yes", "layer": "-1", "level": "-2", "surface": "paving_stones", "osm_id": 739159730, "osm_type": "way"}}, {"type": "Feature", "geometry": {"type": "LineString", "coordinates": [[10.0054366, 53.5518891], [10.0054118, 53.5519153]]}, "properties": {"highway": "footway", "indoor": "yes", "layer": "-1", "level": "-1", "surface": "paving_stones", "osm_id": 739159732, "osm_type": "way"}}, {"type": "Feature", "geometry": {"type": "LineString", "coordinates": [[10.0054366, 53.5518891], [10.0054036, 53.5519113]]}, "properties": {"highway": "footway", "indoor": "yes", "layer": "-1", "level": "-1", "surface": "paving_stones", "osm_id": 739159733, "osm_type": "way"}}, {"type": "Feature", "geometry": {"type": "LineString", "coordinates": [[10.0054036, 53.5519113], [10.0053585, 53.5519464]]}, "properties": {"conveying": "backward", "highway": "steps", "incline": "up", "level": "-1;0", "lit": "yes", "surface": "metal", "osm_id": 739159734, "osm_type": "way"}}, {"type": "Feature", "geometry": {"type": "LineString", "coordinates": [[10.0054118, 53.5519153], [10.005368, 53.5519505]]}, "properties": {"conveying": "forward", "highway": "steps", "incline": "up", "level": "-1;0", "lit": "yes", "surface": "metal", "osm_id": 739159735, "osm_type": "way"}}, {"type": "Feature", "geometry": {"type": "LineString", "coordinates": [[10.0054071, 53.5518892], [10.0053793, 53.551912]]}, "properties": {"highway": "footway", "indoor": "yes", "layer": "-1", "level": "-1", "osm_id": 739159737, "osm_type": "way"}}, {"type": "Feature", "geometry": {"type": "LineString", "coordinates": [[10.0054071, 53.5518892], [10.0053718, 53.5519078]]}, "properties": {"highway": "footway", "indoor": "yes", "layer": "-1", "level": "-1", "surface": "paving_stones", "osm_id": 739159738, "osm_type": "way"}}, {"type": "Feature", "geometry": {"type": "LineString", "coordinates": [[10.0054071, 53.5518892], [10.0053794, 53.5518897]]}, "properties": {"highway": "footway", "indoor": "yes", "layer": "-1", "level": "-1", "surface": "paving_stones", "osm_id": 739159739, "osm_type": "way"}}, {"type": "Feature", "geometry": {"type": "LineString", "coordinates": [[10.0053416, 53.5519317], [10.0053718, 53.5519078]]}, "properties": {"conveying": "backward", "highway": "steps", "incline": "up", "level": "-1", "lit": "yes", "note": "Linksverkehr!", "surface": "metal", "osm_id": 739159740, "osm_type": "way"}}, {"type": "Feature", "geometry": {"type": "LineString", "coordinates": [[10.0053499, 53.5519347], [10.0053793, 53.551912]]}, "properties": {"conveying": "forward", "highway": "steps", "incline": "up", "level": "-1;-2", "lit": "yes", "surface": "metal", "osm_id": 739159741, "osm_type": "way"}}, {"type": "Feature", "geometry": {"type": "LineString", "coordinates": [[10.0053472, 53.5516818], [10.0053108, 53.5516769]]}, "properties": {"highway": "footway", "indoor": "yes", "layer": "-1", "level": "-1", "lit": "yes", "surface": "paving_stones", "osm_id": 739159742, "osm_type": "way"}}, {"type": "Feature", "geometry": {"type": "LineString", "coordinates": [[10.0053794, 53.5518897], [10.0052894, 53.5519204]]}, "properties": {"highway": "footway", "indoor": "yes", "layer": "-1", "level": "-1", "surface": "paving_stones", "osm_id": 739159743, "osm_type": "way"}}, {"type": "Feature", "geometry": {"type": "LineString", "coordinates": [[10.0052846, 53.5519309], [10.0052963, 53.5519449]]}, "properties": {"highway": "footway", "indoor": "yes", "layer": "-1", "level": "-2", "surface": "paving_stones", "osm_id": 739159744, "osm_type": "way"}}, {"type": "Feature", "geometry": {"type": "LineString", "coordinates": [[10.0053055, 53.5519233], [10.0053452, 53.5519103]]}, "properties": {"highway": "steps", "indoor": "yes", "layer": "-1", "level": "-1;-2", "step_count": "10", "osm_id": 739159745, "osm_type": "way"}}, {"type": "Feature", "geometry": {"type": "LineString", "coordinates": [[10.0054071, 53.5518892], [10.0054366, 53.5518891]]}, "properties": {"highway": "footway", "indoor": "yes", "layer": "-1", "level": "-1", "surface": "paving_stones", "osm_id": 739159746, "osm_type": "way"}}, {"type": "Feature", "geometry": {"type": "Polygon", "coordinates": [[[10.0052798, 53.5519191], [10.0052894, 53.5519204], [10.0052977, 53.5519215], [10.0052935, 53.5519322], [10.0052846, 53.5519309], [10.0052756, 53.5519297], [10.0052798, 53.5519191]]]}, "properties": {"highway": "elevator", "indoor": "room", "level": "-1;-2", "wheelchair": "yes", "osm_id": 739159747, "osm_type": "way"}}, {"type": "Feature", "geometry": {"type": "LineString", "coordinates": [[10.0053285, 53.5516017], [10.0053456, 53.551604]]}, "properties": {"highway": "footway", "indoor": "yes", "level": "-1", "surface": "paving_stones", "osm_id": 739159748, "osm_type": "way"}}, {"type": "Feature", "geometry": {"type": "LineString", "coordinates": [[10.005276, 53.5517807], [10.005312, 53.5517856]]}, "properties": {"highway": "footway", "indoor": "yes", "layer": "-1", "level": "-1", "lit": "yes", "name": "Mö-Passage", "surface": "paving_stones", "osm_id": 739159749, "osm_type": "way"}}, {"type": "Feature", "geometry": {"type": "Polygon", "coordinates": [[[10.0054287, 53.5517578], [10.0054367, 53.5517358], [10.0054759, 53.5517408], [10.0054679, 53.5517628], [10.0054287, 53.5517578]]]}, "properties": {"check_date:opening_hours": "2024-08-21", "indoor": "room", "indoor_seating": "no", "layer": "-1", "level": "-1", "name": "Schmalzkuchenbäckerei", "opening_hours:signed": "no", "outdoor_seating": "no", "payment:credit_cards": "yes", "payment:debit_cards": "yes", "shop": "bakery", "takeaway": "only", "wheelchair": "yes", "osm_id": 739159750, "osm_type": "way"}}, {"type": "Feature", "geometry": {"type": "Polygon", "coordinates": [[[10.005287, 53.55183], [10.0052942, 53.5518289], [10.0053014, 53.5518296], [10.0053077, 53.5518318], [10.0053121, 53.5518353], [10.0053139, 53.5518395], [10.0053129, 53.5518438], [10.0053091, 53.5518476], [10.0053032, 53.5518502], [10.0052961, 53.5518513], [10.0052888, 53.5518506], [10.0052825, 53.5518484], [10.0052781, 53.5518449], [10.0052763, 53.5518407], [10.0052774, 53.5518364], [10.0052811, 53.5518326], [10.005287, 53.55183]]]}, "properties": {"building": "service", "description": "Straße/Zwischenebene Südsteg", "highway": "elevator", "indoor": "room", "level": "-1;0", "manufacturer": "Grako Aufzüge", "ref": "552", "since": "1995", "wheelchair": "yes", "osm_id": 739159751, "osm_type": "way"}}, {"type": "Feature", "geometry": {"type": "Polygon", "coordinates": [[[10.005536, 53.5518209], [10.005471, 53.5518003], [10.005502, 53.5517666], [10.005567, 53.5517871], [10.005536, 53.5518209]]]}, "properties": {"amenity": "fast_food", "check_date:opening_hours": "2024-08-21", "diet:vegan": "yes", "diet:vegetarian": "yes", "indoor": "room", "indoor_seating": "no", "layer": "-1", "level": "-1", "name": "Frische Falafel Wrap", "opening_hours:signed": "no", "outdoor_seating": "no", "payment:credit_cards": "yes", "payment:debit_cards": "yes", "takeaway": "only", "wheelchair": "yes", "osm_id": 739159752, "osm_type": "way"}}, {"type": "Feature", "geometry": {"type": "Polygon", "coordinates": [[[10.0056432, 53.5518556], [10.005536, 53.5518209], [10.005567, 53.5517871], [10.0056742, 53.5518219], [10.0056432, 53.5518556]]]}, "properties": {"alt_name": "Dunkin' Donuts", "amenity": "fast_food", "brand": "Dunkin'", "brand:wikidata": "Q847743", "brand:wikipedia": "en:Dunkin' Donuts", "check_date:opening_hours": "2024-08-21", "cuisine": "donut;coffee_shop", "diet:vegan": "no", "diet:vegetarian": "yes", "indoor": "room", "indoor_seating": "yes", "layer": "-1", "level": "-1", "name": "Dunkin'", "opening_hours:signed": "no", "outdoor_seating": "no", "smoking": "no", "takeaway": "yes", "wheelchair": "yes", "osm_id": 739159753, "osm_type": "way"}}, {"type": "Feature", "geometry": {"type": "Polygon", "coordinates": [[[10.0057539, 53.5519373], [10.005756, 53.5519389], [10.0057554, 53.5519409], [10.005753, 53.5519423], [10.0057489, 53.5519419], [10.0056111, 53.5518965], [10.0056092, 53.5518949], [10.0056096, 53.5518927], [10.0056118, 53.5518916], [10.0056152, 53.5518915], [10.0057539, 53.5519373]]]}, "properties": {"osm_id": 739159754, "osm_type": "way"}}, {"type": "Feature", "geometry": {"type": "Polygon", "coordinates": [[[10.0057759, 53.551951], [10.0057737, 53.5519495], [10.0057739, 53.5519474], [10.0057764, 53.5519461], [10.0057804, 53.5519461], [10.0059161, 53.5519908], [10.0059187, 53.5519925], [10.0059184, 53.5519945], [10.0059157, 53.5519959], [10.0059115, 53.5519956], [10.0057759, 53.551951]]]}, "properties": {"osm_id": 739159755, "osm_type": "way"}}, {"type": "Feature", "geometry": {"type": "Polygon", "coordinates": [[[10.0056509, 53.5519748], [10.0055614, 53.5519449], [10.0055285, 53.5519776], [10.0056825, 53.5520294], [10.0057214, 53.5519865], [10.005711, 53.5519837], [10.0056995, 53.5519807], [10.0056886, 53.5519789], [10.0056777, 53.5519771], [10.0056643, 53.5519752], [10.0056509, 53.5519748]]]}, "properties": {"amenity": "fast_food", "check_date:opening_hours": "2024-08-21", "cuisine": "kebab", "diet:vegan": "no", "diet:vegetarian": "yes", "indoor": "room", "indoor_seating": "yes", "layer": "-1", "level": "-1", "name": "Tunnel Döner", "opening_hours:signed": "no", "outdoor_seating": "no", "payment:alipay": "yes", "payment:american_express": "yes", "payment:cash": "yes", "payment:credit_cards": "yes", "payment:debit_cards": "yes", "payment:diners_club": "yes", "payment:discover_card": "yes", "payment:girocard": "yes", "payment:jcb": "yes", "payment:maestro": "yes", "payment:mastercard": "yes", "payment:unionpay": "yes", "payment:v_pay": "yes", "payment:visa": "yes", "smoking": "no", "wheelchair": "yes", "osm_id": 739159756, "osm_type": "way"}}, {"type": "Feature", "geometry": {"type": "Polygon", "coordinates": [[[10.0057214, 53.5519865], [10.0056825, 53.5520294], [10.0058387, 53.5520824], [10.0058713, 53.5520476], [10.005771, 53.5520145], [10.005764, 53.5520077], [10.0057563, 53.5520025], [10.005748, 53.5519977], [10.00574, 53.5519936], [10.005731, 53.5519899], [10.0057214, 53.5519865]]]}, "properties": {"check_date:opening_hours": "2024-08-21", "cuisine": "turkish", "indoor": "room", "indoor_seating": "no", "layer": "-1", "level": "-1", "name": "Tunnel Bäcker", "opening_hours:signed": "no", "outdoor_seating": "no", "payment:credit_cards": "yes", "payment:debit_cards": "yes", "shop": "bakery", "takeaway": "only", "wheelchair": "yes", "osm_id": 739159757, "osm_type": "way"}}, {"type": "Feature", "geometry": {"type": "LineString", "coordinates": [[10.0071454, 53.552256], [10.0071693, 53.5522456]]}, "properties": {"highway": "footway", "indoor": "yes", "level": "0", "lit": "24/7", "surface": "asphalt", "osm_id": 739159763, "osm_type": "way"}}, {"type": "Feature", "geometry": {"type": "LineString", "coordinates": [[10.0072049, 53.5521563], [10.007223, 53.5521505]]}, "properties": {"highway": "footway", "indoor": "yes", "level": "0", "surface": "asphalt", "osm_id": 739159764, "osm_type": "way"}}, {"type": "Feature", "geometry": {"type": "LineString", "coordinates": [[10.0067233, 53.5520978], [10.0067441, 53.5520898]]}, "properties": {"highway": "footway", "indoor": "yes", "level": "0", "surface": "asphalt", "osm_id": 739159765, "osm_type": "way"}}, {"type": "Feature", "geometry": {"type": "LineString", "coordinates": [[10.0066707, 53.5521985], [10.0066914, 53.5521887]]}, "properties": {"highway": "footway", "indoor": "yes", "level": "0", "lit": "24/7", "surface": "asphalt", "osm_id": 739159766, "osm_type": "way"}}, {"type": "Feature", "geometry": {"type": "LineString", "coordinates": [[10.0064257, 53.5520542], [10.0064411, 53.5520497]]}, "properties": {"highway": "footway", "indoor": "yes", "level": "0", "lit": "24/7", "surface": "asphalt", "osm_id": 739159767, "osm_type": "way"}}, {"type": "Feature", "geometry": {"type": "LineString", "coordinates": [[10.0063716, 53.5521623], [10.0063894, 53.5521556]]}, "properties": {"highway": "footway", "indoor": "yes", "level": "0", "lit": "24/7", "surface": "asphalt", "osm_id": 739159768, "osm_type": "way"}}, {"type": "Feature", "geometry": {"type": "LineString", "coordinates": [[10.0047086, 53.5523699], [10.0046605, 53.5524786]]}, "properties": {"conveying": "forward", "highway": "steps", "incline": "up", "indoor": "yes", "level": "-2;0", "lit": "yes", "osm_id": 739680216, "osm_type": "way"}}, {"type": "Feature", "geometry": {"type": "LineString", "coordinates": [[10.0046911, 53.5523663], [10.004643, 53.5524751]]}, "properties": {"conveying": "backward", "highway": "steps", "incline": "up", "indoor": "yes", "level": "-2;0", "lit": "yes", "osm_id": 739748380, "osm_type": "way"}}, {"type": "Feature", "geometry": {"type": "Polygon", "coordinates": [[[10.0052977, 53.5519215], [10.0052935, 53.5519322], [10.0052846, 53.5519309], [10.0052756, 53.5519297], [10.005252, 53.5519379], [10.0052309, 53.5519936], [10.005215, 53.5520415], [10.0051211, 53.5520755], [10.0050211, 53.5521108], [10.0050156, 53.5521245], [10.0050462, 53.5521291], [10.0050769, 53.5521333], [10.0051834, 53.5520979], [10.0052686, 53.5520697], [10.0053083, 53.5519665], [10.0053207, 53.5519678], [10.0053584, 53.551938], [10.0053884, 53.5519161], [10.0053793, 53.551912], [10.0053718, 53.5519078], [10.0053452, 53.5519103], [10.0053398, 53.5519079], [10.0052977, 53.5519215]]]}, "properties": {"description": "Mö-Passage", "indoor": "area", "level": "-2", "osm_id": 753327239, "osm_type": "way"}}, {"type": "Feature", "geometry": {"type": "LineString", "coordinates": [[10.0054366, 53.5518891], [10.005473, 53.5518618]]}, "properties": {"highway": "footway", "indoor": "yes", "layer": "-1", "level": "-1", "surface": "paving_stones", "osm_id": 753327240, "osm_type": "way"}}, {"type": "Feature", "geometry": {"type": "LineString", "coordinates": [[10.0053794, 53.5518897], [10.0053452, 53.5519103]]}, "properties": {"highway": "footway", "indoor": "yes", "layer": "-1", "level": "-1", "surface": "paving_stones", "osm_id": 753327241, "osm_type": "way"}}, {"type": "Feature", "geometry": {"type": "Polygon", "coordinates": [[[10.0050156, 53.5521245], [10.0046771, 53.5520787], [10.0046277, 53.5522053], [10.0049642, 53.552253], [10.0049822, 53.5522092], [10.0050432, 53.5522184], [10.0050769, 53.5521333], [10.0050462, 53.5521291], [10.0050156, 53.5521245]]]}, "properties": {"addr:housenumber": "3", "addr:street": "Spitalerstraße", "amenity": "fast_food", "indoor": "room", "inline_skates": "no", "layer": "-1", "level": "-2", "name": "Hansa Curry", "osm_id": 753327242, "osm_type": "way"}}, {"type": "Feature", "geometry": {"type": "LineString", "coordinates": [[10.0068942, 53.5517112], [10.0069223, 53.5515858]]}, "properties": {"access": "yes", "check_date": "2022-03-27", "handrail": "yes", "highway": "steps", "incline": "down", "level": "0;-1", "lit": "yes", "ramp": "no", "step_count": "39", "surface": "metal", "tactile_paving": "yes", "osm_id": 963178647, "osm_type": "way"}}, {"type": "Feature", "geometry": {"type": "LineString", "coordinates": [[10.0065686, 53.5516682], [10.0066, 53.5515478]]}, "properties": {"access": "yes", "check_date": "2022-03-27", "handrail": "yes", "highway": "steps", "incline": "down", "level": "0;-1", "lit": "yes", "platform_lift": "no", "ramp": "no", "step_count": "39", "surface": "metal", "tactile_paving": "yes", "tactile_writing": "yes", "osm_id": 963178649, "osm_type": "way"}}, {"type": "Feature", "geometry": {"type": "LineString", "coordinates": [[10.0026776, 53.5514498], [10.0026501, 53.5514458]]}, "properties": {"highway": "footway", "level": "-1", "lit": "24/7", "surface": "paving_stones", "tunnel": "yes", "osm_id": 1065104641, "osm_type": "way"}}, {"type": "Feature", "geometry": {"type": "LineString", "coordinates": [[10.0027295, 53.5513146], [10.0027002, 53.5513102]]}, "properties": {"highway": "footway", "level": "-1", "lit": "24/7", "surface": "paving_stones", "tunnel": "yes", "osm_id": 1065104642, "osm_type": "way"}}, {"type": "Feature", "geometry": {"type": "LineString", "coordinates": [[10.0028059, 53.5514495], [10.0029827, 53.5514737]]}, "properties": {"handrail": "yes", "highway": "steps", "incline": "down", "level": "0;-1", "lit": "24/7", "ramp": "no", "step_count": "32", "surface": "concrete", "tactile_paving": "no", "osm_id": 1065115488, "osm_type": "way"}}, {"type": "Feature", "geometry": {"type": "LineString", "coordinates": [[10.0028471, 53.5513507], [10.0030262, 53.551375]]}, "properties": {"handrail": "yes", "highway": "steps", "incline": "up", "level": "0;-1", "lit": "24/7", "ramp": "no", "step_count": "32", "surface": "paving_stones", "tactile_paving": "no", "osm_id": 1065878607, "osm_type": "way"}}, {"type": "Feature", "geometry": {"type": "LineString", "coordinates": [[10.0065339, 53.5515422], [10.0066, 53.5515478], [10.0066828, 53.5515548]]}, "properties": {"highway": "footway", "indoor": "yes", "level": "-1", "lit": "yes", "surface": "paving_stones", "osm_id": 1309925177, "osm_type": "way"}}, {"type": "Feature", "geometry": {"type": "LineString", "coordinates": [[10.0068347, 53.5515799], [10.0069223, 53.5515858], [10.006999, 53.551591]]}, "properties": {"highway": "footway", "indoor": "yes", "level": "-1", "lit": "yes", "surface": "paving_stones", "osm_id": 1309925178, "osm_type": "way"}}, {"type": "Feature", "geometry": {"type": "LineString", "coordinates": [[10.0070557, 53.5518343], [10.0072512, 53.551859], [10.0072558, 53.5518448]]}, "properties": {"highway": "footway", "level": "0", "surface": "concrete", "osm_id": 1529203560, "osm_type": "way"}}, {"type": "Feature", "geometry": {"type": "LineString", "coordinates": [[10.0086911, 53.5521021], [10.0087905, 53.5521112], [10.0088896, 53.5521131], [10.008998, 53.5521087], [10.0090766, 53.5521084], [10.0091799, 53.5521089], [10.0093183, 53.5521112], [10.0094439, 53.5521153], [10.0095881, 53.5521225], [10.0097188, 53.5521355], [10.0098613, 53.5521508], [10.0099966, 53.5521646], [10.010104, 53.5521762], [10.0101969, 53.5521944], [10.0102928, 53.5522182], [10.0104236, 53.5522445], [10.0106277, 53.5522688]]}, "properties": {"electrified": "rail", "electrified:rail": "bottom", "frequency": "0", "gauge": "1435", "layer": "-2", "level": "-2", "network": "HVV", "operator": "Hamburger Hochbahn AG", "railway": "subway", "railway:traffic_mode": "passenger", "tunnel": "yes", "voltage": "750", "osm_id": 27923477, "osm_type": "way"}}, {"type": "Feature", "geometry": {"type": "LineString", "coordinates": [[10.0080587, 53.5509369], [10.0083606, 53.5507507], [10.008382, 53.5507375]]}, "properties": {"electrified": "contact_line", "frequency": "16.7", "gauge": "1435", "highspeed": "yes", "level": "-1", "name": "Berlin-Hamburger Bahn", "operator": "DB InfraGO AG", "railway": "rail", "railway:pzb": "yes", "railway:track_ref": "8", "ref": "6100", "tracks": "1", "usage": "main", "voltage": "15000", "workrules": "DE:EBO", "osm_id": 28679282, "osm_type": "way"}}, {"type": "Feature", "geometry": {"type": "LineString", "coordinates": [[10.0091269, 53.5503661], [10.0088772, 53.5504706], [10.0084629, 53.5506461], [10.0084513, 53.5506517], [10.0082967, 53.5507254], [10.0081372, 53.5508129], [10.0079819, 53.5509075]]}, "properties": {"electrified": "contact_line", "frequency": "16.7", "gauge": "1435", "level": "-1", "operator": "DB Netz AG", "railway": "rail", "railway:track_ref": "31", "service": "crossover", "voltage": "15000", "workrules": "DE:EBO", "osm_id": 28679283, "osm_type": "way"}}, {"type": "Feature", "geometry": {"type": "LineString", "coordinates": [[10.0082291, 53.551022], [10.0083779, 53.5509031], [10.0085301, 53.5508076], [10.0085598, 53.5507873], [10.0085892, 53.5507694], [10.0086249, 53.5507476], [10.0086562, 53.5507285], [10.0088969, 53.5506004], [10.0094301, 53.5503376], [10.0095679, 53.5502759], [10.0100823, 53.5500738], [10.0102893, 53.550003], [10.0105056, 53.549936]]}, "properties": {"electrified": "contact_line", "frequency": "16.7", "gauge": "1435", "int_name": "Vogelfluglinie", "level": "-1", "name": "Lübeck-Hamburger Bahn", "operator": "DB InfraGO AG", "railway": "rail", "railway:lzb": "no", "railway:pzb": "yes", "railway:track_ref": "6", "ref": "1120", "usage": "main", "voltage": "15000", "workrules": "DE:EBO", "osm_id": 28679356, "osm_type": "way"}}, {"type": "Feature", "geometry": {"type": "LineString", "coordinates": [[10.0085678, 53.5508698], [10.008603, 53.5508493], [10.0087291, 53.5507713], [10.0089213, 53.5506524], [10.0091904, 53.5505067], [10.0094632, 53.5503743]]}, "properties": {"electrified": "contact_line", "frequency": "16.7", "gauge": "1435", "highspeed": "yes", "level": "-1", "name": "Berlin-Hamburger Bahn", "operator": "DB InfraGO AG", "railway": "rail", "railway:lzb": "no", "railway:pzb": "yes", "railway:track_ref": "5", "ref": "6100", "usage": "main", "voltage": "15000", "workrules": "DE:EBO", "osm_id": 28679357, "osm_type": "way"}}, {"type": "Feature", "geometry": {"type": "LineString", "coordinates": [[10.0093799, 53.550522], [10.0099591, 53.5502756], [10.0102167, 53.5501829], [10.0104214, 53.550117], [10.0106267, 53.5500548], [10.0107773, 53.5500124], [10.0110755, 53.5499339], [10.0112832, 53.549887], [10.011492, 53.549839]]}, "properties": {"commuting": "yes", "electrified": "rail", "frequency": "0", "gauge": "1435", "level": "-1", "name": "City-S-Bahn", "network": "Hamburger Verkehrsverbund", "operator": "S-Bahn Hamburg GmbH", "operator:wikidata": "Q99869216", "railway": "light_rail", "railway:bidirectional": "regular", "railway:etcs": "no", "railway:pzb": "yes", "railway:traffic_mode": "passenger", "ref": "1241", "usage": "main", "voltage": "1200", "osm_id": 28679359, "osm_type": "way"}}, {"type": "Feature", "geometry": {"type": "LineString", "coordinates": [[10.0096173, 53.5506146], [10.0091038, 53.5509546], [10.0089357, 53.5511136], [10.0089107, 53.5511403], [10.0087926, 53.5512589], [10.0087885, 53.5512641], [10.0086731, 53.5513891], [10.0085868, 53.5515284], [10.008526, 53.5516489], [10.008453, 53.5518206], [10.0083997, 53.5519762], [10.0083426, 53.5521376], [10.0083178, 53.5522329]]}, "properties": {"commuting": "yes", "electrified": "rail", "frequency": "0", "gauge": "1435", "layer": "-1", "level": "-1", "network": "Hamburger Verkehrsverbund", "operator": "S-Bahn Hamburg GmbH", "operator:wikidata": "Q99869216", "railway": "light_rail", "railway:ballastless": "no", "railway:bidirectional": "regular", "railway:etcs": "no", "railway:preferred_direction": "forward", "railway:pzb": "yes", "railway:traffic_mode": "passenger", "ref": "1241", "tunnel": "yes", "usage": "main", "voltage": "1200", "osm_id": 28680436, "osm_type": "way"}}, {"type": "Feature", "geometry": {"type": "LineString", "coordinates": [[10.0082217, 53.5522252], [10.0081897, 53.5523071]]}, "properties": {"highway": "steps", "incline": "up", "indoor": "yes", "level": "-2;-1", "note": "die beiden Treppen liegen direkt übereinander", "surface": "paving_stones", "tactile_paving": "yes", "osm_id": 28686963, "osm_type": "way"}}, {"type": "Feature", "geometry": {"type": "LineString", "coordinates": [[10.0094558, 53.5505844], [10.0091811, 53.550771], [10.0089925, 53.5508979], [10.0088537, 53.551031], [10.0087815, 53.5511093], [10.00869, 53.5511979], [10.0086726, 53.5512154], [10.0084394, 53.5515172]]}, "properties": {"commuting": "yes", "electrified": "rail", "frequency": "0", "gauge": "1435", "layer": "-1", "level": "-1", "name": "Verbindungsbahn", "network": "Hamburger Verkehrsverbund", "operator": "S-Bahn Hamburg GmbH", "operator:wikidata": "Q99869216", "railway": "light_rail", "railway:ballastless": "no", "railway:bidirectional": "regular", "railway:etcs": "no", "railway:preferred_direction": "forward", "railway:pzb": "yes", "railway:traffic_mode": "passenger", "ref": "1244", "tunnel": "yes", "usage": "main", "voltage": "1200", "osm_id": 29180363, "osm_type": "way"}}, {"type": "Feature", "geometry": {"type": "LineString", "coordinates": [[10.0088673, 53.5525642], [10.00903, 53.5525837]]}, "properties": {"handrail": "yes", "highway": "steps", "incline": "up", "indoor": "yes", "level": "-1;0", "lit": "yes", "platform_lift": "no", "ramp": "no", "step_count": "34", "surface": "concrete", "tactile_paving": "yes", "osm_id": 41891868, "osm_type": "way"}}, {"type": "Feature", "geometry": {"type": "LineString", "coordinates": [[10.0086223, 53.5524408], [10.0084443, 53.5524199]]}, "properties": {"conveying": "forward", "covered": "yes", "description": "Halle A / Ausgang (zum Südsteg)", "highway": "steps", "incline": "up", "indoor": "yes", "layer": "-1", "level": "-1;0", "surface": "metal", "osm_id": 41891870, "osm_type": "way"}}, {"type": "Feature", "geometry": {"type": "LineString", "coordinates": [[10.008747, 53.5524467], [10.0086433, 53.5524345]]}, "properties": {"highway": "footway", "indoor": "yes", "layer": "-1", "level": "-1", "surface": "paving_stones", "tunnel": "yes", "osm_id": 41891871, "osm_type": "way"}}, {"type": "Feature", "geometry": {"type": "LineString", "coordinates": [[10.0101597, 53.5524921], [10.01011, 53.5524601], [10.0101458, 53.5523113], [10.0101491, 53.5522964], [10.010163, 53.5522325], [10.0101665, 53.5522161], [10.0101839, 53.5521358], [10.010122, 53.5521007], [10.0101342, 53.5520416]]}, "properties": {"highway": "footway", "indoor": "yes", "layer": "-1", "level": "-1", "tunnel": "yes", "wheelchair": "yes", "osm_id": 41891873, "osm_type": "way"}}, {"type": "Feature", "geometry": {"type": "LineString", "coordinates": [[10.0087419, 53.551878], [10.0086002, 53.55187]]}, "properties": {"handrail": "yes", "highway": "steps", "incline": "up", "indoor": "yes", "level": "-1;0", "lit": "yes", "ramp": "no", "step_count": "41", "surface": "asphalt", "tactile_paving": "no", "osm_id": 41891874, "osm_type": "way"}}, {"type": "Feature", "geometry": {"type": "LineString", "coordinates": [[10.0103682, 53.5520586], [10.010535, 53.552068]]}, "properties": {"handrail": "yes", "highway": "steps", "incline": "up", "level": "-1;0", "lit": "24/7", "ramp": "no", "step_count": "37", "surface": "paving_stones", "tactile_paving": "incorrect", "osm_id": 41905109, "osm_type": "way"}}, {"type": "Feature", "geometry": {"type": "LineString", "coordinates": [[10.0084394, 53.5515172], [10.0082946, 53.5517918], [10.0082248, 53.5519484], [10.0081525, 53.5521138], [10.0081243, 53.5522111]]}, "properties": {"commuting": "yes", "electrified": "rail", "frequency": "0", "gauge": "1435", "layer": "-1", "level": "-1", "name": "Verbindungsbahn", "network": "Hamburger Verkehrsverbund", "operator": "S-Bahn Hamburg GmbH", "operator:wikidata": "Q99869216", "railway": "light_rail", "railway:preferred_direction": "forward", "railway:pzb": "yes", "railway:traffic_mode": "passenger", "ref": "1244", "tunnel": "yes", "usage": "main", "voltage": "1200", "osm_id": 42712750, "osm_type": "way"}}, {"type": "Feature", "geometry": {"type": "LineString", "coordinates": [[10.0086721, 53.5508671], [10.0089603, 53.5506883], [10.0092414, 53.5505327], [10.0094313, 53.5504455], [10.0095459, 53.5503916], [10.0099059, 53.5502431], [10.01039, 53.5500729]]}, "properties": {"commuting": "yes", "electrified": "rail", "frequency": "0", "gauge": "1435", "highspeed": "no", "level": "-1", "name": "Verbindungsbahn", "network": "Hamburger Verkehrsverbund", "operator": "S-Bahn Hamburg GmbH", "operator:wikidata": "Q99869216", "railway": "light_rail", "railway:etcs": "no", "railway:gnt": "no", "railway:lzb": "no", "railway:preferred_direction": "forward", "railway:pzb": "yes", "railway:radio": "gsm-r", "railway:traffic_mode": "passenger", "ref": "1244", "usage": "main", "voltage": "1200", "osm_id": 42764951, "osm_type": "way"}}, {"type": "Feature", "geometry": {"type": "Polygon", "coordinates": [[[10.0103747, 53.5519789], [10.0103499, 53.5519763], [10.0102901, 53.5519701], [10.01027, 53.551968], [10.0100108, 53.5519497], [10.009981, 53.5519476], [10.0095364, 53.551916], [10.009136, 53.5518875], [10.0089346, 53.5518733], [10.0089182, 53.5519579], [10.0091184, 53.5519719], [10.0094504, 53.5519951], [10.0095244, 53.5520002], [10.0096373, 53.5520081], [10.0099638, 53.552031], [10.0099943, 53.552033], [10.01025, 53.5520513], [10.0102736, 53.5520516], [10.0103336, 53.5520551], [10.0103584, 53.5520563], [10.0103747, 53.5519789]]]}, "properties": {"osm_id": 43178595, "osm_type": "way"}}, {"type": "Feature", "geometry": {"type": "LineString", "coordinates": [[10.0083373, 53.552175], [10.0085412, 53.5521946]]}, "properties": {"conveying": "forward", "description": "Tunnel (zu den S-Bahngleisen 1-4) / Halle A", "highway": "steps", "incline": "up", "indoor": "yes", "layer": "-1", "level": "-2;-1", "operator": "Hamburger Hochbahn AG", "ref": "011", "step_count": "23", "surface": "metal", "time": "20 sec", "tunnel": "yes", "width": "100 cm", "osm_id": 44328092, "osm_type": "way"}}, {"type": "Feature", "geometry": {"type": "LineString", "coordinates": [[10.0083373, 53.552175], [10.0083124, 53.55218], [10.0082502, 53.5521737], [10.0082201, 53.5521458], [10.0078316, 53.5520948], [10.0078234, 53.5521182]]}, "properties": {"access": "customers", "customers": "HVV", "highway": "footway", "indoor": "yes", "layer": "-2", "level": "-2", "lit": "yes", "surface": "asphalt", "tunnel": "yes", "osm_id": 44328094, "osm_type": "way"}}, {"type": "Feature", "geometry": {"type": "LineString", "coordinates": [[10.0082502, 53.5521737], [10.0082377, 53.5522091]]}, "properties": {"access": "customers", "customers": "HVV", "highway": "footway", "indoor": "yes", "layer": "-2", "level": "-2", "surface": "paving_stones", "tunnel": "yes", "osm_id": 44328097, "osm_type": "way"}}, {"type": "Feature", "geometry": {"type": "LineString", "coordinates": [[10.0082141, 53.5522259], [10.0081852, 53.5523068]]}, "properties": {"access": "customers", "customers": "HVV", "highway": "steps", "incline": "up", "indoor": "yes", "layer": "-1", "level": "-1;0", "note": "die beiden Treppen liegen direkt übereinander", "osm_id": 44328098, "osm_type": "way"}}, {"type": "Feature", "geometry": {"type": "LineString", "coordinates": [[10.0090444, 53.5521441], [10.0090815, 53.5521602]]}, "properties": {"highway": "footway", "indoor": "yes", "layer": "-1", "level": "-1", "tunnel": "yes", "wheelchair": "yes", "osm_id": 44328107, "osm_type": "way"}}, {"type": "Feature", "geometry": {"type": "LineString", "coordinates": [[10.0099601, 53.5522838], [10.0100587, 53.5522906]]}, "properties": {"conveying": "backward", "description": "Halle B / Bahnsteig Gleis 4 (U3)", "highway": "steps", "incline": "up", "indoor": "yes", "layer": "-1", "level": "-1;-2", "operator": "Hamburger Hochbahn AG", "ref": "182", "step_count": "20", "time": "16 sec", "tunnel": "yes", "width": "100 cm", "osm_id": 44328109, "osm_type": "way"}}, {"type": "Feature", "geometry": {"type": "LineString", "coordinates": [[10.0115059, 53.5498893], [10.0108798, 53.5500403], [10.0104322, 53.5501758], [10.010114, 53.550284], [10.0098122, 53.5504048], [10.0094802, 53.5505694], [10.0094682, 53.5505755], [10.0094558, 53.5505844]]}, "properties": {"commuting": "yes", "electrified": "rail", "frequency": "0", "gauge": "1435", "level": "-1", "name": "Verbindungsbahn", "network": "Hamburger Verkehrsverbund", "operator": "S-Bahn Hamburg GmbH", "operator:wikidata": "Q99869216", "railway": "light_rail", "railway:bidirectional": "regular", "railway:etcs": "no", "railway:preferred_direction": "forward", "railway:pzb": "yes", "railway:traffic_mode": "passenger", "ref": "1244", "usage": "main", "voltage": "1200", "osm_id": 44329811, "osm_type": "way"}}, {"type": "Feature", "geometry": {"type": "LineString", "coordinates": [[10.0115322, 53.5499302], [10.0112372, 53.5499933], [10.0106769, 53.5501502], [10.0103303, 53.5502722], [10.0100604, 53.5503903], [10.0099068, 53.5504644], [10.0096674, 53.55059], [10.0096418, 53.5506026], [10.0096173, 53.5506146]]}, "properties": {"commuting": "yes", "electrified": "rail", "frequency": "0", "gauge": "1435", "level": "-1", "network": "Hamburger Verkehrsverbund", "operator": "S-Bahn Hamburg GmbH", "operator:wikidata": "Q99869216", "railway": "light_rail", "railway:bidirectional": "regular", "railway:etcs": "no", "railway:preferred_direction": "forward", "railway:pzb": "yes", "railway:traffic_mode": "passenger", "ref": "1241", "usage": "main", "voltage": "1200", "osm_id": 44329812, "osm_type": "way"}}, {"type": "Feature", "geometry": {"type": "LineString", "coordinates": [[10.0081587, 53.5509903], [10.0082797, 53.5508969], [10.0084124, 53.5508045], [10.0085461, 53.5507335], [10.0090459, 53.5504683], [10.0091546, 53.5504188], [10.0095878, 53.5502216], [10.0098476, 53.5501129], [10.0104545, 53.5499038]]}, "properties": {"electrified": "contact_line", "frequency": "16.7", "gauge": "1435", "int_name": "Vogelfluglinie", "level": "-1", "name": "Lübeck-Hamburger Bahn", "operator": "DB InfraGO AG", "railway": "rail", "railway:lzb": "no", "railway:pzb": "yes", "railway:track_ref": "7", "ref": "1120", "usage": "main", "voltage": "15000", "workrules": "DE:EBO", "osm_id": 44329825, "osm_type": "way"}}, {"type": "Feature", "geometry": {"type": "LineString", "coordinates": [[10.0073896, 53.5508661], [10.0073873, 53.5506829], [10.007372, 53.5505172], [10.0073517, 53.5502167]]}, "properties": {"electrified": "contact_line", "frequency": "16.7", "gauge": "1435", "layer": "-1", "level": "-1", "operator": "DB Netz AG", "railway": "rail", "railway:pzb": "yes", "service": "siding", "voltage": "15000", "workrules": "DE:EBO", "osm_id": 59267961, "osm_type": "way"}}, {"type": "Feature", "geometry": {"type": "Polygon", "coordinates": [[[10.009174, 53.5522029], [10.0092973, 53.5522116], [10.0093113, 53.5522126], [10.0093259, 53.5522136], [10.0093372, 53.5522143], [10.0093317, 53.552244], [10.0094461, 53.5522514], [10.0094515, 53.5522221], [10.0094639, 53.5522229], [10.0094781, 53.5522239], [10.0094923, 53.5522249], [10.0096336, 53.5522346], [10.0096477, 53.5522355], [10.0096623, 53.5522365], [10.009804, 53.5522461], [10.0098177, 53.5522472], [10.0098322, 53.5522483], [10.0099649, 53.5522571], [10.0099619, 53.5522737], [10.0099601, 53.5522838], [10.0099572, 53.5522995], [10.0099554, 53.5523096], [10.0100541, 53.5523159], [10.0100853, 53.5523088], [10.010206, 53.5523032], [10.0102323, 53.5523176], [10.0101273, 53.5523264], [10.010052, 53.5523289], [10.0099508, 53.5523268], [10.0098262, 53.5523227], [10.0096874, 53.5523175], [10.0095481, 53.5523102], [10.0094226, 53.5522991], [10.0093111, 53.5522881], [10.0091616, 53.5522725], [10.0090639, 53.5522616], [10.0089707, 53.5522454], [10.0088816, 53.5522267], [10.0089162, 53.5522154], [10.0090433, 53.5522357], [10.0090657, 53.5522493], [10.0091642, 53.5522555], [10.0091658, 53.552247], [10.0091691, 53.5522293], [10.009171, 53.5522197], [10.009174, 53.5522029]]]}, "properties": {"access": "customers", "area": "yes", "bench": "yes", "bin": "yes", "customers": "HVV", "indoor": "area", "layer": "-2", "level": "-2", "name": "Hauptbahnhof Süd", "public_transport": "platform", "railway": "platform", "railway:track_ref": "4", "ref": "4", "ref:IFOPT": "de:02000:10906:2:109017", "subway": "yes", "tactile_paving": "yes", "tunnel": "yes", "wheelchair": "yes", "osm_id": 99048980, "osm_type": "way"}}, {"type": "Feature", "geometry": {"type": "LineString", "coordinates": [[10.0126326, 53.5523095], [10.0125327, 53.552304], [10.0122193, 53.5522805], [10.0119571, 53.5522536], [10.011774, 53.5522326], [10.0115382, 53.5521976], [10.0112993, 53.5521639], [10.0109489, 53.5521137]]}, "properties": {"electrified": "rail", "electrified:rail": "bottom", "frequency": "0", "gauge": "1435", "layer": "-2", "level": "-2", "network": "HVV", "railway": "subway", "railway:traffic_mode": "passenger", "tunnel": "yes", "voltage": "750", "osm_id": 99048991, "osm_type": "way"}}, {"type": "Feature", "geometry": {"type": "LineString", "coordinates": [[10.0088443, 53.5522134], [10.0088778, 53.5522109], [10.009019, 53.5522264], [10.0090703, 53.5522235]]}, "properties": {"highway": "footway", "indoor": "yes", "layer": "-1", "level": "-1", "surface": "asphalt", "tunnel": "yes", "osm_id": 99048992, "osm_type": "way"}}, {"type": "Feature", "geometry": {"type": "LineString", "coordinates": [[10.0076657, 53.5515984], [10.0078791, 53.5516715], [10.0079871, 53.5517033], [10.0081245, 53.5517416], [10.0082785, 53.5517792], [10.0084061, 53.5518054], [10.0085522, 53.5518263], [10.0086682, 53.5518362], [10.0088989, 53.5518513], [10.0096592, 53.5519032], [10.0101308, 53.5519352], [10.010232, 53.5519462], [10.0103187, 53.5519557], [10.0104113, 53.5519663], [10.010532, 53.5519808]]}, "properties": {"electrified": "rail", "electrified:rail": "bottom", "frequency": "0", "gauge": "1435", "layer": "-2", "level": "-2", "network": "HVV", "railway": "subway", "railway:track_ref": "1", "railway:traffic_mode": "passenger", "tunnel": "yes", "voltage": "750", "osm_id": 99048996, "osm_type": "way"}}, {"type": "Feature", "geometry": {"type": "LineString", "coordinates": [[10.0095417, 53.5505911], [10.0091585, 53.5508756], [10.0090556, 53.5509851], [10.0089357, 53.5511136]]}, "properties": {"electrified": "rail", "frequency": "0", "gauge": "1435", "layer": "-1", "level": "-1", "network": "HVV", "operator": "DB Netz AG", "railway": "light_rail", "railway:ballastless": "no", "railway:bidirectional": "regular", "railway:etcs": "no", "railway:preferred_direction": "forward", "railway:pzb": "yes", "railway:radio": "gsm-r", "railway:traffic_mode": "passenger", "service": "crossover", "source": "Bing;Aeroview", "tunnel": "yes", "voltage": "1200", "workrules": "DE:EBO", "osm_id": 107889618, "osm_type": "way"}}, {"type": "Feature", "geometry": {"type": "LineString", "coordinates": [[10.0104214, 53.550117], [10.010249, 53.5501847], [10.0099839, 53.5502894], [10.0097832, 53.5503872], [10.0096265, 53.5504746], [10.0094802, 53.5505694]]}, "properties": {"electrified": "rail", "frequency": "0", "gauge": "1435", "level": "-1", "network": "HVV", "operator": "DB Netz AG", "railway": "light_rail", "railway:ballastless": "no", "railway:bidirectional": "regular", "railway:etcs": "no", "railway:pzb": "yes", "railway:radio": "gsm-r", "railway:traffic_mode": "passenger", "service": "crossover", "voltage": "1200", "workrules": "DE:EBO", "osm_id": 107889622, "osm_type": "way"}}, {"type": "Feature", "geometry": {"type": "LineString", "coordinates": [[10.0104322, 53.5501758], [10.0100494, 53.5503257], [10.0098779, 53.5504038], [10.009721, 53.5504878], [10.0095626, 53.5505809], [10.0095417, 53.5505911]]}, "properties": {"electrified": "rail", "frequency": "0", "gauge": "1435", "level": "-1", "maxspeed": "40", "network": "HVV", "operator": "DB Netz AG", "railway": "light_rail", "railway:ballastless": "no", "railway:bidirectional": "regular", "railway:etcs": "no", "railway:preferred_direction": "forward", "railway:pzb": "yes", "railway:radio": "gsm-r", "railway:traffic_mode": "passenger", "service": "crossover", "source": "Bing;Aeroview", "source:maxspeed": "Sv5 an Signal 51", "voltage": "1200", "workrules": "DE:EBO", "osm_id": 107889628, "osm_type": "way"}}, {"type": "Feature", "geometry": {"type": "LineString", "coordinates": [[10.0075634, 53.552512], [10.007644, 53.5523061], [10.0077023, 53.5521579], [10.0077342, 53.5520938], [10.0078496, 53.5518265], [10.0079305, 53.5516631], [10.007967, 53.5516069], [10.0080425, 53.5514909], [10.0081297, 53.5513767], [10.0082303, 53.5512613], [10.0082474, 53.551242], [10.0083809, 53.551108], [10.0085247, 53.5509854], [10.0086721, 53.5508671]]}, "properties": {"commuting": "yes", "electrified": "rail", "frequency": "0", "gauge": "1435", "highspeed": "no", "layer": "-1", "level": "-1", "name": "Verbindungsbahn", "network": "Hamburger Verkehrsverbund", "operator": "S-Bahn Hamburg GmbH", "operator:wikidata": "Q99869216", "railway": "light_rail", "railway:ballastless": "no", "railway:bidirectional": "regular", "railway:etcs": "no", "railway:gnt": "no", "railway:lzb": "no", "railway:preferred_direction": "forward", "railway:pzb": "yes", "railway:radio": "gsm-r", "railway:track_ref": "4", "railway:traffic_mode": "passenger", "ref": "1244", "usage": "main", "voltage": "1200", "osm_id": 127647892, "osm_type": "way"}}, {"type": "Feature", "geometry": {"type": "LineString", "coordinates": [[10.0091841, 53.552149], [10.009086, 53.5521421]]}, "properties": {"access": "customers", "conveying": "no", "customers": "HVV", "highway": "steps", "incline": "up", "indoor": "yes", "layer": "-2", "level": "-2;-1", "step_count": "19", "tunnel": "yes", "osm_id": 131836778, "osm_type": "way"}}, {"type": "Feature", "geometry": {"type": "LineString", "coordinates": [[10.0091691, 53.5522293], [10.0090703, 53.5522235]]}, "properties": {"conveying": "no", "highway": "steps", "incline": "up", "indoor": "yes", "layer": "-2", "level": "-2;-1", "step_count": "18", "tunnel": "yes", "osm_id": 131836780, "osm_type": "way"}}, {"type": "Feature", "geometry": {"type": "LineString", "coordinates": [[10.0109489, 53.5521137], [10.0113887, 53.5521296]]}, "properties": {"electrified": "rail", "electrified:rail": "bottom", "frequency": "0", "gauge": "1435", "layer": "-2", "level": "-2", "network": "HVV", "railway": "subway", "railway:traffic_mode": "passenger", "tunnel": "yes", "voltage": "750", "osm_id": 292870347, "osm_type": "way"}}, {"type": "Feature", "geometry": {"type": "LineString", "coordinates": [[10.008382, 53.5507375], [10.0085031, 53.5506743], [10.0091269, 53.5503661]]}, "properties": {"electrified": "contact_line", "frequency": "16.7", "gauge": "1435", "highspeed": "yes", "level": "-1", "maxspeed": "40", "name": "Berlin-Hamburger Bahn", "operator": "DB InfraGO AG", "railway": "rail", "railway:lzb": "no", "railway:pzb": "yes", "railway:track_ref": "8", "ref": "6100", "source:maxspeed": "GPS-gestützte Geschwindigkeitsmessung auf einem unbehindert aus Gleis 8 Richtung Berlin ausfahrenden ICE", "usage": "main", "voltage": "15000", "workrules": "DE:EBO", "osm_id": 303082464, "osm_type": "way"}}, {"type": "Feature", "geometry": {"type": "LineString", "coordinates": [[10.0081448, 53.5522159], [10.0082141, 53.5522259], [10.0082424, 53.5522299], [10.0083011, 53.5522381]]}, "properties": {"access": "customers", "customers": "HVV", "highway": "footway", "indoor": "yes", "level": "-1", "osm_id": 319594364, "osm_type": "way"}}, {"type": "Feature", "geometry": {"type": "LineString", "coordinates": [[10.0082424, 53.5522299], [10.0082111, 53.5523102]]}, "properties": {"conveying": "forward", "description": "Bahnsteig 1 (Gleis 1+2)(S-Bahn) Süd / Ausgang (Südsteg)", "highway": "steps", "incline": "up", "indoor": "yes", "layer": "-1", "level": "-1;0", "note": "die beiden Treppen liegen direkt übereinander", "operator": "DB Station&Service AG", "ref": "HF 003", "step_count": "28", "time": "22 sec", "width": "1", "osm_id": 319601448, "osm_type": "way"}}, {"type": "Feature", "geometry": {"type": "LineString", "coordinates": [[10.0082465, 53.5522287], [10.0082151, 53.5523104]]}, "properties": {"conveying": "forward", "description": "Tunnel (zu den S-Bahngleisen) / Bahnsteig 1 (Gleis 1+2)(S-Bahn) Süd", "highway": "steps", "incline": "up", "indoor": "yes", "level": "-2;-1", "note": "die beiden Treppen liegen direkt übereinander", "operator": "DB Station&Service AG", "ref": "HF 002", "step_count": "29", "surface": "metal", "time": "23 sec", "width": "1", "osm_id": 319601452, "osm_type": "way"}}, {"type": "Feature", "geometry": {"type": "LineString", "coordinates": [[10.0109489, 53.5521137], [10.0106568, 53.5520944], [10.0103337, 53.5520733], [10.0102494, 53.5520693], [10.0096333, 53.5520248], [10.0088681, 53.5519713], [10.0086479, 53.5519512], [10.0085558, 53.55194], [10.0083827, 53.5519112]]}, "properties": {"electrified": "rail", "electrified:rail": "bottom", "frequency": "0", "gauge": "1435", "layer": "-2", "level": "-2", "network": "HVV", "railway": "subway", "railway:track_ref": "2", "railway:traffic_mode": "passenger", "tunnel": "yes", "voltage": "750", "osm_id": 332563326, "osm_type": "way"}}, {"type": "Feature", "geometry": {"type": "LineString", "coordinates": [[10.0077946, 53.5522365], [10.0077841, 53.5522173]]}, "properties": {"highway": "footway", "indoor": "yes", "level": "0", "surface": "asphalt", "osm_id": 343003104, "osm_type": "way"}}, {"type": "Feature", "geometry": {"type": "LineString", "coordinates": [[10.0076336, 53.5524217], [10.0076967, 53.5524302], [10.0077323, 53.552435], [10.0077766, 53.552441]]}, "properties": {"highway": "footway", "indoor": "yes", "level": "-1", "lit": "24/7", "surface": "paving_stones", "osm_id": 343003109, "osm_type": "way"}}, {"type": "Feature", "geometry": {"type": "LineString", "coordinates": [[10.00775, 53.5521276], [10.0078145, 53.5521357], [10.0078458, 53.5521396], [10.0078826, 53.5521442]]}, "properties": {"highway": "footway", "indoor": "yes", "level": "-1", "osm_id": 343003115, "osm_type": "way"}}, {"type": "Feature", "geometry": {"type": "LineString", "coordinates": [[10.0074607, 53.5521054], [10.0074982, 53.5521103], [10.007528, 53.5521141], [10.0075848, 53.5521215]]}, "properties": {"highway": "footway", "indoor": "yes", "level": "-1", "lit": "24/7", "surface": "paving_stones", "osm_id": 343003116, "osm_type": "way"}}, {"type": "Feature", "geometry": {"type": "LineString", "coordinates": [[10.0076967, 53.5524302], [10.0077398, 53.5523281]]}, "properties": {"conveying": "forward", "description": "Bahnsteig 2 (Gleis 3+4)(S-Bahn) Halle / Südsteg", "highway": "steps", "incline": "up", "indoor": "yes", "level": "-1;0", "operator": "DB Station&Service AG", "ref": "HF 006", "step_count": "33", "surface": "metal", "time": "25 sec", "width": "100 cm", "osm_id": 343003124, "osm_type": "way"}}, {"type": "Feature", "geometry": {"type": "LineString", "coordinates": [[10.0078145, 53.5521357], [10.0077841, 53.5522173]]}, "properties": {"highway": "steps", "incline": "up", "indoor": "yes", "level": "-1;0", "surface": "concrete", "tactile_paving": "yes", "osm_id": 343003125, "osm_type": "way"}}, {"type": "Feature", "geometry": {"type": "LineString", "coordinates": [[10.0074265, 53.552401], [10.0074715, 53.5522955]]}, "properties": {"highway": "steps", "incline": "up", "indoor": "yes", "level": "-1;0", "lit": "24/7", "surface": "concrete", "tactile_paving": "yes", "osm_id": 343003127, "osm_type": "way"}}, {"type": "Feature", "geometry": {"type": "LineString", "coordinates": [[10.0078458, 53.5521396], [10.0078183, 53.5522217]]}, "properties": {"conveying": "backward", "description": "Südsteg / Bahnsteig 2 (Gleis 3+4)(S-Bahn) Süd", "highway": "steps", "incline": "up", "indoor": "yes", "level": "0;-1", "operator": "DB Station&Service AG", "ref": "HF 005", "step_count": "29", "surface": "metal", "time": "23 sec", "width": "100 cm", "osm_id": 343003129, "osm_type": "way"}}, {"type": "Feature", "geometry": {"type": "LineString", "coordinates": [[10.0074561, 53.5522816], [10.0074715, 53.5522955]]}, "properties": {"highway": "footway", "indoor": "yes", "level": "0", "lit": "24/7", "surface": "asphalt", "osm_id": 343003130, "osm_type": "way"}}, {"type": "Feature", "geometry": {"type": "LineString", "coordinates": [[10.0081799, 53.5523767], [10.0081987, 53.5523844]]}, "properties": {"highway": "footway", "indoor": "yes", "level": "0", "lit": "yes", "osm_id": 343003131, "osm_type": "way"}}, {"type": "Feature", "geometry": {"type": "LineString", "coordinates": [[10.0088173, 53.5519041], [10.0087167, 53.5519062]]}, "properties": {"highway": "footway", "indoor": "yes", "layer": "-1", "level": "-1", "tunnel": "yes", "wheelchair": "yes", "osm_id": 343003133, "osm_type": "way"}}, {"type": "Feature", "geometry": {"type": "LineString", "coordinates": [[10.0074851, 53.5521951], [10.0074738, 53.55218]]}, "properties": {"highway": "footway", "indoor": "yes", "level": "0", "surface": "asphalt", "osm_id": 343003134, "osm_type": "way"}}, {"type": "Feature", "geometry": {"type": "LineString", "coordinates": [[10.0081311, 53.5524632], [10.0081614, 53.5523797]]}, "properties": {"conveying": "forward", "description": "Bahnsteig 1 (Gleis 1+2)(S-Bahn) Mitte / Ausgang (Südsteg)", "highway": "steps", "incline": "up", "indoor": "yes", "level": "-1;0", "operator": "DB Station&Service AG", "ref": "HF 004", "step_count": "28", "surface": "metal", "time": "22 sec", "width": "1", "osm_id": 343003137, "osm_type": "way"}}, {"type": "Feature", "geometry": {"type": "LineString", "coordinates": [[10.007528, 53.5521141], [10.0075055, 53.5521838]]}, "properties": {"highway": "steps", "incline": "up", "indoor": "yes", "level": "-1;0", "lit": "24/7", "surface": "concrete", "tactile_paving": "yes", "osm_id": 343003141, "osm_type": "way"}}, {"type": "Feature", "geometry": {"type": "LineString", "coordinates": [[10.0073881, 53.552396], [10.0074344, 53.552291]]}, "properties": {"conveying": "forward", "description": "Bahnsteig 3 (Gleis 5+6)(Regional-/Fernbahn) Halle / Südsteg", "highway": "steps", "incline": "up", "indoor": "yes", "level": "-1;0", "lit": "24/7", "operator": "DB Station&Service AG", "ref": "HF 007", "step_count": "34", "surface": "metal", "time": "27 sec", "width": "100 cm", "osm_id": 343003143, "osm_type": "way"}}, {"type": "Feature", "geometry": {"type": "LineString", "coordinates": [[10.0077599, 53.5523174], [10.0077705, 53.5523318]]}, "properties": {"highway": "footway", "indoor": "yes", "level": "0", "surface": "asphalt", "osm_id": 343003146, "osm_type": "way"}}, {"type": "Feature", "geometry": {"type": "LineString", "coordinates": [[10.0077323, 53.552435], [10.0077705, 53.5523318]]}, "properties": {"highway": "steps", "incline": "up", "indoor": "yes", "level": "-1;0", "lit": "24/7", "surface": "concrete", "tactile_paving": "yes", "osm_id": 343003149, "osm_type": "way"}}, {"type": "Feature", "geometry": {"type": "LineString", "coordinates": [[10.008168, 53.5524678], [10.0081987, 53.5523844]]}, "properties": {"highway": "steps", "incline": "up", "indoor": "yes", "level": "-1;0", "surface": "paving_stones", "tactile_paving": "yes", "osm_id": 343003151, "osm_type": "way"}}, {"type": "Feature", "geometry": {"type": "LineString", "coordinates": [[10.0086002, 53.55187], [10.008494, 53.5518806], [10.0085921, 53.5518977], [10.0087167, 53.5519062]]}, "properties": {"highway": "footway", "indoor": "yes", "level": "0", "lit": "yes", "surface": "paving_stones", "wheelchair": "yes", "osm_id": 343003153, "osm_type": "way"}}, {"type": "Feature", "geometry": {"type": "LineString", "coordinates": [[10.0081614, 53.5523797], [10.0081799, 53.5523767], [10.0081895, 53.5523397], [10.0081965, 53.5523132], [10.0082111, 53.5523102]]}, "properties": {"highway": "footway", "indoor": "yes", "level": "0", "surface": "paving_stones", "osm_id": 343003154, "osm_type": "way"}}, {"type": "Feature", "geometry": {"type": "LineString", "coordinates": [[10.008065, 53.5524551], [10.0081311, 53.5524632], [10.008168, 53.5524678], [10.0082324, 53.5524757]]}, "properties": {"highway": "footway", "indoor": "yes", "level": "-1", "osm_id": 343003155, "osm_type": "way"}}, {"type": "Feature", "geometry": {"type": "LineString", "coordinates": [[10.0074561, 53.5522816], [10.0074679, 53.552248], [10.0074851, 53.5521951]]}, "properties": {"highway": "footway", "indoor": "yes", "level": "0", "lit": "24/7", "surface": "asphalt", "osm_id": 343003158, "osm_type": "way"}}, {"type": "Feature", "geometry": {"type": "LineString", "coordinates": [[10.0077599, 53.5523174], [10.0077738, 53.5522851], [10.0077946, 53.5522365]]}, "properties": {"highway": "footway", "indoor": "yes", "level": "0", "surface": "asphalt", "osm_id": 343003160, "osm_type": "way"}}, {"type": "Feature", "geometry": {"type": "LineString", "coordinates": [[10.0082375, 53.5523134], [10.0082564, 53.5522623], [10.0082578, 53.5522586], [10.0081886, 53.5522495], [10.0081684, 53.5523043]]}, "properties": {"barrier": "wall", "indoor": "yes", "level": "0", "osm_id": 343201857, "osm_type": "way"}}, {"type": "Feature", "geometry": {"type": "LineString", "coordinates": [[10.0082368, 53.5523135], [10.008257, 53.552258], [10.0081887, 53.5522492], [10.0081684, 53.5523047]]}, "properties": {"barrier": "fence", "indoor": "yes", "level": "-1", "osm_id": 343201858, "osm_type": "way"}}, {"type": "Feature", "geometry": {"type": "LineString", "coordinates": [[10.0090253, 53.5525969], [10.0089021, 53.5525805], [10.0089174, 53.552539], [10.0090407, 53.5525554]]}, "properties": {"barrier": "wall", "level": "0", "osm_id": 343201859, "osm_type": "way"}}, {"type": "Feature", "geometry": {"type": "Polygon", "coordinates": [[[10.0081684, 53.5523047], [10.0081852, 53.5523068], [10.0082111, 53.5523102], [10.0082368, 53.5523135], [10.008257, 53.552258], [10.0081887, 53.5522492], [10.0081684, 53.5523047]]]}, "properties": {"osm_id": 343201861, "osm_type": "way"}}, {"type": "Feature", "geometry": {"type": "Polygon", "coordinates": [[[10.0075101, 53.5522095], [10.0075175, 53.5522163], [10.007528, 53.5522221], [10.0075393, 53.5522263], [10.0075533, 53.5522289], [10.0075666, 53.5522296], [10.0075811, 53.5522285], [10.0075927, 53.552226], [10.0076058, 53.552221], [10.0076319, 53.5522238], [10.0076442, 53.5521815], [10.0075228, 53.5521665], [10.0075168, 53.5521851], [10.0075101, 53.5522095]]]}, "properties": {"amenity": "cafe", "brand": "Starbucks", "brand:wikidata": "Q37158", "brand:wikipedia": "en:Starbucks", "check_date:opening_hours": "2025-12-08", "cuisine": "coffee_shop", "diet:vegan": "yes", "diet:vegetarian": "yes", "indoor": "room", "indoor_seating": "no", "level": "0", "name": "Starbucks", "name:de": "Starbucks", "official_name": "Starbucks Coffee", "opening_hours": "Mo-Su 05:00-22:00; PH off", "outdoor_seating": "no", "phone": "+49 40 30297258", "takeaway": "only", "website": "https://www.starbucks.de/de/store-locator/18162-188450/hamburg-hbf", "wheelchair": "yes", "osm_id": 343201873, "osm_type": "way"}}, {"type": "Feature", "geometry": {"type": "LineString", "coordinates": [[10.0082377, 53.5522091], [10.0082217, 53.5522252]]}, "properties": {"access": "customers", "customers": "HVV", "highway": "footway", "indoor": "yes", "layer": "-2", "level": "-2", "tunnel": "yes", "osm_id": 343201875, "osm_type": "way"}}, {"type": "Feature", "geometry": {"type": "LineString", "coordinates": [[10.0088754, 53.5525417], [10.0090379, 53.5525628]]}, "properties": {"conveying": "reversible", "description": "Halle A / Ausgang (Steintorplatz)", "duration": "00:00:26", "handrail": "yes", "highway": "steps", "incline": "up", "indoor": "yes", "level": "-1;0", "lit": "yes", "ramp": "no", "ref": "65606834 0100", "step_count": "32", "surface": "metal", "width": "1", "osm_id": 343201877, "osm_type": "way"}}, {"type": "Feature", "geometry": {"type": "LineString", "coordinates": [[10.0081965, 53.5523132], [10.0081852, 53.5523068]]}, "properties": {"highway": "footway", "indoor": "yes", "level": "0", "osm_id": 343201878, "osm_type": "way"}}, {"type": "Feature", "geometry": {"type": "LineString", "coordinates": [[10.0081856, 53.5523171], [10.0081897, 53.5523071]]}, "properties": {"highway": "footway", "indoor": "yes", "level": "-1", "osm_id": 343201879, "osm_type": "way"}}, {"type": "Feature", "geometry": {"type": "LineString", "coordinates": [[10.0082118, 53.5523201], [10.0082151, 53.5523104]]}, "properties": {"access": "customers", "customers": "HVV", "highway": "footway", "indoor": "yes", "level": "-1", "osm_id": 343201880, "osm_type": "way"}}, {"type": "Feature", "geometry": {"type": "LineString", "coordinates": [[10.0088447, 53.5525493], [10.0088754, 53.5525417]]}, "properties": {"highway": "footway", "indoor": "yes", "layer": "-1", "level": "-1", "surface": "paving_stones", "tunnel": "yes", "osm_id": 343201881, "osm_type": "way"}}, {"type": "Feature", "geometry": {"type": "LineString", "coordinates": [[10.008113, 53.552308], [10.0081856, 53.5523171], [10.0082118, 53.5523201], [10.0082742, 53.5523268]]}, "properties": {"access": "customers", "customers": "HVV", "highway": "footway", "indoor": "yes", "level": "-1", "lit": "yes", "osm_id": 343201882, "osm_type": "way"}}, {"type": "Feature", "geometry": {"type": "Polygon", "coordinates": [[[10.0077487, 53.5522375], [10.0077574, 53.5522138], [10.0077641, 53.5521968], [10.0076442, 53.5521815], [10.0076319, 53.5522238], [10.0076529, 53.5522259], [10.00766, 53.5522329], [10.0076708, 53.5522386], [10.0076824, 53.5522432], [10.0076961, 53.5522454], [10.0077099, 53.5522462], [10.0077239, 53.552245], [10.0077367, 53.5522421], [10.0077487, 53.5522375]]]}, "properties": {"brand": "Relay", "brand:wikidata": "Q3424298", "check_date:opening_hours": "2025-12-08", "indoor": "room", "level": "0", "name": "Relay", "opening_hours": "Mo-Fr 00:00-00:00; Sa,Su 00:00-00:00", "payment:cash": "yes", "payment:credit_cards": "yes", "payment:debit_cards": "yes", "payment:girocard": "yes", "payment:maestro": "yes", "payment:mastercard": "yes", "payment:v_pay": "2019-09-29", "payment:visa": "yes", "payment:visa_debit": "yes", "shop": "newsagent", "wheelchair": "limited", "osm_id": 343201889, "osm_type": "way"}}, {"type": "Feature", "geometry": {"type": "Polygon", "coordinates": [[[10.0079483, 53.5523814], [10.0079843, 53.552386], [10.0079943, 53.5523592], [10.0079847, 53.552351], [10.0079727, 53.5523494], [10.0079581, 53.5523544], [10.0079483, 53.5523814]]]}, "properties": {"check_date": "2024-10-20", "cuisine": "coffee_shop", "indoor": "room", "indoor_seating": "no", "level": "0", "name": "Cuccis", "name:de": "Cuccis", "opening_hours": "24/7", "outdoor_seating": "no", "payment:credit_cards": "yes", "payment:debit_cards": "yes", "shop": "bakery", "takeaway": "only", "wheelchair": "limited", "osm_id": 343243971, "osm_type": "way"}}, {"type": "Feature", "geometry": {"type": "Polygon", "coordinates": [[[10.0078645, 53.5525258], [10.0079975, 53.5525443], [10.0079992, 53.5525398], [10.0080145, 53.5524977], [10.0080326, 53.5524483], [10.0080502, 53.5524], [10.0080223, 53.5523964], [10.0080025, 53.5523939], [10.0079824, 53.5523913], [10.0079843, 53.552386], [10.0079483, 53.5523814], [10.0079581, 53.5523544], [10.0079307, 53.5523511], [10.0079208, 53.5523766], [10.0078645, 53.5525258]]]}, "properties": {"amenity": "luggage_locker", "indoor": "room", "level": "0", "operator": "DB", "osm_id": 343243984, "osm_type": "way"}}, {"type": "Feature", "geometry": {"type": "Polygon", "coordinates": [[[10.0080326, 53.5524483], [10.00807, 53.5524531], [10.0080991, 53.5523732], [10.0080618, 53.5523684], [10.0080502, 53.5524], [10.0080326, 53.5524483]]]}, "properties": {"amenity": "fast_food", "check_date:opening_hours": "2025-12-08", "cuisine": "juice", "delivery": "no", "diet:vegan": "yes", "diet:vegetarian": "yes", "drive_through": "no", "indoor": "room", "indoor_seating": "no", "level": "0", "name": "Mr. Clou", "opening_hours": "06:00-21:00", "outdoor_seating": "no", "takeaway": "only", "wheelchair": "yes", "osm_id": 343244036, "osm_type": "way"}}, {"type": "Feature", "geometry": {"type": "LineString", "coordinates": [[10.0086433, 53.5524345], [10.008628, 53.552424]]}, "properties": {"highway": "footway", "indoor": "yes", "layer": "-1", "level": "-1", "surface": "paving_stones", "tunnel": "yes", "osm_id": 343244050, "osm_type": "way"}}, {"type": "Feature", "geometry": {"type": "LineString", "coordinates": [[10.008628, 53.552424], [10.00845, 53.5524033]]}, "properties": {"highway": "steps", "incline": "up", "indoor": "yes", "layer": "-1", "level": "-1;0", "step_count": "34", "surface": "concrete", "tactile_paving": "yes", "osm_id": 343244072, "osm_type": "way"}}, {"type": "Feature", "geometry": {"type": "LineString", "coordinates": [[10.0083941, 53.5524055], [10.0084222, 53.5524079], [10.00845, 53.5524033]]}, "properties": {"bicycle": "dismount", "highway": "footway", "indoor": "yes", "level": "0", "lit": "yes", "segregated": "no", "surface": "asphalt", "osm_id": 343244115, "osm_type": "way"}}, {"type": "Feature", "geometry": {"type": "LineString", "coordinates": [[10.0086433, 53.5524345], [10.0086223, 53.5524408]]}, "properties": {"highway": "footway", "indoor": "yes", "layer": "-1", "level": "-1", "tunnel": "yes", "osm_id": 344254986, "osm_type": "way"}}, {"type": "Feature", "geometry": {"type": "LineString", "coordinates": [[10.0082377, 53.5522091], [10.0082465, 53.5522287]]}, "properties": {"access": "customers", "customers": "HVV", "highway": "footway", "indoor": "yes", "layer": "-2", "level": "-2", "tunnel": "yes", "osm_id": 344254987, "osm_type": "way"}}, {"type": "Feature", "geometry": {"type": "LineString", "coordinates": [[10.0088969, 53.5506004], [10.0095878, 53.5502216]]}, "properties": {"electrified": "contact_line", "frequency": "16.7", "gauge": "1435", "level": "-1", "operator": "DB Netz AG", "railway": "rail", "railway:lzb": "no", "railway:pzb": "yes", "service": "crossover", "voltage": "15000", "workrules": "DE:EBO", "osm_id": 344523600, "osm_type": "way"}}, {"type": "Feature", "geometry": {"type": "LineString", "coordinates": [[10.010532, 53.5519808], [10.010734, 53.5520105], [10.0109065, 53.5520438], [10.0110322, 53.5520796], [10.0113887, 53.5521296]]}, "properties": {"electrified": "rail", "electrified:rail": "bottom", "frequency": "0", "gauge": "1435", "layer": "-2", "level": "-2", "network": "HVV", "railway": "subway", "railway:traffic_mode": "passenger", "tunnel": "yes", "voltage": "750", "osm_id": 389382895, "osm_type": "way"}}, {"type": "Feature", "geometry": {"type": "LineString", "coordinates": [[10.0078823, 53.5515845], [10.0079556, 53.5514739], [10.0080381, 53.5513645], [10.0081261, 53.5512605], [10.0081336, 53.5512521], [10.008162, 53.5512201], [10.0083322, 53.5510568], [10.0085678, 53.5508698]]}, "properties": {"electrified": "contact_line", "frequency": "16.7", "gauge": "1435", "highspeed": "yes", "layer": "-1", "level": "-1", "maxspeed": "40", "name": "Berlin-Hamburger Bahn", "operator": "DB InfraGO AG", "railway": "rail", "railway:pzb": "yes", "railway:track_ref": "5", "ref": "6100", "tracks": "1", "usage": "main", "voltage": "15000", "workrules": "DE:EBO", "osm_id": 398613056, "osm_type": "way"}}, {"type": "Feature", "geometry": {"type": "Polygon", "coordinates": [[[10.0103233, 53.5519757], [10.0103822, 53.55198], [10.0103738, 53.552026], [10.0103723, 53.552034], [10.0103682, 53.5520586], [10.0103662, 53.5520703], [10.0103467, 53.5521612], [10.0103365, 53.5522114], [10.0103299, 53.5522438], [10.0103259, 53.5522615], [10.0103147, 53.5523153], [10.0103029, 53.5523706], [10.010164, 53.5523588], [10.0101713, 53.5524585], [10.0101898, 53.5524653], [10.0101797, 53.5524743], [10.0101597, 53.5524921], [10.0101505, 53.5525004], [10.0100894, 53.5524758], [10.0100784, 53.552471], [10.01008, 53.5524641], [10.0101071, 53.5523536], [10.0100541, 53.5523159], [10.010056, 53.5523059], [10.0100587, 53.5522906], [10.0100606, 53.5522801], [10.0101239, 53.5522849], [10.0101351, 53.5522393], [10.0100703, 53.5522349], [10.0100722, 53.5522249], [10.0100751, 53.5522087], [10.0100768, 53.5521991], [10.0101513, 53.552173], [10.0101607, 53.5521348], [10.0100766, 53.5521292], [10.0100906, 53.5520652], [10.0090082, 53.5519879], [10.0089883, 53.552097], [10.0090569, 53.5521012], [10.0090936, 53.5521037], [10.0090879, 53.5521325], [10.009086, 53.5521421], [10.0090828, 53.5521528], [10.0091133, 53.552155], [10.0091517, 53.5521576], [10.009149, 53.5521728], [10.0091461, 53.5521861], [10.0089774, 53.5521747], [10.0089723, 53.5522067], [10.0090721, 53.5522134], [10.0090703, 53.5522235], [10.0090673, 53.5522401], [10.0090657, 53.5522493], [10.0089739, 53.5522643], [10.0088743, 53.5522551], [10.0088621, 53.5522548], [10.0088537, 53.5522569], [10.0088465, 53.5522603], [10.008844, 53.5522661], [10.0087928, 53.5524395], [10.008878, 53.5525347], [10.0088754, 53.5525417], [10.0088673, 53.5525642], [10.0088632, 53.5525763], [10.008792, 53.5525678], [10.0086817, 53.5524601], [10.0086183, 53.5524522], [10.0086223, 53.5524408], [10.008628, 53.552424], [10.0086322, 53.5524117], [10.0086789, 53.5524173], [10.0087139, 53.5524041], [10.0087451, 53.5523032], [10.0087472, 53.5522943], [10.0087495, 53.5522845], [10.0087514, 53.5522766], [10.0087532, 53.5522688], [10.0087554, 53.5522591], [10.0087559, 53.5522528], [10.0087543, 53.5522466], [10.0087482, 53.552244], [10.0087365, 53.5522415], [10.0085336, 53.5522222], [10.0085374, 53.5522084], [10.0085412, 53.5521946], [10.008545, 53.5521808], [10.0086616, 53.5521905], [10.0086675, 53.5521413], [10.0086776, 53.5520635], [10.0086872, 53.5519878], [10.0086963, 53.5519175], [10.0087325, 53.5519204], [10.0087382, 53.5518953], [10.0087419, 53.551878], [10.0087457, 53.5518614], [10.0088775, 53.5518658], [10.0089199, 53.5518686], [10.0089429, 53.5518702], [10.0090162, 53.5518751], [10.0090091, 53.5519071], [10.0090051, 53.5519272], [10.0090027, 53.5519388], [10.0091241, 53.5519475], [10.0091262, 53.5519369], [10.0091311, 53.5519126], [10.0091371, 53.5518825], [10.0092169, 53.5518881], [10.0093069, 53.5518944], [10.0093892, 53.5519002], [10.0093827, 53.5519323], [10.0095103, 53.5519411], [10.0095581, 53.5519445], [10.0096903, 53.5519539], [10.0096953, 53.5519301], [10.0100102, 53.551953], [10.0100051, 53.5519773], [10.0100024, 53.5519908], [10.0099997, 53.5520041], [10.010106, 53.5520117], [10.0101087, 53.551998], [10.0101103, 53.5519904], [10.0101115, 53.5519849], [10.0101164, 53.5519607], [10.0103233, 53.5519757]]]}, "properties": {"osm_id": 408897400, "osm_type": "way"}}, {"type": "Feature", "geometry": {"type": "Polygon", "coordinates": [[[10.0091893, 53.5521226], [10.0093215, 53.5521254], [10.0094449, 53.5521295], [10.0095839, 53.5521371], [10.0097126, 53.5521482], [10.0098485, 53.5521623], [10.0099818, 53.5521751], [10.0100793, 53.5521869], [10.0101719, 53.5522044], [10.0102601, 53.5522243], [10.0102252, 53.5522351], [10.0100988, 53.552213], [10.0100768, 53.5521991], [10.0099781, 53.5521927], [10.0099763, 53.5522029], [10.0099733, 53.5522194], [10.0099716, 53.5522286], [10.0099687, 53.5522457], [10.0098347, 53.5522368], [10.0098203, 53.5522356], [10.0098065, 53.5522346], [10.0096645, 53.552225], [10.0096497, 53.552224], [10.0096358, 53.5522231], [10.0094944, 53.5522136], [10.0094808, 53.5522126], [10.0094661, 53.5522116], [10.0094533, 53.5522107], [10.0094588, 53.552181], [10.0093446, 53.5521734], [10.0093391, 53.552203], [10.0093279, 53.5522022], [10.0093133, 53.5522012], [10.0092994, 53.5522003], [10.0091762, 53.5521917], [10.0091794, 53.5521747], [10.0091808, 53.5521671], [10.0091821, 53.5521596], [10.0091841, 53.552149], [10.009186, 53.5521393], [10.0090879, 53.5521325], [10.0090553, 53.5521396], [10.0089345, 53.5521436], [10.0089088, 53.5521289], [10.009014, 53.5521216], [10.0090894, 53.5521201], [10.0091893, 53.5521226]]]}, "properties": {"access": "customers", "area": "yes", "bench": "yes", "bin": "yes", "customers": "HVV", "indoor": "area", "layer": "-2", "level": "-2", "name": "Hauptbahnhof Süd", "public_transport": "platform", "railway": "platform", "railway:track_ref": "3", "ref": "3", "ref:IFOPT": "de:02000:10906:2:109016", "subway": "yes", "surface": "paving_stones", "tactile_paving": "yes", "tunnel": "yes", "wheelchair": "yes", "osm_id": 408897404, "osm_type": "way"}}, {"type": "Feature", "geometry": {"type": "LineString", "coordinates": [[10.0101839, 53.5521358], [10.0103166, 53.5521454], [10.0103348, 53.552056]]}, "properties": {"highway": "footway", "indoor": "yes", "layer": "-1", "level": "-1", "lit": "yes", "surface": "paving_stones", "tunnel": "yes", "osm_id": 408897420, "osm_type": "way"}}, {"type": "Feature", "geometry": {"type": "Polygon", "coordinates": [[[10.009149, 53.5521728], [10.0091794, 53.5521747], [10.0091808, 53.5521671], [10.0091821, 53.5521596], [10.0091517, 53.5521576], [10.009149, 53.5521728]]]}, "properties": {"description": "Schalterhalle/Bahnsteig U3, Richtung: Barmbek und Wandsbek-Gartenstadt", "indoor": "room", "level": "-2", "osm_id": 408897424, "osm_type": "way"}}, {"type": "Feature", "geometry": {"type": "Polygon", "coordinates": [[[10.0086963, 53.5519175], [10.0087325, 53.5519204], [10.0087382, 53.5518953], [10.008702, 53.5518924], [10.0086963, 53.5519175]]]}, "properties": {"area": "yes", "building:part": "elevator", "description": "Straße/Schalterhalle", "indoor": "room", "level": "0;-1", "manufacturer": "Hütter Aufzüge", "operator": "Hamburger Hochbahn AG", "ref": "951436", "since": "1996", "osm_id": 408897425, "osm_type": "way"}}, {"type": "Feature", "geometry": {"type": "Polygon", "coordinates": [[[10.0095067, 53.55196], [10.0095546, 53.5519631], [10.0095581, 53.5519445], [10.0095103, 53.5519411], [10.0095067, 53.55196]]]}, "properties": {"building:part": "elevator", "description": "Straße/Schalterhalle/Bahnsteig U1", "indoor": "room", "level": "0;-1;-2", "manufacturer": "M.S. Aufzüge", "operator": "Hamburger Hochbahn AG", "ref": "2789", "start_date": "2019", "osm_id": 408897434, "osm_type": "way"}}, {"type": "Feature", "geometry": {"type": "LineString", "coordinates": [[10.010324, 53.5525184], [10.0102291, 53.5524809], [10.0101888, 53.5525155], [10.0102847, 53.5525534]]}, "properties": {"barrier": "fence", "level": "0", "osm_id": 413528319, "osm_type": "way"}}, {"type": "Feature", "geometry": {"type": "LineString", "coordinates": [[10.0099572, 53.5522995], [10.010056, 53.5523059]]}, "properties": {"highway": "steps", "incline": "up", "indoor": "yes", "layer": "-1", "level": "-2;-1", "step_count": "20", "tunnel": "yes", "osm_id": 413528325, "osm_type": "way"}}, {"type": "Feature", "geometry": {"type": "LineString", "coordinates": [[10.0101797, 53.5524743], [10.0103139, 53.5525274]]}, "properties": {"conveying": "forward", "description": "Halle B / Ausgang (Steindamm)", "highway": "steps", "incline": "up", "level": "-1;0", "lit": "yes", "operator": "Hamburger Hochbahn AG", "ref": "016", "step_count": "30", "surface": "metal", "time": "24 sec", "width": "100 cm", "osm_id": 413528326, "osm_type": "way"}}, {"type": "Feature", "geometry": {"type": "LineString", "coordinates": [[10.01011, 53.5524601], [10.0101797, 53.5524743]]}, "properties": {"highway": "footway", "indoor": "yes", "layer": "-1", "level": "-1", "tunnel": "yes", "osm_id": 413528327, "osm_type": "way"}}, {"type": "Feature", "geometry": {"type": "LineString", "coordinates": [[10.0101458, 53.5523113], [10.010056, 53.5523059]]}, "properties": {"highway": "footway", "indoor": "yes", "layer": "-1", "level": "-1", "tunnel": "yes", "osm_id": 413528328, "osm_type": "way"}}, {"type": "Feature", "geometry": {"type": "LineString", "coordinates": [[10.0101665, 53.5522161], [10.0100751, 53.5522087]]}, "properties": {"highway": "footway", "indoor": "yes", "layer": "-1", "level": "-1", "tunnel": "yes", "osm_id": 413528329, "osm_type": "way"}}, {"type": "Feature", "geometry": {"type": "LineString", "coordinates": [[10.0099763, 53.5522029], [10.0100751, 53.5522087]]}, "properties": {"conveying": "forward", "description": "Bahnsteig Gleis 3 (U3) / Halle B", "highway": "steps", "incline": "up", "indoor": "yes", "layer": "-1", "level": "-2;-1", "operator": "Hamburger Hochbahn AG", "ref": "179", "step_count": "20", "time": "16 sec", "tunnel": "yes", "width": "100 cm", "osm_id": 413528330, "osm_type": "way"}}, {"type": "Feature", "geometry": {"type": "LineString", "coordinates": [[10.0101491, 53.5522964], [10.0100587, 53.5522906]]}, "properties": {"highway": "footway", "indoor": "yes", "layer": "-1", "level": "-1", "tunnel": "yes", "osm_id": 413528332, "osm_type": "way"}}, {"type": "Feature", "geometry": {"type": "LineString", "coordinates": [[10.0099733, 53.5522194], [10.0100722, 53.5522249]]}, "properties": {"highway": "steps", "incline": "up", "indoor": "yes", "layer": "-1", "level": "-2;-1", "tunnel": "yes", "osm_id": 413528333, "osm_type": "way"}}, {"type": "Feature", "geometry": {"type": "LineString", "coordinates": [[10.0101597, 53.5524921], [10.0102946, 53.5525446]]}, "properties": {"highway": "steps", "incline": "up", "indoor": "yes", "level": "-1;0", "lit": "yes", "step_count": "31", "osm_id": 413528334, "osm_type": "way"}}, {"type": "Feature", "geometry": {"type": "LineString", "coordinates": [[10.010163, 53.5522325], [10.0100722, 53.5522249]]}, "properties": {"highway": "footway", "indoor": "yes", "layer": "-1", "level": "-1", "tunnel": "yes", "osm_id": 413528335, "osm_type": "way"}}, {"type": "Feature", "geometry": {"type": "Polygon", "coordinates": [[[10.0086872, 53.5519878], [10.0087785, 53.5519943], [10.0087807, 53.5519945], [10.0087582, 53.5519227], [10.0087325, 53.5519204], [10.0086963, 53.5519175], [10.0086872, 53.5519878]]]}, "properties": {"check_date": "2026-06-11", "disused:shop": "yes", "indoor": "room", "level": "-1", "osm_id": 417826476, "osm_type": "way"}}, {"type": "Feature", "geometry": {"type": "Polygon", "coordinates": [[[10.0088047, 53.5521487], [10.0088005, 53.5521693], [10.0087477, 53.5521986], [10.0086616, 53.5521905], [10.0086675, 53.5521413], [10.0088047, 53.5521487]]]}, "properties": {"brand": "Le Crobag", "brand:wikidata": "Q1558025", "brand:wikipedia": "de:Le Crobag", "check_date": "2025-12-16", "indoor": "room", "indoor_seating": "yes", "level": "-1", "name": "Le Crobag", "opening_hours": "24/7", "outdoor_seating": "no", "shop": "bakery", "smoking": "no", "osm_id": 417826482, "osm_type": "way"}}, {"type": "Feature", "geometry": {"type": "Polygon", "coordinates": [[[10.0087785, 53.5519943], [10.0086872, 53.5519878], [10.0086776, 53.5520635], [10.0087989, 53.5520694], [10.0087785, 53.5519943]]]}, "properties": {"brand": "von Allwörden", "brand:wikidata": "Q60411349", "brand:wikipedia": "nds:Heinrich von Allwörden GmbH", "check_date:opening_hours": "2025-04-09", "contact:website": "https://von-allwoerden.de", "indoor": "room", "indoor_seating": "yes", "level": "-1", "name": "von Allwörden", "opening_hours": "Mo-Fr 05:00-19:00; Sa,Su 05:00-14:00", "outdoor_seating": "no", "shop": "bakery", "smoking": "no", "osm_id": 417826486, "osm_type": "way"}}, {"type": "Feature", "geometry": {"type": "LineString", "coordinates": [[10.0088139, 53.5522237], [10.0085599, 53.5522029], [10.0085412, 53.5521946]]}, "properties": {"highway": "footway", "indoor": "yes", "layer": "-1", "level": "-1", "surface": "paving_stones", "tunnel": "yes", "osm_id": 417826488, "osm_type": "way"}}, {"type": "Feature", "geometry": {"type": "LineString", "coordinates": [[10.0088173, 53.5519041], [10.0087419, 53.551878]]}, "properties": {"highway": "footway", "indoor": "yes", "layer": "-1", "level": "-1", "tunnel": "yes", "wheelchair": "yes", "osm_id": 417826491, "osm_type": "way"}}, {"type": "Feature", "geometry": {"type": "LineString", "coordinates": [[10.0088173, 53.5519041], [10.0089062, 53.5519096], [10.0089778, 53.5519141]]}, "properties": {"highway": "footway", "indoor": "yes", "layer": "-1", "level": "-1", "tunnel": "yes", "wheelchair": "yes", "osm_id": 417826494, "osm_type": "way"}}, {"type": "Feature", "geometry": {"type": "Polygon", "coordinates": [[[10.0087989, 53.5520694], [10.0086776, 53.5520635], [10.0086675, 53.5521413], [10.0088047, 53.5521487], [10.0088097, 53.5521099], [10.0087989, 53.5520694]]]}, "properties": {"brand": "U-Store", "brand:wikidata": "Q113290511", "indoor": "room", "level": "-1", "name": "U-Store", "opening_hours": "Mo-Th 04:30-23:30, Sa 04:30-24:00, Su 06:00-23:30, Fr 04:30-24:00", "operator": "Valora Retail GmbH", "operator:wikidata": "Q665504", "shop": "convenience", "osm_id": 417826496, "osm_type": "way"}}, {"type": "Feature", "geometry": {"type": "Polygon", "coordinates": [[[10.0093259, 53.5522136], [10.0093279, 53.5522022], [10.0093133, 53.5522012], [10.0092994, 53.5522003], [10.0092973, 53.5522116], [10.0093113, 53.5522126], [10.0093259, 53.5522136]]]}, "properties": {"indoor": "corridor", "level": "-2", "osm_id": 418873366, "osm_type": "way"}}, {"type": "Feature", "geometry": {"type": "Polygon", "coordinates": [[[10.0094923, 53.5522249], [10.0094944, 53.5522136], [10.0094808, 53.5522126], [10.0094661, 53.5522116], [10.0094639, 53.5522229], [10.0094781, 53.5522239], [10.0094923, 53.5522249]]]}, "properties": {"indoor": "corridor", "level": "-2", "osm_id": 418873367, "osm_type": "way"}}, {"type": "Feature", "geometry": {"type": "Polygon", "coordinates": [[[10.0098322, 53.5522483], [10.0098347, 53.5522368], [10.0098203, 53.5522356], [10.0098065, 53.5522346], [10.009804, 53.5522461], [10.0098177, 53.5522472], [10.0098322, 53.5522483]]]}, "properties": {"indoor": "corridor", "level": "-2", "osm_id": 418873368, "osm_type": "way"}}, {"type": "Feature", "geometry": {"type": "Polygon", "coordinates": [[[10.0096623, 53.5522365], [10.0096645, 53.552225], [10.0096497, 53.552224], [10.0096358, 53.5522231], [10.0096336, 53.5522346], [10.0096477, 53.5522355], [10.0096623, 53.5522365]]]}, "properties": {"indoor": "corridor", "level": "-2", "osm_id": 418873370, "osm_type": "way"}}, {"type": "Feature", "geometry": {"type": "LineString", "coordinates": [[10.0083827, 53.5519112], [10.0081536, 53.5518663], [10.0079796, 53.5518213], [10.0078325, 53.5517793], [10.0075881, 53.5516914]]}, "properties": {"electrified": "rail", "frequency": "0", "gauge": "1435", "layer": "-2", "level": "-2", "network": "HVV", "railway": "subway", "tunnel": "yes", "voltage": "750", "osm_id": 426579095, "osm_type": "way"}}, {"type": "Feature", "geometry": {"type": "LineString", "coordinates": [[10.010616, 53.5523226], [10.0104961, 53.5523192], [10.0103906, 53.5523219], [10.0102565, 53.5523301], [10.0101465, 53.5523391], [10.0100656, 53.5523423], [10.0099615, 53.5523412], [10.0098324, 53.5523384], [10.0096912, 53.5523329], [10.009546, 53.5523259], [10.0094165, 53.5523146], [10.0093004, 53.5523021], [10.0091496, 53.5522857], [10.0090487, 53.5522743], [10.008952, 53.5522579], [10.0088543, 53.5522367], [10.0087631, 53.552206], [10.0086761, 53.5521764]]}, "properties": {"electrified": "rail", "electrified:rail": "bottom", "frequency": "0", "gauge": "1435", "layer": "-2", "level": "-2", "network": "HVV", "operator": "Hamburger Hochbahn AG", "railway": "subway", "railway:traffic_mode": "passenger", "tunnel": "yes", "voltage": "750", "osm_id": 456587966, "osm_type": "way"}}, {"type": "Feature", "geometry": {"type": "LineString", "coordinates": [[10.0102802, 53.5520178], [10.0101747, 53.5520104]]}, "properties": {"conveying": "forward", "description": "Bahnsteig 1 (U1) / Halle C (Adenauerallee/ZOB)", "highway": "steps", "incline": "up", "indoor": "yes", "layer": "-1", "level": "-2;-1", "operator": "Hamburger Hochbahn AG", "ref": "014", "step_count": "25", "time": "20 sec", "tunnel": "yes", "width": "100 cm", "osm_id": 476748673, "osm_type": "way"}}, {"type": "Feature", "geometry": {"type": "Polygon", "coordinates": [[[10.0102845, 53.5519972], [10.0101789, 53.5519894], [10.0101772, 53.5519983], [10.0101747, 53.5520104], [10.0101737, 53.5520159], [10.0102793, 53.5520236], [10.0102802, 53.5520178], [10.010283, 53.5520055], [10.0102845, 53.5519972]]]}, "properties": {"indoor": "corridor", "level": "-1;-2", "osm_id": 476748674, "osm_type": "way"}}, {"type": "Feature", "geometry": {"type": "LineString", "coordinates": [[10.0101747, 53.5520104], [10.0101409, 53.5520081]]}, "properties": {"highway": "footway", "indoor": "yes", "layer": "-1", "level": "-1", "tunnel": "yes", "osm_id": 476748675, "osm_type": "way"}}, {"type": "Feature", "geometry": {"type": "LineString", "coordinates": [[10.0101772, 53.5519983], [10.010283, 53.5520055]]}, "properties": {"highway": "steps", "incline": "down", "indoor": "yes", "layer": "-1", "level": "-1;-2", "step_count": "23", "tunnel": "yes", "osm_id": 478856757, "osm_type": "way"}}, {"type": "Feature", "geometry": {"type": "Polygon", "coordinates": [[[10.0101115, 53.5519849], [10.0101103, 53.5519904], [10.0101087, 53.551998], [10.010106, 53.5520117], [10.0099997, 53.5520041], [10.0100024, 53.5519908], [10.0100051, 53.5519773], [10.0101115, 53.5519849]]]}, "properties": {"indoor": "corridor", "level": "-1;-2", "osm_id": 478856758, "osm_type": "way"}}, {"type": "Feature", "geometry": {"type": "LineString", "coordinates": [[10.0101433, 53.551996], [10.0101772, 53.5519983]]}, "properties": {"highway": "footway", "indoor": "yes", "layer": "-1", "level": "-1", "tunnel": "yes", "osm_id": 478856760, "osm_type": "way"}}, {"type": "Feature", "geometry": {"type": "LineString", "coordinates": [[10.0103348, 53.552056], [10.0103723, 53.552034]]}, "properties": {"highway": "footway", "indoor": "yes", "layer": "-1", "level": "-1", "tunnel": "yes", "osm_id": 478856762, "osm_type": "way"}}, {"type": "Feature", "geometry": {"type": "LineString", "coordinates": [[10.0103723, 53.552034], [10.0105392, 53.5520427]]}, "properties": {"conveying": "forward", "description": "Halle C (Adenauerallee/ZOB) / Ausgang (ZOB)", "highway": "steps", "incline": "up", "level": "-1;0", "lit": "24/7", "operator": "Hamburger Hochbahn AG", "ref": "015", "step_count": "34", "surface": "metal", "time": "28 sec", "width": "100 cm", "osm_id": 478856764, "osm_type": "way"}}, {"type": "Feature", "geometry": {"type": "LineString", "coordinates": [[10.0077688, 53.552546], [10.0079217, 53.5521112], [10.0080212, 53.5518566], [10.0080788, 53.5517075], [10.0081183, 53.5516329], [10.0081917, 53.5515076], [10.0082552, 53.5514161], [10.0083439, 53.5512935], [10.0083596, 53.5512742], [10.0084752, 53.5511411], [10.008611, 53.5510218], [10.0087564, 53.5509056]]}, "properties": {"commuting": "yes", "electrified": "rail", "frequency": "0", "gauge": "1435", "highspeed": "no", "layer": "-1", "level": "-1", "name": "City-S-Bahn", "network": "Hamburger Verkehrsverbund", "operator": "S-Bahn Hamburg GmbH", "operator:wikidata": "Q99869216", "rack": "no", "railway": "light_rail", "railway:ballastless": "no", "railway:bidirectional": "regular", "railway:etcs": "no", "railway:gnt": "no", "railway:lzb": "no", "railway:preferred_direction": "forward", "railway:pzb": "yes", "railway:tilting": "no", "railway:track_ref": "3", "railway:traffic_mode": "passenger", "ref": "1241", "usage": "main", "voltage": "1200", "osm_id": 507874091, "osm_type": "way"}}, {"type": "Feature", "geometry": {"type": "LineString", "coordinates": [[10.0074458, 53.5524993], [10.0075573, 53.5522307], [10.0077615, 53.5518023], [10.0078358, 53.5516683], [10.0078823, 53.5515845]]}, "properties": {"electrified": "contact_line", "frequency": "16.7", "gauge": "1435", "highspeed": "yes", "layer": "-1", "level": "-1", "maxspeed": "40", "name": "Berlin-Hamburger Bahn", "operator": "DB InfraGO AG", "railway": "rail", "railway:pzb": "yes", "railway:track_ref": "5", "ref": "6100", "tracks": "1", "usage": "main", "voltage": "15000", "workrules": "DE:EBO", "osm_id": 653947834, "osm_type": "way"}}, {"type": "Feature", "geometry": {"type": "LineString", "coordinates": [[10.0082291, 53.551022], [10.0080503, 53.5511805], [10.0080195, 53.5512163], [10.0080117, 53.5512254], [10.0079352, 53.5513143], [10.0077511, 53.5515459]]}, "properties": {"electrified": "contact_line", "frequency": "16.7", "gauge": "1435", "int_name": "Vogelfluglinie", "layer": "-1", "level": "-1", "name": "Lübeck-Hamburger Bahn", "operator": "DB InfraGO AG", "railway": "rail", "railway:pzb": "yes", "railway:track_ref": "6", "ref": "1120", "usage": "main", "voltage": "15000", "workrules": "DE:EBO", "osm_id": 653947835, "osm_type": "way"}}, {"type": "Feature", "geometry": {"type": "LineString", "coordinates": [[10.007497, 53.5517746], [10.0076049, 53.5515885], [10.0077525, 53.5513948], [10.0078644, 53.5512638], [10.0079306, 53.5511983], [10.0080037, 53.5511259], [10.0081587, 53.5509903]]}, "properties": {"electrified": "contact_line", "frequency": "16.7", "gauge": "1435", "int_name": "Vogelfluglinie", "layer": "-1", "level": "-1", "name": "Lübeck-Hamburger Bahn", "operator": "DB InfraGO AG", "railway": "rail", "railway:pzb": "yes", "railway:track_ref": "7", "ref": "1120", "usage": "main", "voltage": "15000", "workrules": "DE:EBO", "osm_id": 653947839, "osm_type": "way"}}, {"type": "Feature", "geometry": {"type": "LineString", "coordinates": [[10.0095315, 53.5519522], [10.0094753, 53.5519489], [10.0094666, 53.5519938]]}, "properties": {"highway": "footway", "level": "-1", "lit": "yes", "smoothness": "intermediate", "surface": "paving_stones", "tunnel": "yes", "osm_id": 686113533, "osm_type": "way"}}, {"type": "Feature", "geometry": {"type": "LineString", "coordinates": [[10.0077968, 53.552335], [10.0079307, 53.5523511]]}, "properties": {"barrier": "fence", "fence_type": "railing", "level": "0", "osm_id": 733870571, "osm_type": "way"}}, {"type": "Feature", "geometry": {"type": "LineString", "coordinates": [[10.0074839, 53.5522972], [10.0077284, 53.5523267]]}, "properties": {"barrier": "fence", "fence_type": "railing", "level": "0", "osm_id": 733870572, "osm_type": "way"}}, {"type": "Feature", "geometry": {"type": "Polygon", "coordinates": [[[10.0079021, 53.5522574], [10.0079165, 53.5522177], [10.0078384, 53.5522077], [10.0078326, 53.5522236], [10.0078239, 53.5522474], [10.0079021, 53.5522574]]]}, "properties": {"brand": "Le Crobag", "brand:wikidata": "Q1558025", "brand:wikipedia": "de:Le Crobag", "check_date": "2024-10-20", "check_date:opening_hours": "2023-07-06", "indoor": "room", "indoor_seating": "no", "level": "0", "name": "Le Crobag", "opening_date": "2019-11-01", "opening_hours": "24/7", "outdoor_seating": "no", "payment:cash": "yes", "shop": "bakery", "takeaway": "only", "wheelchair": "yes", "osm_id": 733870580, "osm_type": "way"}}, {"type": "Feature", "geometry": {"type": "LineString", "coordinates": [[10.0090051, 53.5519272], [10.0089778, 53.5519141]]}, "properties": {"highway": "footway", "indoor": "yes", "layer": "-1", "level": "-1", "tunnel": "yes", "osm_id": 734597687, "osm_type": "way"}}, {"type": "Feature", "geometry": {"type": "Polygon", "coordinates": [[[10.0103738, 53.552026], [10.0103149, 53.5520222], [10.0103233, 53.5519757], [10.0103822, 53.55198], [10.0103738, 53.552026]]]}, "properties": {"air_conditioning": "yes", "amenity": "pub", "check_date": "2026-06-10", "check_date:opening_hours": "2026-06-10", "indoor": "room", "indoor_seating": "yes", "layer": "-1", "level": "-1", "name": "small talk", "opening_hours": "Mo-Su 12:00+", "outdoor_seating": "no", "smoking": "no", "wheelchair": "limited", "osm_id": 734597688, "osm_type": "way"}}, {"type": "Feature", "geometry": {"type": "Polygon", "coordinates": [[[10.0096953, 53.5519301], [10.0096903, 53.5519539], [10.0096849, 53.5519817], [10.0098252, 53.5519917], [10.0099997, 53.5520041], [10.0100024, 53.5519908], [10.0100051, 53.5519773], [10.0100102, 53.551953], [10.0096953, 53.5519301]]]}, "properties": {"brand": "Hamburger Verkehrsverbund", "brand:wikidata": "Q896916", "brand:wikipedia": "de:Hamburger Verkehrsverbund", "check_date:opening_hours": "2025-04-09", "indoor": "room", "layer": "-1", "level": "-1", "name": "HVV-Servicestelle", "opening_hours": "Mo-Fr 06:30-20:00; Sa,Su,PH off", "operator": "Hamburger Hochbahn AG", "shop": "ticket", "wheelchair": "yes", "osm_id": 734597692, "osm_type": "way"}}, {"type": "Feature", "geometry": {"type": "Polygon", "coordinates": [[[10.0092939, 53.5519594], [10.0093762, 53.5519652], [10.0093827, 53.5519323], [10.0093892, 53.5519002], [10.0093069, 53.5518944], [10.0092939, 53.5519594]]]}, "properties": {"company": "security", "indoor": "room", "layer": "-1", "level": "-1", "name": "Hochbahnwache", "office": "company", "operator": "Hamburger Hochbahn AG", "osm_id": 734597694, "osm_type": "way"}}, {"type": "Feature", "geometry": {"type": "Polygon", "coordinates": [[[10.0091241, 53.5519475], [10.0091262, 53.5519369], [10.0091311, 53.5519126], [10.0091371, 53.5518825], [10.0092169, 53.5518881], [10.0092039, 53.5519531], [10.0091241, 53.5519475]]]}, "properties": {"check_date": "2026-06-11", "indoor": "room", "layer": "-1", "level": "-1", "shop": "vacant", "osm_id": 734597695, "osm_type": "way"}}, {"type": "Feature", "geometry": {"type": "LineString", "coordinates": [[10.0088992, 53.551956], [10.0088649, 53.5521316], [10.0088443, 53.5522134], [10.0088139, 53.5522237], [10.008747, 53.5524467], [10.0088447, 53.5525493]]}, "properties": {"highway": "footway", "indoor": "yes", "layer": "-1", "level": "-1", "surface": "paving_stones", "tunnel": "yes", "wheelchair": "yes", "osm_id": 734597696, "osm_type": "way"}}, {"type": "Feature", "geometry": {"type": "LineString", "coordinates": [[10.0088992, 53.551956], [10.0094666, 53.5519938], [10.0101342, 53.5520416], [10.0102736, 53.5520516], [10.0102932, 53.552053], [10.0103348, 53.552056]]}, "properties": {"highway": "footway", "indoor": "yes", "layer": "-1", "level": "-1", "lit": "yes", "surface": "paving_stones", "tactile_paving": "yes", "tunnel": "yes", "osm_id": 734597697, "osm_type": "way"}}, {"type": "Feature", "geometry": {"type": "Polygon", "coordinates": [[[10.010224, 53.5523087], [10.0102352, 53.5522548], [10.0103259, 53.5522615], [10.0103147, 53.5523153], [10.010224, 53.5523087]]]}, "properties": {"check_date:opening_hours": "2026-06-11", "indoor": "room", "layer": "-1", "level": "-1", "name": "nah dran", "opening_hours:signed": "no", "shop": "kiosk", "osm_id": 734605450, "osm_type": "way"}}, {"type": "Feature", "geometry": {"type": "Polygon", "coordinates": [[[10.0103467, 53.5521612], [10.0102556, 53.5521547], [10.0102454, 53.5522049], [10.0103365, 53.5522114], [10.0103467, 53.5521612]]]}, "properties": {"check_date": "2026-06-10", "company": "security", "indoor": "room", "layer": "-1", "level": "-1", "name": "Hochbahnwache", "office": "company", "operator": "Hamburger Hochbahn AG", "osm_id": 734605451, "osm_type": "way"}}, {"type": "Feature", "geometry": {"type": "Polygon", "coordinates": [[[10.0103147, 53.5523153], [10.0103029, 53.5523706], [10.010164, 53.5523588], [10.0102183, 53.5523364], [10.010224, 53.5523087], [10.0103147, 53.5523153]]]}, "properties": {"indoor": "room", "layer": "-1", "leisure": "adult_gaming_centre", "level": "-1", "name": "Spielhalle", "opening_hours": "Su-Th 12:00-00:30, Fr,Sa 12:00-05:00", "smoking": "no", "wheelchair": "yes", "osm_id": 734605452, "osm_type": "way"}}, {"type": "Feature", "geometry": {"type": "Polygon", "coordinates": [[[10.0101651, 53.5520709], [10.0102226, 53.5520749], [10.0102489, 53.5520767], [10.0102985, 53.5520801], [10.0102909, 53.5521105], [10.0102631, 53.5521288], [10.0101958, 53.5521244], [10.0101589, 53.5520964], [10.0101651, 53.5520709]]]}, "properties": {"indoor": "yes", "osm_id": 734605453, "osm_type": "way"}}, {"type": "Feature", "geometry": {"type": "Polygon", "coordinates": [[[10.0088632, 53.5525763], [10.0088673, 53.5525642], [10.0088754, 53.5525417], [10.008878, 53.5525347], [10.0087928, 53.5524395], [10.008844, 53.5522661], [10.0088465, 53.5522603], [10.0088537, 53.5522569], [10.0088621, 53.5522548], [10.0088743, 53.5522551], [10.0089739, 53.5522643], [10.0090657, 53.5522493], [10.0090673, 53.5522401], [10.0090703, 53.5522235], [10.0090721, 53.5522134], [10.0089723, 53.5522067], [10.0089774, 53.5521747], [10.0091461, 53.5521861], [10.009149, 53.5521728], [10.0091517, 53.5521576], [10.0091133, 53.552155], [10.0090828, 53.5521528], [10.009086, 53.5521421], [10.0090879, 53.5521325], [10.0090512, 53.55213], [10.0090569, 53.5521012], [10.0089883, 53.552097], [10.0090082, 53.5519879], [10.0100906, 53.5520652], [10.0100766, 53.5521292], [10.0101607, 53.5521348], [10.0101513, 53.552173], [10.0100768, 53.5521991], [10.0100751, 53.5522087], [10.0100722, 53.5522249], [10.0100703, 53.5522349], [10.0101351, 53.5522393], [10.0101239, 53.5522849], [10.0100606, 53.5522801], [10.0100587, 53.5522906], [10.010056, 53.5523059], [10.0100541, 53.5523159], [10.0101071, 53.5523536], [10.01008, 53.5524641], [10.0100784, 53.552471], [10.0100894, 53.5524758], [10.0101505, 53.5525004], [10.0101597, 53.5524921], [10.0101797, 53.5524743], [10.0101898, 53.5524653], [10.0101713, 53.5524585], [10.010164, 53.5523588], [10.0102183, 53.5523364], [10.010224, 53.5523087], [10.0102352, 53.5522548], [10.0102389, 53.5522373], [10.0102454, 53.5522049], [10.0102556, 53.5521547], [10.0103467, 53.5521612], [10.0103662, 53.5520703], [10.0103682, 53.5520586], [10.0103723, 53.552034], [10.0103738, 53.552026], [10.0103149, 53.5520222], [10.0103233, 53.5519757], [10.0101164, 53.5519607], [10.0101115, 53.5519849], [10.0101103, 53.5519904], [10.0101087, 53.551998], [10.010106, 53.5520117], [10.0099997, 53.5520041], [10.0098252, 53.5519917], [10.0096849, 53.5519817], [10.0096903, 53.5519539], [10.0095581, 53.5519445], [10.0095546, 53.5519631], [10.0095653, 53.5519639], [10.0095631, 53.5519746], [10.0094938, 53.5519703], [10.0094958, 53.5519594], [10.0095067, 53.55196], [10.0095103, 53.5519411], [10.0093827, 53.5519323], [10.0093762, 53.5519652], [10.0092939, 53.5519594], [10.0092039, 53.5519531], [10.0091241, 53.5519475], [10.0090027, 53.5519388], [10.0090051, 53.5519272], [10.0090091, 53.5519071], [10.0090162, 53.5518751], [10.0089429, 53.5518702], [10.0089199, 53.5518686], [10.0088775, 53.5518658], [10.0087457, 53.5518614], [10.0087419, 53.551878], [10.0087382, 53.5518953], [10.0087325, 53.5519204], [10.0087582, 53.5519227], [10.0087807, 53.5519945], [10.0087785, 53.5519943], [10.0087989, 53.5520694], [10.0088097, 53.5521099], [10.0088047, 53.5521487], [10.0088005, 53.5521693], [10.0087477, 53.5521986], [10.0086616, 53.5521905], [10.008545, 53.5521808], [10.0085412, 53.5521946], [10.0085374, 53.5522084], [10.0085336, 53.5522222], [10.0087365, 53.5522415], [10.0087482, 53.552244], [10.0087543, 53.5522466], [10.0087559, 53.5522528], [10.0087554, 53.5522591], [10.0087532, 53.5522688], [10.0087514, 53.5522766], [10.0087495, 53.5522845], [10.0087472, 53.5522943], [10.0087451, 53.5523032], [10.0087139, 53.5524041], [10.0086789, 53.5524173], [10.0086322, 53.5524117], [10.008628, 53.552424], [10.0086223, 53.5524408], [10.0086183, 53.5524522], [10.0086817, 53.5524601], [10.008792, 53.5525678], [10.0088632, 53.5525763]]]}, "properties": {"osm_id": 734610784, "osm_type": "way"}}, {"type": "Feature", "geometry": {"type": "LineString", "coordinates": [[10.0077946, 53.5522365], [10.0078183, 53.5522217]]}, "properties": {"highway": "footway", "indoor": "yes", "level": "0", "surface": "asphalt", "osm_id": 739159758, "osm_type": "way"}}, {"type": "Feature", "geometry": {"type": "LineString", "coordinates": [[10.0077398, 53.5523281], [10.0077599, 53.5523174]]}, "properties": {"highway": "footway", "indoor": "yes", "level": "0", "surface": "asphalt", "osm_id": 739159759, "osm_type": "way"}}, {"type": "Feature", "geometry": {"type": "LineString", "coordinates": [[10.0079457, 53.552306], [10.0080313, 53.5523183], [10.0081178, 53.55233], [10.0081339, 53.5523322], [10.0081895, 53.5523397], [10.0082423, 53.5523469], [10.0083502, 53.5523611], [10.0083941, 53.5524055]]}, "properties": {"bicycle": "dismount", "highway": "footway", "indoor": "yes", "level": "0", "lit": "yes", "segregated": "no", "surface": "asphalt", "osm_id": 739159760, "osm_type": "way"}}, {"type": "Feature", "geometry": {"type": "LineString", "coordinates": [[10.0074851, 53.5521951], [10.0075055, 53.5521838]]}, "properties": {"highway": "footway", "indoor": "yes", "level": "0", "surface": "asphalt", "osm_id": 739159761, "osm_type": "way"}}, {"type": "Feature", "geometry": {"type": "LineString", "coordinates": [[10.0074344, 53.552291], [10.0074561, 53.5522816]]}, "properties": {"highway": "footway", "indoor": "yes", "level": "0", "surface": "asphalt", "osm_id": 739159762, "osm_type": "way"}}, {"type": "Feature", "geometry": {"type": "LineString", "coordinates": [[10.0090879, 53.5521325], [10.009186, 53.5521393]]}, "properties": {"indoor": "wall", "level": "-2", "osm_id": 753404313, "osm_type": "way"}}, {"type": "Feature", "geometry": {"type": "LineString", "coordinates": [[10.0099781, 53.5521927], [10.0100768, 53.5521991]]}, "properties": {"indoor": "wall", "level": "-2", "osm_id": 753404314, "osm_type": "way"}}, {"type": "Feature", "geometry": {"type": "LineString", "coordinates": [[10.0099554, 53.5523096], [10.0100541, 53.5523159]]}, "properties": {"indoor": "wall", "level": "-2", "osm_id": 753404315, "osm_type": "way"}}, {"type": "Feature", "geometry": {"type": "Polygon", "coordinates": [[[10.0100606, 53.5522801], [10.0099619, 53.5522737], [10.0099601, 53.5522838], [10.0099572, 53.5522995], [10.0099554, 53.5523096], [10.0100541, 53.5523159], [10.010056, 53.5523059], [10.0100587, 53.5522906], [10.0100606, 53.5522801]]]}, "properties": {"indoor": "corridor", "level": "-1;-2", "osm_id": 753404316, "osm_type": "way"}}, {"type": "Feature", "geometry": {"type": "Polygon", "coordinates": [[[10.0100768, 53.5521991], [10.0099781, 53.5521927], [10.0099763, 53.5522029], [10.0099733, 53.5522194], [10.0099716, 53.5522286], [10.0100703, 53.5522349], [10.0100722, 53.5522249], [10.0100751, 53.5522087], [10.0100768, 53.5521991]]]}, "properties": {"indoor": "corridor", "level": "-1;-2", "osm_id": 753404317, "osm_type": "way"}}, {"type": "Feature", "geometry": {"type": "Polygon", "coordinates": [[[10.009186, 53.5521393], [10.0090879, 53.5521325], [10.009086, 53.5521421], [10.0090828, 53.5521528], [10.0091133, 53.552155], [10.0091517, 53.5521576], [10.0091821, 53.5521596], [10.0091841, 53.552149], [10.009186, 53.5521393]]]}, "properties": {"indoor": "corridor", "level": "-1;-2", "osm_id": 753404319, "osm_type": "way"}}, {"type": "Feature", "geometry": {"type": "LineString", "coordinates": [[10.0091658, 53.552247], [10.0090673, 53.5522401]]}, "properties": {"conveying": "forward", "description": "Bahnsteig Gleis 4 (U3) / Halle A", "highway": "steps", "incline": "up", "indoor": "yes", "layer": "-2", "level": "-2;-1", "operator": "Hamburger Hochbahn AG", "ref": "181", "step_count": "18", "time": "15 sec", "tunnel": "yes", "width": "100 cm", "osm_id": 753404320, "osm_type": "way"}}, {"type": "Feature", "geometry": {"type": "LineString", "coordinates": [[10.0090657, 53.5522493], [10.0091642, 53.5522555]]}, "properties": {"indoor": "wall", "level": "-2", "osm_id": 753404321, "osm_type": "way"}}, {"type": "Feature", "geometry": {"type": "Polygon", "coordinates": [[[10.009171, 53.5522197], [10.0090721, 53.5522134], [10.0090703, 53.5522235], [10.0090673, 53.5522401], [10.0090657, 53.5522493], [10.0091642, 53.5522555], [10.0091658, 53.552247], [10.0091691, 53.5522293], [10.009171, 53.5522197]]]}, "properties": {"indoor": "corridor", "level": "-1;-2", "osm_id": 753404322, "osm_type": "way"}}, {"type": "Feature", "geometry": {"type": "Polygon", "coordinates": [[[10.0094588, 53.552181], [10.0094533, 53.5522107], [10.0093391, 53.552203], [10.0093446, 53.5521734], [10.0094588, 53.552181]]]}, "properties": {"building": "yes", "check_date": "2026-06-11", "indoor": "room", "layer": "-2", "level": "-2", "location": "underground", "shop": "vacant", "osm_id": 753404323, "osm_type": "way"}}, {"type": "Feature", "geometry": {"type": "Polygon", "coordinates": [[[10.0094515, 53.5522221], [10.0094461, 53.5522514], [10.0093317, 53.552244], [10.0093372, 53.5522143], [10.0094515, 53.5522221]]]}, "properties": {"disused:brand": "Yorma's", "disused:brand:wikidata": "Q2600868", "disused:name": "Yorma's", "disused:shop": "kiosk", "indoor": "room", "layer": "-2", "level": "-2", "osm_id": 753404324, "osm_type": "way"}}, {"type": "Feature", "geometry": {"type": "LineString", "coordinates": [[10.0091262, 53.5519369], [10.0090051, 53.5519272]]}, "properties": {"access": "customers", "conveying": "forward", "customers": "HVV", "description": "Bahnsteig Gleis 1+2 (U1) / Halle A", "highway": "steps", "incline": "up", "indoor": "yes", "layer": "-2", "level": "-2;-1", "operator": "Hamburger Hochbahn AG", "ref": "012", "step_count": "25", "time": "20 sec", "tunnel": "yes", "width": "100 cm", "osm_id": 753422406, "osm_type": "way"}}, {"type": "Feature", "geometry": {"type": "LineString", "coordinates": [[10.0091311, 53.5519126], [10.0090091, 53.5519071]]}, "properties": {"access": "customers", "customers": "HVV", "highway": "steps", "incline": "up", "indoor": "yes", "layer": "-2", "level": "-2;-1", "step_count": "23", "tunnel": "yes", "osm_id": 753422407, "osm_type": "way"}}, {"type": "Feature", "geometry": {"type": "LineString", "coordinates": [[10.0091241, 53.5519475], [10.0090027, 53.5519388]]}, "properties": {"barrier": "fence", "level": "-1", "osm_id": 753422408, "osm_type": "way"}}, {"type": "Feature", "geometry": {"type": "Polygon", "coordinates": [[[10.0092039, 53.5519531], [10.0092939, 53.5519594], [10.0093069, 53.5518944], [10.0092169, 53.5518881], [10.0092039, 53.5519531]]]}, "properties": {"check_date": "2026-06-11", "indoor": "room", "layer": "-1", "level": "-1", "shop": "vacant", "osm_id": 753422409, "osm_type": "way"}}, {"type": "Feature", "geometry": {"type": "LineString", "coordinates": [[10.0100024, 53.5519908], [10.0101087, 53.551998]]}, "properties": {"conveying": "no", "highway": "steps", "incline": "up", "indoor": "yes", "layer": "-1", "level": "-2;-1", "step_count": "23", "tunnel": "yes", "osm_id": 753422410, "osm_type": "way"}}, {"type": "Feature", "geometry": {"type": "LineString", "coordinates": [[10.010106, 53.5520117], [10.0099997, 53.5520041]]}, "properties": {"barrier": "fence", "level": "-1", "osm_id": 753422411, "osm_type": "way"}}, {"type": "Feature", "geometry": {"type": "LineString", "coordinates": [[10.0101425, 53.552], [10.0101087, 53.551998]]}, "properties": {"highway": "footway", "indoor": "yes", "layer": "-1", "level": "-1", "tunnel": "yes", "osm_id": 753422412, "osm_type": "way"}}, {"type": "Feature", "geometry": {"type": "LineString", "coordinates": [[10.0101789, 53.5519894], [10.0102845, 53.5519972], [10.010283, 53.5520055], [10.0102802, 53.5520178], [10.0102793, 53.5520236], [10.0101737, 53.5520159]]}, "properties": {"barrier": "fence", "level": "-1", "osm_id": 753422413, "osm_type": "way"}}, {"type": "Feature", "geometry": {"type": "LineString", "coordinates": [[10.0102932, 53.552053], [10.010307, 53.5519841], [10.0101479, 53.5519729], [10.0101441, 53.5519919], [10.0101433, 53.551996], [10.0101425, 53.552], [10.0101409, 53.5520081], [10.0101342, 53.5520416]]}, "properties": {"highway": "footway", "indoor": "yes", "layer": "-1", "level": "-1", "lit": "yes", "surface": "paving_stones", "tunnel": "yes", "wheelchair": "yes", "osm_id": 753422414, "osm_type": "way"}}, {"type": "Feature", "geometry": {"type": "LineString", "coordinates": [[10.0103682, 53.5520586], [10.0103348, 53.552056]]}, "properties": {"highway": "footway", "indoor": "yes", "layer": "-1", "level": "-1", "lit": "yes", "surface": "paving_stones", "tunnel": "yes", "osm_id": 753422415, "osm_type": "way"}}, {"type": "Feature", "geometry": {"type": "Polygon", "coordinates": [[[10.010535, 53.552068], [10.0105329, 53.5520803], [10.0104272, 53.552074], [10.0103662, 53.5520703], [10.0103682, 53.5520586], [10.0103723, 53.552034], [10.0103738, 53.552026], [10.0104342, 53.5520296], [10.0105404, 53.5520359], [10.0105392, 53.5520427], [10.010535, 53.552068]]]}, "properties": {"indoor": "corridor", "level": "0;-1", "osm_id": 753422416, "osm_type": "way"}}, {"type": "Feature", "geometry": {"type": "LineString", "coordinates": [[10.0105329, 53.5520803], [10.0104272, 53.552074], [10.0104342, 53.5520296], [10.0105404, 53.5520359]]}, "properties": {"barrier": "fence", "level": "0", "osm_id": 753422417, "osm_type": "way"}}, {"type": "Feature", "geometry": {"type": "Polygon", "coordinates": [[[10.0101898, 53.5524653], [10.0102291, 53.5524809], [10.010324, 53.5525184], [10.0103139, 53.5525274], [10.0102946, 53.5525446], [10.0102847, 53.5525534], [10.0101888, 53.5525155], [10.0101505, 53.5525004], [10.0101597, 53.5524921], [10.0101797, 53.5524743], [10.0101898, 53.5524653]]]}, "properties": {"indoor": "corridor", "level": "0;-1", "osm_id": 753422418, "osm_type": "way"}}, {"type": "Feature", "geometry": {"type": "Polygon", "coordinates": [[[10.0102389, 53.5522373], [10.0103299, 53.5522438], [10.0103365, 53.5522114], [10.0102454, 53.5522049], [10.0102389, 53.5522373]]]}, "properties": {"check_date": "2026-06-11", "disused:shop": "yes", "indoor": "room", "layer": "-1", "level": "-1", "osm_id": 753422419, "osm_type": "way"}}, {"type": "Feature", "geometry": {"type": "LineString", "coordinates": [[10.0089778, 53.5519141], [10.0090091, 53.5519071]]}, "properties": {"highway": "footway", "indoor": "yes", "layer": "-1", "level": "-1", "tunnel": "yes", "osm_id": 753437655, "osm_type": "way"}}, {"type": "Feature", "geometry": {"type": "LineString", "coordinates": [[10.0089062, 53.5519096], [10.0088992, 53.551956]]}, "properties": {"highway": "footway", "indoor": "yes", "layer": "-1", "level": "-1", "tunnel": "yes", "wheelchair": "yes", "osm_id": 753437656, "osm_type": "way"}}, {"type": "Feature", "geometry": {"type": "LineString", "coordinates": [[10.009086, 53.5521421], [10.0090444, 53.5521441], [10.0088649, 53.5521316]]}, "properties": {"highway": "footway", "indoor": "yes", "layer": "-1", "level": "-1", "tunnel": "yes", "wheelchair": "yes", "osm_id": 753437657, "osm_type": "way"}}, {"type": "Feature", "geometry": {"type": "Polygon", "coordinates": [[[10.0090512, 53.55213], [10.0090569, 53.5521012], [10.0090936, 53.5521037], [10.0090879, 53.5521325], [10.0090512, 53.55213]]]}, "properties": {"brand": "von Allwörden", "brand:wikidata": "Q60411349", "brand:wikipedia": "nds:Heinrich von Allwörden GmbH", "check_date": "2026-06-20", "indoor": "room", "level": "-1", "name": "von Allwörden", "opening_hours": "Mo-Fr 05:00-19:00; Sa,Su 05:00-14:00", "shop": "bakery", "osm_id": 753437658, "osm_type": "way"}}, {"type": "Feature", "geometry": {"type": "LineString", "coordinates": [[10.009019, 53.5522264], [10.0090673, 53.5522401]]}, "properties": {"highway": "footway", "indoor": "yes", "layer": "-1", "level": "-1", "surface": "asphalt", "tunnel": "yes", "osm_id": 753437659, "osm_type": "way"}}, {"type": "Feature", "geometry": {"type": "Polygon", "coordinates": [[[10.0089496, 53.5519847], [10.0089135, 53.5519826], [10.0089113, 53.5519959], [10.0089474, 53.551998], [10.0089496, 53.5519847]]]}, "properties": {"osm_id": 753437660, "osm_type": "way"}}, {"type": "Feature", "geometry": {"type": "Polygon", "coordinates": [[[10.0088954, 53.5520856], [10.008899, 53.5520653], [10.0089349, 53.5520676], [10.0089312, 53.5520879], [10.0088954, 53.5520856]]]}, "properties": {"level": "-1", "osm_id": 753437661, "osm_type": "way"}}, {"type": "Feature", "geometry": {"type": "Polygon", "coordinates": [[[10.0087457, 53.5518614], [10.0087419, 53.551878], [10.0087382, 53.5518953], [10.008702, 53.5518924], [10.0085974, 53.5518839], [10.0086002, 53.55187], [10.008602, 53.5518585], [10.0087078, 53.5518661], [10.0087457, 53.5518614]]]}, "properties": {"indoor": "corridor", "level": "0;-1", "osm_id": 753437662, "osm_type": "way"}}, {"type": "Feature", "geometry": {"type": "LineString", "coordinates": [[10.0088447, 53.5525493], [10.0088673, 53.5525642]]}, "properties": {"highway": "footway", "indoor": "yes", "layer": "-1", "level": "-1", "surface": "paving_stones", "tunnel": "yes", "osm_id": 753437663, "osm_type": "way"}}, {"type": "Feature", "geometry": {"type": "Polygon", "coordinates": [[[10.0086183, 53.5524522], [10.0085387, 53.5524426], [10.0084406, 53.5524307], [10.0084443, 53.5524199], [10.00845, 53.5524033], [10.0084545, 53.5523902], [10.008553, 53.5524021], [10.0086322, 53.5524117], [10.008628, 53.552424], [10.0086223, 53.5524408], [10.0086183, 53.5524522]]]}, "properties": {"indoor": "corridor", "level": "0;-1", "osm_id": 753437664, "osm_type": "way"}}, {"type": "Feature", "geometry": {"type": "LineString", "coordinates": [[10.0084406, 53.5524307], [10.0085387, 53.5524426], [10.008553, 53.5524021], [10.0084545, 53.5523902]]}, "properties": {"barrier": "fence", "level": "0", "osm_id": 753437665, "osm_type": "way"}}, {"type": "Feature", "geometry": {"type": "Polygon", "coordinates": [[[10.0090379, 53.5525628], [10.0090407, 53.5525554], [10.0089174, 53.552539], [10.008878, 53.5525347], [10.0088754, 53.5525417], [10.0088673, 53.5525642], [10.0088632, 53.5525763], [10.0089021, 53.5525805], [10.0090253, 53.5525969], [10.00903, 53.5525837], [10.0090379, 53.5525628]]]}, "properties": {"indoor": "corridor", "level": "0;-1", "osm_id": 753437666, "osm_type": "way"}}, {"type": "Feature", "geometry": {"type": "LineString", "coordinates": [[10.0078234, 53.5521182], [10.0077955, 53.5521999]]}, "properties": {"highway": "steps", "incline": "up", "indoor": "yes", "layer": "-2", "level": "-2;-1", "tunnel": "yes", "osm_id": 753440065, "osm_type": "way"}}, {"type": "Feature", "geometry": {"type": "Polygon", "coordinates": [[[10.0078486, 53.5521215], [10.0078207, 53.5522032], [10.0077955, 53.5521999], [10.0077704, 53.5521967], [10.0077983, 53.552115], [10.0078234, 53.5521182], [10.0078486, 53.5521215]]]}, "properties": {"indoor": "corridor", "level": "-1;-2", "osm_id": 753440066, "osm_type": "way"}}, {"type": "Feature", "geometry": {"type": "Polygon", "coordinates": [[[10.0085336, 53.5522222], [10.0083297, 53.5522026], [10.0083335, 53.5521888], [10.0083373, 53.552175], [10.0083411, 53.5521612], [10.008545, 53.5521808], [10.0085412, 53.5521946], [10.0085374, 53.5522084], [10.0085336, 53.5522222]]]}, "properties": {"indoor": "corridor", "level": "-1;-2", "osm_id": 753440067, "osm_type": "way"}}, {"type": "Feature", "geometry": {"type": "Polygon", "coordinates": [[[10.007851, 53.5521146], [10.0078486, 53.5521215], [10.0078234, 53.5521182], [10.0077983, 53.552115], [10.0078134, 53.5520727], [10.0079552, 53.5520903], [10.0079644, 53.5520869], [10.0082854, 53.5521286], [10.008315, 53.5521585], [10.0083411, 53.5521612], [10.0083373, 53.552175], [10.0083335, 53.5521888], [10.0083297, 53.5522026], [10.0082702, 53.5521965], [10.0082584, 53.5522302], [10.0082465, 53.5522287], [10.0082217, 53.5522252], [10.0081993, 53.5522221], [10.0082127, 53.5521887], [10.0081779, 53.5521575], [10.007851, 53.5521146]]]}, "properties": {"indoor": "corridor", "level": "-2", "osm_id": 753440068, "osm_type": "way"}}, {"type": "Feature", "geometry": {"type": "LineString", "coordinates": [[10.0077195, 53.5522046], [10.0077908, 53.5522136], [10.0078547, 53.5522223]]}, "properties": {"highway": "footway", "indoor": "yes", "level": "-1", "surface": "paving_stones", "osm_id": 768668014, "osm_type": "way"}}, {"type": "Feature", "geometry": {"type": "LineString", "coordinates": [[10.0077955, 53.5521999], [10.0077908, 53.5522136]]}, "properties": {"highway": "footway", "indoor": "yes", "level": "-1", "osm_id": 768668015, "osm_type": "way"}}, {"type": "Feature", "geometry": {"type": "LineString", "coordinates": [[10.0090815, 53.5521602], [10.0091808, 53.5521671]]}, "properties": {"description": "Schalterhalle/Bahnsteig U3, Richtung: Barmbek und Wandsbek-Gartenstadt", "highway": "elevator", "level": "-1;-2", "manufacturer": "Hütter Aufzüge", "operator": "Hamburger Hochbahn AG", "ref": "10014232", "start_date": "2014", "osm_id": 814305826, "osm_type": "way"}}, {"type": "Feature", "geometry": {"type": "Polygon", "coordinates": [[[10.0090801, 53.552168], [10.0091105, 53.5521699], [10.0091133, 53.552155], [10.0090828, 53.5521528], [10.0090815, 53.5521602], [10.0090801, 53.552168]]]}, "properties": {"indoor": "room", "level": "-1", "osm_id": 814305827, "osm_type": "way"}}, {"type": "Feature", "geometry": {"type": "LineString", "coordinates": [[10.0102736, 53.5520516], [10.0102802, 53.5520178], [10.010283, 53.5520055], [10.0102901, 53.5519701]]}, "properties": {"highway": "footway", "indoor": "yes", "level": "-2", "lit": "yes", "surface": "paving_stones", "tactile_paving": "yes", "tunnel": "yes", "osm_id": 819559947, "osm_type": "way"}}, {"type": "Feature", "geometry": {"type": "LineString", "coordinates": [[10.0099943, 53.552033], [10.0100024, 53.5519908], [10.010004, 53.5519832], [10.0100108, 53.5519497]]}, "properties": {"highway": "footway", "indoor": "yes", "level": "-2", "lit": "yes", "surface": "paving_stones", "tactile_paving": "yes", "tunnel": "yes", "osm_id": 819559948, "osm_type": "way"}}, {"type": "Feature", "geometry": {"type": "LineString", "coordinates": [[10.0091184, 53.5519719], [10.0091262, 53.5519369], [10.0091311, 53.5519126], [10.009136, 53.5518875]]}, "properties": {"highway": "footway", "indoor": "yes", "level": "-2", "lit": "yes", "surface": "paving_stones", "tactile_paving": "yes", "tunnel": "yes", "osm_id": 819559949, "osm_type": "way"}}, {"type": "Feature", "geometry": {"type": "LineString", "coordinates": [[10.0095244, 53.5520002], [10.0095315, 53.5519522], [10.0095364, 53.551916]]}, "properties": {"highway": "footway", "indoor": "yes", "level": "-2", "lit": "yes", "surface": "paving_stones", "tactile_paving": "yes", "tunnel": "yes", "osm_id": 819559950, "osm_type": "way"}}, {"type": "Feature", "geometry": {"type": "LineString", "coordinates": [[10.010004, 53.5519832], [10.0101103, 53.5519904]]}, "properties": {"conveying": "forward", "description": "Bahnsteig 1 (U1) / Halle C (Adenauerallee/ZOB)", "highway": "steps", "incline": "up", "indoor": "yes", "layer": "-1", "level": "-2;-1", "operator": "Hamburger Hochbahn AG", "ref": "013", "step_count": "25", "time": "20 sec", "tunnel": "yes", "width": "100 cm", "osm_id": 864145334, "osm_type": "way"}}, {"type": "Feature", "geometry": {"type": "LineString", "coordinates": [[10.0101103, 53.5519904], [10.0101441, 53.5519919]]}, "properties": {"highway": "footway", "indoor": "yes", "layer": "-1", "level": "-1", "tunnel": "yes", "osm_id": 864145335, "osm_type": "way"}}, {"type": "Feature", "geometry": {"type": "LineString", "coordinates": [[10.0083124, 53.55218], [10.0083335, 53.5521888]]}, "properties": {"highway": "footway", "indoor": "yes", "layer": "-2", "level": "-2", "surface": "paving_stones", "tunnel": "yes", "osm_id": 864145336, "osm_type": "way"}}, {"type": "Feature", "geometry": {"type": "LineString", "coordinates": [[10.0085599, 53.5522029], [10.0085374, 53.5522084]]}, "properties": {"highway": "footway", "indoor": "yes", "layer": "-1", "level": "-1", "surface": "paving_stones", "tunnel": "yes", "osm_id": 864145337, "osm_type": "way"}}, {"type": "Feature", "geometry": {"type": "LineString", "coordinates": [[10.0083335, 53.5521888], [10.0085374, 53.5522084]]}, "properties": {"highway": "steps", "incline": "up", "indoor": "yes", "level": "-2;-1", "step_count": "23", "surface": "concrete", "tactile_paving": "partial", "osm_id": 864145338, "osm_type": "way"}}, {"type": "Feature", "geometry": {"type": "LineString", "coordinates": [[10.0073945, 53.5517773], [10.0074594, 53.5516392]]}, "properties": {"access": "yes", "handrail": "yes", "highway": "steps", "incline": "down", "level": "0;-1", "lit": "yes", "ramp": "no", "step_count": "39", "surface": "metal", "tactile_paving": "yes", "osm_id": 963178651, "osm_type": "way"}}, {"type": "Feature", "geometry": {"type": "LineString", "coordinates": [[10.0076743, 53.5518143], [10.0077361, 53.5516938]]}, "properties": {"access": "yes", "handrail": "yes", "highway": "steps", "incline": "down", "level": "0;-1", "lit": "yes", "ramp": "no", "source": "https://www.ndr.de/nachrichten/hamburg/Hauptbahnhof-Hamburg-Neue-Treppen-fuer-besseren-Zugang,hauptbahnhof468.html", "step_count": "39", "surface": "metal", "tactile_paving": "yes", "osm_id": 963178653, "osm_type": "way"}}, {"type": "Feature", "geometry": {"type": "LineString", "coordinates": [[10.007935, 53.5518487], [10.0079839, 53.5517443]]}, "properties": {"handrail": "yes", "highway": "steps", "incline": "down", "level": "0;-1", "lit": "yes", "ramp": "no", "step_count": "39", "surface": "metal", "tactile_paving": "no", "osm_id": 963178655, "osm_type": "way"}}, {"type": "Feature", "geometry": {"type": "LineString", "coordinates": [[10.0087564, 53.5509056], [10.0089499, 53.5507574], [10.0091189, 53.5506586], [10.0093799, 53.550522]]}, "properties": {"commuting": "yes", "electrified": "rail", "frequency": "0", "gauge": "1435", "level": "-1", "name": "City-S-Bahn", "network": "Hamburger Verkehrsverbund", "operator": "S-Bahn Hamburg GmbH", "operator:wikidata": "Q99869216", "railway": "light_rail", "railway:bidirectional": "regular", "railway:etcs": "no", "railway:pzb": "yes", "railway:traffic_mode": "passenger", "ref": "1241", "usage": "main", "voltage": "1200", "osm_id": 1230702904, "osm_type": "way"}}, {"type": "Feature", "geometry": {"type": "LineString", "coordinates": [[10.0080313, 53.5523183], [10.0080112, 53.5523712]]}, "properties": {"highway": "footway", "indoor": "yes", "level": "0", "lit": "yes", "surface": "asphalt", "osm_id": 1256910823, "osm_type": "way"}}, {"type": "Feature", "geometry": {"type": "LineString", "coordinates": [[10.0080025, 53.5523939], [10.0079969, 53.552409], [10.007975, 53.5524058], [10.0079616, 53.5524114], [10.0079269, 53.5525034]]}, "properties": {"check_date": "2024-02-27", "highway": "footway", "indoor": "yes", "level": "1", "lit": "yes", "surface": "paving_stones", "osm_id": 1256910824, "osm_type": "way"}}, {"type": "Feature", "geometry": {"type": "LineString", "coordinates": [[10.0080112, 53.5523712], [10.0080025, 53.5523939]]}, "properties": {"handrail": "yes", "highway": "steps", "incline": "up", "indoor": "yes", "level": "0", "lit": "yes", "ramp": "no", "step_count": "4", "surface": "concrete", "tactile_paving": "no", "osm_id": 1256910825, "osm_type": "way"}}, {"type": "Feature", "geometry": {"type": "LineString", "coordinates": [[10.0079969, 53.552409], [10.0080046, 53.5524171], [10.0079699, 53.5525092]]}, "properties": {"check_date": "2024-02-27", "highway": "footway", "indoor": "yes", "level": "1", "lit": "yes", "surface": "paving_stones", "osm_id": 1256910826, "osm_type": "way"}}, {"type": "Feature", "geometry": {"type": "LineString", "coordinates": [[10.0079227, 53.5517346], [10.0079839, 53.5517443], [10.008035, 53.5517524]]}, "properties": {"highway": "footway", "indoor": "yes", "level": "-1", "lit": "yes", "surface": "paving_stones", "osm_id": 1290307669, "osm_type": "way"}}, {"type": "Feature", "geometry": {"type": "LineString", "coordinates": [[10.0084222, 53.5524079], [10.0084443, 53.5524199]]}, "properties": {"bicycle": "dismount", "highway": "footway", "indoor": "yes", "level": "0", "lit": "yes", "segregated": "no", "surface": "asphalt", "osm_id": 1307324763, "osm_type": "way"}}, {"type": "Feature", "geometry": {"type": "LineString", "coordinates": [[10.0085527, 53.5523074], [10.0083147, 53.5522792], [10.0082987, 53.5522783], [10.0082846, 53.55228], [10.008272, 53.5522846], [10.0082647, 53.5522899], [10.0082597, 53.5522972], [10.0082423, 53.5523469]]}, "properties": {"highway": "footway", "level": "0", "lit": "yes", "surface": "paving_stones", "osm_id": 1307324767, "osm_type": "way"}}, {"type": "Feature", "geometry": {"type": "Polygon", "coordinates": [[[10.0080502, 53.5524], [10.0080223, 53.5523964], [10.0080338, 53.5523648], [10.0080618, 53.5523684], [10.0080502, 53.5524]]]}, "properties": {"indoor": "wall", "level": "0", "osm_id": 1307324771, "osm_type": "way"}}, {"type": "Feature", "geometry": {"type": "LineString", "coordinates": [[10.0077912, 53.551704], [10.0077361, 53.5516938], [10.0076883, 53.551685]]}, "properties": {"highway": "footway", "indoor": "yes", "level": "-1", "lit": "yes", "surface": "paving_stones", "osm_id": 1309925179, "osm_type": "way"}}, {"type": "Feature", "geometry": {"type": "LineString", "coordinates": [[10.007388, 53.5516262], [10.0074594, 53.5516392], [10.0075467, 53.551655]]}, "properties": {"highway": "footway", "indoor": "yes", "level": "-1", "lit": "yes", "surface": "paving_stones", "osm_id": 1309925180, "osm_type": "way"}}, {"type": "Feature", "geometry": {"type": "LineString", "coordinates": [[10.0082343, 53.5519022], [10.0082615, 53.5518423], [10.0082252, 53.5518253], [10.008316, 53.5516577], [10.0084032, 53.5515097], [10.008499, 53.5513706], [10.0086245, 53.5511999], [10.0087219, 53.5510602], [10.008756, 53.5509355], [10.0088381, 53.5507751]]}, "properties": {"barrier": "fence", "fence_type": "wire", "height": "2", "level": "0", "material": "metal", "osm_id": 1376222223, "osm_type": "way"}}, {"type": "Feature", "geometry": {"type": "LineString", "coordinates": [[10.0077839, 53.5519227], [10.007969, 53.5519482]]}, "properties": {"highway": "footway", "level": "0", "surface": "concrete", "osm_id": 1529203562, "osm_type": "way"}}, {"type": "Feature", "geometry": {"type": "LineString", "coordinates": [[10.0064211, 53.5501], [10.0064553, 53.5502932], [10.0064835, 53.5504293], [10.0065241, 53.5505431], [10.006569, 53.5506771], [10.0066276, 53.5507799], [10.0067227, 53.5509313], [10.0068364, 53.5510679], [10.0069313, 53.5511598], [10.0070529, 53.5512551], [10.0072355, 53.551376], [10.0074674, 53.5515052], [10.0076657, 53.5515984]]}, "properties": {"electrified": "rail", "frequency": "0", "gauge": "1435", "layer": "-2", "level": "-3", "network": "HVV", "railway": "subway", "tunnel": "yes", "voltage": "750", "osm_id": 27472397, "osm_type": "way"}}, {"type": "Feature", "geometry": {"type": "Polygon", "coordinates": [[[10.0075848, 53.5521215], [10.00754, 53.5522262], [10.0074622, 53.5524062], [10.0073258, 53.5527398], [10.0070828, 53.5532138], [10.0070336, 53.5533073], [10.0068367, 53.5536694], [10.0067005, 53.5538584], [10.0063382, 53.5541705], [10.0061414, 53.5543239], [10.0060106, 53.5544142], [10.0059342, 53.5543745], [10.0060941, 53.5542538], [10.0062524, 53.5541265], [10.0065703, 53.5538344], [10.006685, 53.5536713], [10.0067391, 53.5535749], [10.0069034, 53.5532819], [10.0069533, 53.5531879], [10.0069821, 53.5531313], [10.0071944, 53.5527141], [10.0073326, 53.5523879], [10.007408, 53.5522091], [10.0074607, 53.5521054], [10.0076259, 53.5517869], [10.0076883, 53.551685], [10.0077676, 53.5515554], [10.0079622, 53.5513119], [10.0080843, 53.5511837], [10.0081589, 53.5511024], [10.0082513, 53.5510238], [10.008392, 53.5509138], [10.0085629, 53.5508062], [10.0085984, 53.5508277], [10.0084424, 53.5509405], [10.008329, 53.5510373], [10.0082196, 53.5511375], [10.0081542, 53.5512053], [10.0080424, 53.5513321], [10.0079707, 53.5514214], [10.0078928, 53.5515291], [10.0077912, 53.551704], [10.0077376, 53.5518088], [10.0075848, 53.5521215]]]}, "properties": {"announcement": "yes", "bench": "yes", "bin": "yes", "indoor": "yes", "layer": "-1", "level": "-1", "lit": "yes", "name": "Hamburg Hbf", "passenger_information_display": "yes", "passenger_information_display:speech_output": "no", "platform_lift": "vertical", "platform_lift:portable": "yes", "public_transport": "platform", "railway": "platform", "railway:ref": "3", "ref": "5;6", "ref:IFOPT": "de:02000:10950:3:254905;de:02000:10950:3:254906;de:02000:10950:3:2549052;de:02000:10950:3:2549053;de:02000:10950:3:2549062;de:02000:10950:3:2549063", "shelter": "yes", "source:railway:ref": "OLG Hamburg II-143/04 B.I.2.a \"Im Übrigen liegt auf der Hand, dass bei Mittelbahnsteiglagen die Gleise 7 und 8 am Bahnsteig mit der - bahninternen - Nummer 4 liegen (Gleis 1/2 am Bahnsteig 1, 3/4 an 2, 5/6 an 3, 7/8 an 4).\"", "surface": "paving_stones", "tactile_paving": "yes", "train": "yes", "wheelchair": "yes", "osm_id": 28679287, "osm_type": "way"}}, {"type": "Feature", "geometry": {"type": "LineString", "coordinates": [[10.0079819, 53.5509075], [10.0078474, 53.5510024], [10.0076572, 53.5511617], [10.0076498, 53.551169], [10.0075409, 53.5512755], [10.0074678, 53.5513574], [10.007405, 53.551442], [10.007359, 53.5515032], [10.007266, 53.5516715], [10.007238, 53.5517276], [10.0071925, 53.5518152], [10.0071696, 53.5518524]]}, "properties": {"electrified": "contact_line", "frequency": "16.7", "gauge": "1435", "layer": "-1", "level": "-1", "operator": "DB Netz AG", "railway": "rail", "railway:pzb": "yes", "railway:track_ref": "31", "service": "crossover", "voltage": "15000", "workrules": "DE:EBO", "osm_id": 28679353, "osm_type": "way"}}, {"type": "Feature", "geometry": {"type": "LineString", "coordinates": [[10.0072351, 53.5518692], [10.007293, 53.5517465], [10.0073665, 53.5516228], [10.0074007, 53.5515752], [10.0074077, 53.5515655], [10.007441, 53.5515221], [10.0074795, 53.5514719], [10.0076138, 53.5513145], [10.0077313, 53.5512007], [10.0077485, 53.5511859], [10.0078888, 53.551065], [10.0080587, 53.5509369]]}, "properties": {"electrified": "contact_line", "frequency": "16.7", "gauge": "1435", "highspeed": "yes", "layer": "-1", "level": "-1", "name": "Berlin-Hamburger Bahn", "operator": "DB InfraGO AG", "railway": "rail", "railway:pzb": "yes", "railway:track_ref": "8", "ref": "6100", "tracks": "1", "usage": "main", "voltage": "15000", "workrules": "DE:EBO", "osm_id": 28679354, "osm_type": "way"}}, {"type": "Feature", "geometry": {"type": "LineString", "coordinates": [[10.0072148, 53.554363], [10.0072655, 53.5543411], [10.0073094, 53.5543071], [10.0074912, 53.5540361], [10.0075051, 53.5540253], [10.0075276, 53.55402], [10.0075531, 53.5540229], [10.0076275, 53.5540403], [10.0076492, 53.5540481], [10.0076614, 53.5540583], [10.0076667, 53.5540703], [10.0076626, 53.5540855], [10.0076182, 53.5541567], [10.0076025, 53.5541665], [10.007509, 53.5541997]]}, "properties": {"highway": "service", "level": "0", "lit": "yes", "motor_vehicle": "no", "oneway": "yes", "smoothness": "good", "surface": "asphalt", "taxi": "designated", "osm_id": 28686940, "osm_type": "way"}}, {"type": "Feature", "geometry": {"type": "LineString", "coordinates": [[10.0061414, 53.5520867], [10.006403, 53.5521185], [10.0067036, 53.5521551], [10.0071812, 53.5522131], [10.0074679, 53.552248], [10.0077738, 53.5522851], [10.0079457, 53.552306]]}, "properties": {"bicycle": "dismount", "highway": "footway", "indoor": "yes", "level": "0", "lit": "24/7", "name": "Südsteg", "segregated": "no", "surface": "asphalt", "osm_id": 28686950, "osm_type": "way"}}, {"type": "Feature", "geometry": {"type": "LineString", "coordinates": [[10.0070858, 53.5518287], [10.0071107, 53.5517558], [10.0071839, 53.5515416], [10.0072245, 53.5513939], [10.0072471, 53.5513118], [10.0072825, 53.5511043], [10.0072914, 53.5509938], [10.0073158, 53.5506903], [10.0073241, 53.5505099], [10.0073517, 53.5502167], [10.0073588, 53.5501454], [10.0073693, 53.5499899], [10.0073722, 53.5499463], [10.0073955, 53.5496673], [10.0074233, 53.5494438], [10.0074269, 53.5494066], [10.0074282, 53.5493986], [10.0074296, 53.5493905], [10.0074341, 53.5493642]]}, "properties": {"electrified": "contact_line", "frequency": "16.7", "gauge": "1435", "layer": "-1", "level": "-1", "operator": "DB Netz AG", "railway": "rail", "railway:pzb": "yes", "railway:track_ref": "28", "service": "yard", "voltage": "15000", "workrules": "DE:EBO", "osm_id": 59266486, "osm_type": "way"}}, {"type": "Feature", "geometry": {"type": "LineString", "coordinates": [[10.0057106, 53.5523751], [10.0056592, 53.5524779], [10.0055829, 53.552609], [10.0055167, 53.5527011], [10.0054153, 53.552819], [10.0052766, 53.5529573], [10.0049435, 53.5532329], [10.0046106, 53.5534949], [10.0043309, 53.5537056], [10.0039979, 53.553929], [10.0037032, 53.5541079], [10.003403, 53.5542958]]}, "properties": {"bicycle": "no", "cycleway:both": "no", "foot": "no", "hazmat:E": "no", "highway": "primary", "lanes": "2", "layer": "-2", "level": "-1", "lit": "24/7", "maxheight": "4", "maxspeed:type": "DE:urban", "name": "Wallringtunnel", "oneway": "yes", "parking:both": "no", "ref": "Ring 1", "shoulder": "no", "sidewalk": "no", "smoothness": "good", "surface": "asphalt", "traffic_sign": "DE:261;DE:1014-53", "tunnel": "yes", "osm_id": 61684076, "osm_type": "way"}}, {"type": "Feature", "geometry": {"type": "LineString", "coordinates": [[10.0071696, 53.5518524], [10.0070197, 53.5521582], [10.0069627, 53.5522936], [10.006811, 53.5526414], [10.0067078, 53.5528402], [10.0064954, 53.5532074], [10.0062565, 53.5535491], [10.0061139, 53.5537386], [10.0059877, 53.5538598], [10.0059547, 53.5538891], [10.0059412, 53.553901], [10.0055188, 53.5542743], [10.0054232, 53.5543778], [10.0052895, 53.5544972]]}, "properties": {"electrified": "contact_line", "frequency": "16.7", "gauge": "1435", "layer": "-1", "level": "-1", "operator": "DB Netz AG", "railway": "rail", "railway:pzb": "yes", "railway:track_ref": "9", "ref": "1245", "service": "yard", "voltage": "15000", "workrules": "DE:EBO", "osm_id": 62182019, "osm_type": "way"}}, {"type": "Feature", "geometry": {"type": "LineString", "coordinates": [[10.0074786, 53.5542358], [10.0069169, 53.5541995], [10.0061786, 53.5541503], [10.0049462, 53.5540682], [10.0047861, 53.5540501], [10.0045437, 53.5540188], [10.0041703, 53.5539524], [10.0036344, 53.5538531], [10.0032833, 53.5537805], [10.0028911, 53.5536718]]}, "properties": {"electrified": "rail", "electrified:rail": "bottom", "frequency": "0", "gauge": "1435", "layer": "-4", "level": "-3", "network": "HVV", "proposed:railway:cbtc": "yes", "railway": "subway", "railway:traffic_mode": "passenger", "tunnel": "yes", "voltage": "750", "osm_id": 98820862, "osm_type": "way"}}, {"type": "Feature", "geometry": {"type": "LineString", "coordinates": [[10.0106277, 53.5522688], [10.0112881, 53.5523123], [10.0128716, 53.5524192], [10.0139299, 53.5524964]]}, "properties": {"electrified": "rail", "electrified:rail": "bottom", "frequency": "0", "gauge": "1435", "layer": "-2", "level": "-2", "network": "HVV", "operator": "Hamburger Hochbahn AG", "railway": "subway", "railway:traffic_mode": "passenger", "tunnel": "yes", "voltage": "750", "osm_id": 99048984, "osm_type": "way"}}, {"type": "Feature", "geometry": {"type": "LineString", "coordinates": [[10.0078475, 53.5533279], [10.0077728, 53.5534299], [10.0076457, 53.5535975], [10.0075962, 53.5536658], [10.0075372, 53.5537219], [10.0074808, 53.553788], [10.0074123, 53.5538549], [10.0071959, 53.5540845], [10.0070574, 53.5542054], [10.0068665, 53.5543564], [10.0066601, 53.5545052], [10.0062636, 53.554786], [10.006093, 53.5549022]]}, "properties": {"commuting": "yes", "electrified": "rail", "frequency": "0", "gauge": "1435", "layer": "-1", "level": "-1", "name": "City-S-Bahn", "network": "Hamburger Verkehrsverbund", "operator": "S-Bahn Hamburg GmbH", "operator:wikidata": "Q99869216", "railway": "light_rail", "railway:ballastless": "no", "railway:bidirectional": "regular", "railway:preferred_direction": "forward", "railway:pzb": "yes", "railway:tilting": "no", "railway:track_ref": "1", "railway:traffic_mode": "passenger", "ref": "1270", "tunnel": "yes", "usage": "main", "voltage": "1200", "osm_id": 107828136, "osm_type": "way"}}, {"type": "Feature", "geometry": {"type": "LineString", "coordinates": [[10.0074667, 53.5535877], [10.0073877, 53.55369], [10.007265, 53.553839], [10.0071212, 53.5539965], [10.0068473, 53.5542557], [10.0067175, 53.5543646], [10.0065463, 53.5545078]]}, "properties": {"commuting": "yes", "electrified": "rail", "frequency": "0", "gauge": "1435", "highspeed": "no", "layer": "-1", "level": "-1", "name": "Verbindungsbahn", "network": "Hamburger Verkehrsverbund", "operator": "S-Bahn Hamburg GmbH", "operator:wikidata": "Q99869216", "rack": "no", "railway": "light_rail", "railway:ballastless": "no", "railway:bidirectional": "regular", "railway:etcs": "no", "railway:gnt": "no", "railway:lzb": "no", "railway:preferred_direction": "forward", "railway:pzb": "yes", "railway:tilting": "no", "railway:track_ref": "2", "railway:traffic_mode": "passenger", "ref": "1240", "tunnel": "yes", "usage": "main", "voltage": "1200", "osm_id": 127647894, "osm_type": "way"}}, {"type": "Feature", "geometry": {"type": "LineString", "coordinates": [[10.007061, 53.5536107], [10.0072014, 53.5533602], [10.0072293, 53.5533167], [10.0072694, 53.5532319], [10.0072893, 53.5531858], [10.0074702, 53.5527525], [10.0075634, 53.552512]]}, "properties": {"commuting": "yes", "electrified": "rail", "frequency": "0", "gauge": "1435", "highspeed": "no", "layer": "-1", "level": "-1", "name": "Verbindungsbahn", "network": "Hamburger Verkehrsverbund", "operator": "S-Bahn Hamburg GmbH", "operator:wikidata": "Q99869216", "rack": "no", "railway": "light_rail", "railway:ballastless": "no", "railway:bidirectional": "regular", "railway:etcs": "no", "railway:gnt": "no", "railway:lzb": "no", "railway:preferred_direction": "forward", "railway:pzb": "yes", "railway:radio": "gsm-r", "railway:tilting": "no", "railway:track_ref": "4", "railway:traffic_mode": "passenger", "ref": "1244", "usage": "main", "voltage": "1200", "osm_id": 130705850, "osm_type": "way"}}, {"type": "Feature", "geometry": {"type": "LineString", "coordinates": [[10.0086761, 53.5521764], [10.0085914, 53.5521505], [10.008503, 53.5521324], [10.00843, 53.5521201], [10.0082893, 53.5521002], [10.0063272, 53.5518682]]}, "properties": {"electrified": "rail", "electrified:rail": "bottom", "frequency": "0", "gauge": "1435", "layer": "-3", "level": "-2", "network": "HVV", "operator": "Hamburger Hochbahn AG", "railway": "subway", "railway:traffic_mode": "passenger", "tunnel": "yes", "voltage": "750", "osm_id": 132572549, "osm_type": "way"}}, {"type": "Feature", "geometry": {"type": "Polygon", "coordinates": [[[10.0078307, 53.5533174], [10.0078781, 53.5532274], [10.0079328, 53.5531443], [10.0080034, 53.5530043], [10.00802, 53.55297], [10.0081747, 53.5526508], [10.0082324, 53.5524757], [10.0082742, 53.5523268], [10.0083011, 53.5522381], [10.0083124, 53.55218], [10.0083256, 53.5521115], [10.0083771, 53.5519721], [10.0084351, 53.5518123], [10.0084958, 53.5516725], [10.0085686, 53.5515225], [10.0086625, 53.5513828], [10.0087824, 53.5512526], [10.0086892, 53.5512187], [10.0084586, 53.5515204], [10.0083849, 53.551651], [10.0083148, 53.5517929], [10.0082412, 53.5519515], [10.0081941, 53.5520973], [10.0081448, 53.5522159], [10.008113, 53.552308], [10.008065, 53.5524551], [10.0080068, 53.5526533], [10.0078644, 53.5529905], [10.0077771, 53.5531395], [10.0077417, 53.5532002], [10.0076926, 53.5532899], [10.0078307, 53.5533174]]]}, "properties": {"osm_id": 137538315, "osm_type": "way"}}, {"type": "Feature", "geometry": {"type": "LineString", "coordinates": [[10.0032958, 53.5542548], [10.0038934, 53.5538879], [10.0042066, 53.5536767], [10.0045029, 53.5534594], [10.004843, 53.5532053], [10.0050758, 53.5530104], [10.0052198, 53.5528861], [10.0052966, 53.5528033], [10.0053892, 53.552684], [10.0054933, 53.5525311], [10.0055777, 53.5523561]]}, "properties": {"bicycle": "no", "cycleway:both": "no", "foot": "no", "hazmat:E": "no", "highway": "primary", "lanes": "2", "layer": "-2", "level": "-1", "lit": "24/7", "maxheight": "4", "maxspeed": "50", "name": "Wallringtunnel", "oneway": "yes", "parking:both": "no", "ref": "Ring 1", "shoulder": "no", "sidewalk": "no", "smoothness": "good", "surface": "asphalt", "traffic_sign": "DE:261;DE:1014-53", "tunnel": "yes", "osm_id": 142944538, "osm_type": "way"}}, {"type": "Feature", "geometry": {"type": "Polygon", "coordinates": [[[10.0061303, 53.5531454], [10.0061924, 53.5530346], [10.0063039, 53.5528429], [10.0064368, 53.5525943], [10.0065672, 53.5522869], [10.0066252, 53.5521445], [10.0066789, 53.5520078], [10.0067473, 53.5518646], [10.0068046, 53.5516916], [10.0068347, 53.5515799], [10.006841, 53.5515569], [10.0068497, 53.5515249], [10.0068726, 53.551438], [10.006886, 53.5513539], [10.0069831, 53.5507677], [10.0070145, 53.5505782], [10.0070924, 53.5501143], [10.0071526, 53.5497589], [10.0072027, 53.5497609], [10.0071682, 53.5501301], [10.0071481, 53.5505212], [10.007137, 53.5507117], [10.0071231, 53.5507734], [10.0070549, 53.5512186], [10.0070175, 53.5514499], [10.0070011, 53.5515751], [10.006999, 53.551591], [10.0069824, 53.5517168], [10.0069163, 53.5518882], [10.0068428, 53.5520283], [10.0067161, 53.5523058], [10.0065831, 53.5526094], [10.0063294, 53.553062], [10.006268, 53.5531707], [10.0059075, 53.5536904], [10.0057204, 53.5539127], [10.0056647, 53.5538949], [10.0057215, 53.5538261], [10.0058095, 53.5536888], [10.0061303, 53.5531454]]]}, "properties": {"bench": "yes", "bin": "yes", "indoor": "yes", "layer": "-1", "level": "-1", "lit": "yes", "name": "Hamburg Hbf", "passenger_information_display": "yes", "public_transport": "platform", "railway": "platform", "railway:ref": "5", "ref": "11;12", "ref:IFOPT": "de:02000:10950:5:2549011;de:02000:10950:5:2549012;de:02000:10950:5:25490112;de:02000:10950:5:25490113;de:02000:10950:5:25490122;de:02000:10950:5:25490123", "shelter": "yes", "surface": "paving_stones", "tactile_paving": "yes", "train": "yes", "wheelchair": "yes", "osm_id": 152813941, "osm_type": "way"}}, {"type": "Feature", "geometry": {"type": "Polygon", "coordinates": [[[10.006654, 53.5516661], [10.0065243, 53.5519884], [10.0064776, 53.5520962], [10.0064019, 53.552266], [10.0062611, 53.5525775], [10.0060427, 53.5530032], [10.0060008, 53.553083], [10.0059796, 53.5531278], [10.0058059, 53.5534341], [10.0056791, 53.5536306], [10.005458, 53.5539364], [10.0054336, 53.553931], [10.005519, 53.553778], [10.0056184, 53.5535885], [10.0057186, 53.5533964], [10.0058926, 53.5530605], [10.0059305, 53.5529826], [10.006136, 53.5525622], [10.0062735, 53.5522497], [10.0063482, 53.5520762], [10.0063883, 53.5519713], [10.0065059, 53.5516474], [10.0065339, 53.5515422], [10.0065673, 53.5514128], [10.006585, 53.5513388], [10.0067421, 53.550758], [10.0068113, 53.5504782], [10.0068793, 53.5501718], [10.0069525, 53.5501783], [10.0068989, 53.5504516], [10.0068843, 53.5505495], [10.0068391, 53.5507619], [10.006754, 53.5512221], [10.0067124, 53.5514248], [10.0067013, 53.551486], [10.0066828, 53.5515548], [10.006654, 53.5516661]]]}, "properties": {"announcement": "yes", "bench": "yes", "bin": "yes", "indoor": "yes", "layer": "-1", "level": "-1", "lit": "yes", "name": "Hamburg Hbf", "passenger_information_display": "yes", "platform_lift": "vertical", "platform_lift:maxweight": "320 kg", "platform_lift:portable": "yes", "public_transport": "platform", "railway": "platform", "railway:ref": "6", "ref": "13;14", "ref:IFOPT": "de:02000:10950:6:2549013;de:02000:10950:6:2549014;de:02000:10950:6:25490132;de:02000:10950:6:25490133;de:02000:10950:6:25490142;de:02000:10950:6:25490143", "shelter": "yes", "surface": "paving_stones", "tactile_paving": "yes", "train": "yes", "wheelchair": "yes", "osm_id": 152813949, "osm_type": "way"}}, {"type": "Feature", "geometry": {"type": "Polygon", "coordinates": [[[10.0083296, 53.5512711], [10.0082705, 53.551254], [10.0081917, 53.5513445], [10.0080238, 53.5515632], [10.0079611, 53.5516616], [10.0079227, 53.5517346], [10.0078748, 53.5518258], [10.00775, 53.5521276], [10.0077195, 53.5522046], [10.0076336, 53.5524217], [10.007493, 53.5527547], [10.0073699, 53.5530565], [10.0072924, 53.5532353], [10.0072384, 53.5533373], [10.0071817, 53.5534332], [10.0070722, 53.5536182], [10.007159, 53.5536354], [10.0072833, 53.5534431], [10.0073994, 53.5532575], [10.0074944, 53.5530793], [10.0075469, 53.5529788], [10.0076425, 53.552775], [10.0077766, 53.552441], [10.0078547, 53.5522223], [10.0078826, 53.5521442], [10.0079922, 53.5518515], [10.008035, 53.5517524], [10.0080921, 53.55162], [10.0081428, 53.5515372], [10.0082215, 53.5514136], [10.0083296, 53.5512711]]]}, "properties": {"bench": "yes", "bin": "yes", "indoor": "yes", "layer": "-1", "level": "-1", "name": "Hamburg Hbf", "passenger_information_display": "yes", "public_transport": "platform", "railway": "platform", "railway:ref": "2", "ref": "3;4", "ref:IFOPT": "de:02000:10950:2:109102;de:02000:10950:2:109103", "shelter": "yes", "source:railway:ref": "OLG Hamburg II-143/04 B.I.2.a \"Im Übrigen liegt auf der Hand, dass bei Mittelbahnsteiglagen die Gleise 7 und 8 am Bahnsteig mit der - bahninternen - Nummer 4 liegen (Gleis 1/2 am Bahnsteig 1, 3/4 an 2, 5/6 an 3, 7/8 an 4).\"", "tactile_paving": "yes", "train": "yes", "wheelchair": "yes", "osm_id": 152813951, "osm_type": "way"}}, {"type": "Feature", "geometry": {"type": "Polygon", "coordinates": [[[10.0071627, 53.5520685], [10.007218, 53.55195], [10.0073147, 53.5517444], [10.007388, 53.5516262], [10.0074072, 53.5515952], [10.0075296, 53.5514367], [10.0075582, 53.5514032], [10.0076294, 53.5513228], [10.0077489, 53.5512109], [10.0079137, 53.5510698], [10.0080732, 53.5509521], [10.0082278, 53.5508481], [10.0083191, 53.5507912], [10.0084093, 53.5507416], [10.0084405, 53.5507634], [10.0082569, 53.5508885], [10.0080641, 53.551046], [10.0079805, 53.5511196], [10.007867, 53.5512325], [10.0077277, 53.5513913], [10.0075841, 53.5515852], [10.0075467, 53.551655], [10.0074827, 53.5517744], [10.0073291, 53.5520894], [10.0071998, 53.552367], [10.0070506, 53.55269], [10.0068128, 53.5531596], [10.0067438, 53.5532839], [10.0066867, 53.553372], [10.0065058, 53.5536455], [10.0063848, 53.5537871], [10.006197, 53.5539425], [10.0060233, 53.5540894], [10.005844, 53.5542263], [10.0052442, 53.5546835], [10.0051401, 53.5547629], [10.0046245, 53.5551479], [10.0041901, 53.5554457], [10.0041612, 53.5554298], [10.0046845, 53.5550066], [10.0051429, 53.5546437], [10.0051825, 53.5546124], [10.0054549, 53.5544031], [10.0057072, 53.5542023], [10.0057772, 53.5541466], [10.0061524, 53.553845], [10.0062387, 53.5537722], [10.0063612, 53.5536074], [10.0063693, 53.5535961], [10.0065397, 53.5533389], [10.0065837, 53.5532705], [10.0065955, 53.5532521], [10.0066619, 53.5531297], [10.0069111, 53.5526629], [10.0070442, 53.5523473], [10.0071157, 53.5521662], [10.0071627, 53.5520685]]]}, "properties": {"bench": "yes", "bin": "yes", "indoor": "yes", "layer": "-1", "level": "-1", "lit": "yes", "name": "Hamburg Hbf", "passenger_information_display": "yes", "public_transport": "platform", "railway": "platform", "railway:ref": "4", "ref": "7;8", "ref:IFOPT": "de:02000:10950:4:254907;de:02000:10950:4:254908;de:02000:10950:4:2549072;de:02000:10950:4:2549073;de:02000:10950:4:2549082;de:02000:10950:99:99", "shelter": "yes", "source:railway:ref": "OLG Hamburg II-143/04 B.I.2.a \"Im Übrigen liegt auf der Hand, dass bei Mittelbahnsteiglagen die Gleise 7 und 8 am Bahnsteig mit der - bahninternen - Nummer 4 liegen (Gleis 1/2 am Bahnsteig 1, 3/4 an 2, 5/6 an 3, 7/8 an 4).\"", "surface": "paving_stones", "tactile_paving": "yes", "train": "yes", "wheelchair": "yes", "osm_id": 152813958, "osm_type": "way"}}, {"type": "Feature", "geometry": {"type": "LineString", "coordinates": [[10.0066178, 53.5528071], [10.0069627, 53.5522936]]}, "properties": {"electrified": "contact_line", "frequency": "16.7", "gauge": "1435", "layer": "-1", "level": "-1", "operator": "DB Netz AG", "railway": "rail", "railway:pzb": "yes", "service": "yard", "voltage": "15000", "workrules": "DE:EBO", "osm_id": 155371976, "osm_type": "way"}}, {"type": "Feature", "geometry": {"type": "LineString", "coordinates": [[10.0073326, 53.5523879], [10.0073881, 53.552396], [10.0074265, 53.552401], [10.0074622, 53.5524062]]}, "properties": {"highway": "footway", "indoor": "yes", "level": "-1", "lit": "24/7", "surface": "paving_stones", "osm_id": 343003113, "osm_type": "way"}}, {"type": "Feature", "geometry": {"type": "Polygon", "coordinates": [[[10.0079627, 53.5522649], [10.0079525, 53.5522636], [10.0079357, 53.5522615], [10.0079188, 53.5522594], [10.0079021, 53.5522574], [10.0078239, 53.5522474], [10.0078326, 53.5522236], [10.0078183, 53.5522217], [10.0077841, 53.5522173], [10.0077574, 53.5522138], [10.0077487, 53.5522375], [10.0077367, 53.5522421], [10.0077239, 53.552245], [10.0077099, 53.5522462], [10.0076961, 53.5522454], [10.0076824, 53.5522432], [10.0076708, 53.5522386], [10.00766, 53.5522329], [10.0076529, 53.5522259], [10.0076319, 53.5522238], [10.0076058, 53.552221], [10.0075927, 53.552226], [10.0075811, 53.5522285], [10.0075666, 53.5522296], [10.0075533, 53.5522289], [10.0075393, 53.5522263], [10.007528, 53.5522221], [10.0075175, 53.5522163], [10.0075101, 53.5522095], [10.0075168, 53.5521851], [10.0075055, 53.5521838], [10.0074738, 53.55218], [10.0074616, 53.5521784], [10.0074542, 53.5522022], [10.0074422, 53.5522075], [10.0074295, 53.5522098], [10.0074145, 53.5522112], [10.0074017, 53.5522101], [10.007387, 53.5522077], [10.0073764, 53.5522033], [10.0073655, 53.5521976], [10.0073585, 53.5521907], [10.007345, 53.5521891], [10.0073247, 53.5521863], [10.0073124, 53.5521912], [10.0073, 53.5521938], [10.0072856, 53.5521951], [10.0072722, 53.5521942], [10.0072578, 53.5521917], [10.0072469, 53.5521874], [10.007236, 53.5521818], [10.0072291, 53.5521747], [10.0072366, 53.5521521], [10.007223, 53.5521505], [10.0071968, 53.5521472], [10.0071828, 53.5521455], [10.0071756, 53.5521693], [10.0071641, 53.5521745], [10.0071508, 53.5521768], [10.0071361, 53.5521784], [10.007123, 53.5521772], [10.007108, 53.5521749], [10.0070977, 53.5521704], [10.0070859, 53.5521646], [10.0070788, 53.5521571], [10.0070078, 53.5521487], [10.006997, 53.5521536], [10.0069843, 53.5521566], [10.0069702, 53.5521579], [10.0069565, 53.552157], [10.006943, 53.5521548], [10.0069312, 53.5521501], [10.00692, 53.552144], [10.0069134, 53.5521375], [10.0068456, 53.5521289], [10.0068347, 53.5521338], [10.0068208, 53.5521364], [10.0068061, 53.5521378], [10.006793, 53.5521368], [10.0067798, 53.5521352], [10.0067677, 53.5521299], [10.0067562, 53.5521236], [10.0067488, 53.5521171], [10.0067572, 53.5520916], [10.0067441, 53.5520898], [10.0067103, 53.5520857], [10.0067006, 53.5520845], [10.0066922, 53.5521104], [10.0066752, 53.5521089], [10.0066644, 53.5521131], [10.006651, 53.5521165], [10.0066368, 53.5521175], [10.0066221, 53.5521171], [10.0066103, 53.5521145], [10.006599, 53.5521096], [10.0065888, 53.5521042], [10.0065812, 53.5520969], [10.0065722, 53.5520958], [10.0065418, 53.552092], [10.0065289, 53.5520976], [10.0065171, 53.5520995], [10.0065029, 53.552101], [10.0064893, 53.5520999], [10.0064758, 53.5520979], [10.006464, 53.5520931], [10.006454, 53.5520871], [10.0064465, 53.5520804], [10.0064559, 53.5520515], [10.0064411, 53.5520497], [10.0064148, 53.5520465], [10.0064004, 53.5520447], [10.0063902, 53.5520736], [10.0063785, 53.5520783], [10.0063655, 53.5520811], [10.0063508, 53.5520821], [10.0063377, 53.5520815], [10.0063242, 53.552079], [10.0063124, 53.5520746], [10.0063015, 53.5520691], [10.0062946, 53.552062], [10.0062752, 53.5520597], [10.0061557, 53.5520449], [10.0061414, 53.5520867], [10.0061263, 53.5521315], [10.006243, 53.5521467], [10.0063642, 53.5521614], [10.0063716, 53.5521623], [10.0063992, 53.5521656], [10.0064096, 53.5521669], [10.0066589, 53.5521971], [10.0066707, 53.5521985], [10.006706, 53.5522028], [10.0067175, 53.5522042], [10.0071346, 53.5522547], [10.0071454, 53.552256], [10.0071833, 53.5522606], [10.0071938, 53.5522618], [10.0074235, 53.5522897], [10.0074344, 53.552291], [10.0074715, 53.5522955], [10.0074839, 53.5522972], [10.0077284, 53.5523267], [10.0077398, 53.5523281], [10.0077705, 53.5523318], [10.0077968, 53.552335], [10.0079307, 53.5523511], [10.0079457, 53.552306], [10.0079627, 53.5522649]]]}, "properties": {"area:highway": "footway", "indoor": "area", "level": "0", "lit": "yes", "osm_id": 343003118, "osm_type": "way"}}, {"type": "Feature", "geometry": {"type": "Polygon", "coordinates": [[[10.0073585, 53.5521907], [10.0073655, 53.5521976], [10.0073764, 53.5522033], [10.007387, 53.5522077], [10.0074017, 53.5522101], [10.0074145, 53.5522112], [10.0074295, 53.5522098], [10.0074422, 53.5522075], [10.0074542, 53.5522022], [10.0074616, 53.5521784], [10.007467, 53.5521606], [10.0073584, 53.5521477], [10.007345, 53.5521891], [10.0073585, 53.5521907]]]}, "properties": {"amenity": "fast_food", "brand": "dean&david", "brand:wikidata": "Q66132404", "check_date": "2025-07-17", "check_date:diet:vegetarian": "2025-07-17", "cuisine": "salad;sandwich", "diet:vegan": "yes", "diet:vegetarian": "yes", "email": "hamburg.hbf@deananddavid.com", "indoor": "room", "indoor_seating": "no", "level": "0", "name": "dean&david", "opening_hours": "Su-Fr 06:00-23:00, Sa 06:00-22:00", "outdoor_seating": "no", "payment:cash": "yes", "payment:girocard": "yes", "payment:maestro": "yes", "payment:mastercard": "yes", "payment:sodexo": "yes", "payment:visa": "yes", "payment:visa_debit": "yes", "phone": "+49 40 41307350", "takeaway": "only", "website": "https://deananddavid.com/hauptbahnhof-hamburg-express/", "wheelchair": "yes", "osm_id": 343201862, "osm_type": "way"}}, {"type": "Feature", "geometry": {"type": "Polygon", "coordinates": [[[10.0072838, 53.5526067], [10.0073219, 53.5526125], [10.0073518, 53.5525433], [10.0073136, 53.5525375], [10.0072838, 53.5526067]]]}, "properties": {"amenity": "shelter", "indoor": "yes", "level": "-1", "shelter_type": "public_transport", "osm_id": 343243972, "osm_type": "way"}}, {"type": "Feature", "geometry": {"type": "LineString", "coordinates": [[10.0054523, 53.5532217], [10.0055149, 53.5532347], [10.0057867, 53.553291], [10.0058418, 53.5532853], [10.0061625, 53.5533529], [10.0064207, 53.5534074], [10.0065825, 53.5534415], [10.0066243, 53.5534503], [10.0068885, 53.553506], [10.0071383, 53.5535586], [10.0071635, 53.5535947], [10.0075298, 53.5536747], [10.0075864, 53.5536854], [10.0076907, 53.5537079], [10.0079993, 53.5537739]]}, "properties": {"bicycle": "dismount", "highway": "footway", "indoor": "yes", "level": "0", "lit": "yes", "name": "Wandelhalle", "segregated": "no", "surface": "paving_stones", "wheelchair": "yes", "osm_id": 344257648, "osm_type": "way"}}, {"type": "Feature", "geometry": {"type": "LineString", "coordinates": [[10.0073544, 53.5532722], [10.007299, 53.5533653]]}, "properties": {"highway": "footway", "indoor": "yes", "level": "0", "surface": "paving_stones", "wheelchair": "yes", "osm_id": 344257661, "osm_type": "way"}}, {"type": "Feature", "geometry": {"type": "Polygon", "coordinates": [[[10.0063971, 53.5533359], [10.0064715, 53.5532177], [10.0065394, 53.5530917], [10.0066138, 53.552957], [10.0066799, 53.5528303], [10.0067459, 53.5526873], [10.0068023, 53.5525611], [10.0068599, 53.5524167], [10.0069284, 53.5522627], [10.0072396, 53.5523036], [10.0071736, 53.5524577], [10.0071103, 53.5525966], [10.0070492, 53.5527368], [10.006981, 53.5528786], [10.0069148, 53.5530102], [10.0068428, 53.5531457], [10.0067658, 53.5532851], [10.0066957, 53.5533984], [10.0063971, 53.5533359]]]}, "properties": {"building:material": "glass", "building:part": "yes", "height": "28", "image": "https://photos.app.goo.gl/GsGoWse4nMMA16aj7", "level": "2", "min_height": "26", "roof:colour": "green", "roof:height": "2", "roof:shape": "gabled", "osm_id": 358089268, "osm_type": "way"}}, {"type": "Feature", "geometry": {"type": "Polygon", "coordinates": [[[10.007645, 53.553256], [10.0076302, 53.5532829], [10.0076205, 53.5533015], [10.0076075, 53.5533243], [10.0075948, 53.5533465], [10.0075761, 53.5533813], [10.0075663, 53.5533989], [10.0075541, 53.5533966], [10.0071697, 53.5533161], [10.0072498, 53.5531791], [10.007528, 53.5532329], [10.007645, 53.553256]]]}, "properties": {"building:part": "yes", "height": "8.5", "level": "1", "roof:colour": "green", "roof:height": "3", "roof:shape": "gabled", "osm_id": 362537003, "osm_type": "way"}}, {"type": "Feature", "geometry": {"type": "LineString", "coordinates": [[10.0063223, 53.5545658], [10.006529, 53.5544236], [10.0066729, 53.5543066], [10.0069544, 53.5540567], [10.0071847, 53.5538559], [10.0072984, 53.5537568], [10.0074667, 53.5535877]]}, "properties": {"commuting": "yes", "electrified": "rail", "frequency": "0", "gauge": "1435", "layer": "-1", "level": "-1", "network": "HVV", "operator": "S-Bahn Hamburg GmbH", "operator:wikidata": "Q99869216", "railway": "light_rail", "railway:ballastless": "no", "railway:bidirectional": "regular", "railway:pzb": "yes", "railway:tilting": "no", "railway:traffic_mode": "passenger", "service": "crossover", "tunnel": "yes", "voltage": "1200", "osm_id": 389854112, "osm_type": "way"}}, {"type": "Feature", "geometry": {"type": "LineString", "coordinates": [[10.0068345, 53.5531636], [10.0068922, 53.5530528], [10.0068923, 53.5530525], [10.0068924, 53.5530522], [10.0070769, 53.5526948], [10.0071357, 53.5525687], [10.0072931, 53.5521946], [10.007497, 53.5517746]]}, "properties": {"electrified": "contact_line", "frequency": "16.7", "gauge": "1435", "int_name": "Vogelfluglinie", "layer": "-1", "level": "-1", "name": "Lübeck-Hamburger Bahn", "operator": "DB InfraGO AG", "railway": "rail", "railway:pzb": "yes", "railway:track_ref": "7", "ref": "1120", "usage": "main", "voltage": "15000", "workrules": "DE:EBO", "osm_id": 395470581, "osm_type": "way"}}, {"type": "Feature", "geometry": {"type": "LineString", "coordinates": [[10.0077511, 53.5515459], [10.007699, 53.5516308], [10.0076924, 53.5516416], [10.0076056, 53.5517839], [10.0075677, 53.5518586], [10.007353, 53.5522951], [10.0072738, 53.5524798]]}, "properties": {"electrified": "contact_line", "frequency": "16.7", "gauge": "1435", "int_name": "Vogelfluglinie", "layer": "-1", "level": "-1", "name": "Lübeck-Hamburger Bahn", "operator": "DB InfraGO AG", "railway": "rail", "railway:pzb": "yes", "railway:track_ref": "6", "ref": "1120", "usage": "main", "voltage": "15000", "workrules": "DE:EBO", "osm_id": 398625583, "osm_type": "way"}}, {"type": "Feature", "geometry": {"type": "LineString", "coordinates": [[10.0029382, 53.5535985], [10.0033268, 53.5537159], [10.0036604, 53.5537948], [10.0042003, 53.5539022], [10.0045782, 53.5539706], [10.0048069, 53.5540002], [10.0050371, 53.5540213], [10.006186, 53.5541], [10.0068431, 53.554145], [10.0071427, 53.5541655], [10.0074881, 53.554181]]}, "properties": {"electrified": "rail", "electrified:rail": "bottom", "frequency": "0", "gauge": "1435", "layer": "-4", "level": "-3", "network": "HVV", "proposed:railway:cbtc": "yes", "railway": "subway", "railway:traffic_mode": "passenger", "tunnel": "yes", "voltage": "750", "osm_id": 408855542, "osm_type": "way"}}, {"type": "Feature", "geometry": {"type": "LineString", "coordinates": [[10.0074881, 53.554181], [10.0077322, 53.5541802], [10.0079301, 53.5541702], [10.0081783, 53.5541524], [10.008429, 53.5541258], [10.0087962, 53.5540712], [10.0091022, 53.5540163], [10.00941, 53.5539402], [10.009737, 53.5538455], [10.010046, 53.5537372], [10.0103395, 53.5536061], [10.0107275, 53.5533978], [10.0112292, 53.5531042], [10.011505, 53.5529505], [10.0116907, 53.5528669], [10.0119014, 53.552767], [10.0121641, 53.5526717], [10.012478, 53.552565], [10.0127966, 53.5524826], [10.0131441, 53.5524084], [10.0134743, 53.5523536], [10.0137608, 53.5523177], [10.0139965, 53.5522968], [10.0141929, 53.5522851], [10.0144851, 53.5522858], [10.0147541, 53.5522981], [10.0155469, 53.5523451], [10.0161594, 53.5523924], [10.0165126, 53.5524248], [10.0167779, 53.5524467], [10.0171105, 53.5524741], [10.018406, 53.5525965], [10.0190325, 53.5526656], [10.0194763, 53.5527203], [10.0208441, 53.5529562], [10.0215241, 53.5531002]]}, "properties": {"electrified": "rail", "electrified:rail": "bottom", "frequency": "0", "gauge": "1435", "layer": "-4", "level": "-3", "network": "HVV", "proposed:railway:cbtc": "yes", "railway": "subway", "railway:traffic_mode": "passenger", "tunnel": "yes", "voltage": "750", "osm_id": 408855543, "osm_type": "way"}}, {"type": "Feature", "geometry": {"type": "LineString", "coordinates": [[10.0075881, 53.5516914], [10.0074166, 53.5516136], [10.0071077, 53.5514484], [10.0069647, 53.5513612], [10.0068131, 53.5512358], [10.0066813, 53.5511134], [10.0065709, 53.550994], [10.0064799, 53.5508493], [10.0064229, 53.5507449], [10.0063695, 53.5505903], [10.0063409, 53.5504717], [10.0063017, 53.5503414], [10.0062674, 53.5501113], [10.0062383, 53.5499015]]}, "properties": {"electrified": "rail", "frequency": "0", "gauge": "1435", "layer": "-2", "level": "-3", "network": "HVV", "railway": "subway", "tunnel": "yes", "voltage": "750", "osm_id": 408897407, "osm_type": "way"}}, {"type": "Feature", "geometry": {"type": "LineString", "coordinates": [[10.0139164, 53.5525438], [10.0130081, 53.5524804], [10.0113226, 53.5523692], [10.010616, 53.5523226]]}, "properties": {"electrified": "rail", "electrified:rail": "bottom", "frequency": "0", "gauge": "1435", "layer": "-2", "level": "-2", "network": "HVV", "operator": "Hamburger Hochbahn AG", "railway": "subway", "railway:traffic_mode": "passenger", "tunnel": "yes", "voltage": "750", "osm_id": 408897412, "osm_type": "way"}}, {"type": "Feature", "geometry": {"type": "LineString", "coordinates": [[10.0071586, 53.5543011], [10.0075135, 53.5542951]]}, "properties": {"conveying": "forward", "description": "Zwischenebene / Halle B", "handrail": "yes", "highway": "steps", "incline": "up", "indoor": "yes", "level": "-2;-1", "lit": "24/7", "operator": "Hamburger Hochbahn AG", "ref": "124", "step_count": "50", "time": "42 sec", "tunnel": "yes", "width": "100 cm", "osm_id": 409696994, "osm_type": "way"}}, {"type": "Feature", "geometry": {"type": "LineString", "coordinates": [[10.0071598, 53.5543202], [10.0075146, 53.5543119]]}, "properties": {"conveying": "backward", "description": "Halle B / Zwischenebene", "handrail": "yes", "highway": "steps", "incline": "up", "indoor": "yes", "level": "-1;-2", "lit": "24/7", "operator": "Hamburger Hochbahn AG", "ref": "123", "step_count": "50", "time": "42 sec", "tunnel": "yes", "width": "100 cm", "osm_id": 409697021, "osm_type": "way"}}, {"type": "Feature", "geometry": {"type": "LineString", "coordinates": [[10.0070985, 53.5540955], [10.0075499, 53.5541408]]}, "properties": {"conveying": "forward", "description": "Bahnsteig 1 (U2/U4) / Halle B", "handrail": "yes", "highway": "steps", "incline": "up", "indoor": "yes", "level": "-3;-1", "lit": "24/7", "operator": "Hamburger Hochbahn AG", "ref": "120", "step_count": "72", "time": "62 sec", "tunnel": "yes", "width": "100 cm", "osm_id": 413291888, "osm_type": "way"}}, {"type": "Feature", "geometry": {"type": "LineString", "coordinates": [[10.0070949, 53.5541137], [10.0075451, 53.554158]]}, "properties": {"conveying": "backward", "description": "Halle B / Bahnsteig 1 (U2/U4)", "handrail": "yes", "highway": "steps", "incline": "up", "indoor": "yes", "level": "-1;-3", "lit": "24/7", "operator": "Hamburger Hochbahn AG", "ref": "119", "step_count": "72", "time": "62 sec", "tunnel": "yes", "width": "100 cm", "osm_id": 413291903, "osm_type": "way"}}, {"type": "Feature", "geometry": {"type": "LineString", "coordinates": [[10.0143593, 53.5527015], [10.0140019, 53.5527014], [10.0137659, 53.5527068], [10.0134886, 53.5527278], [10.013219, 53.5527565], [10.0129252, 53.5528026], [10.01256, 53.5528772], [10.0122947, 53.5529432], [10.0120511, 53.5530137], [10.0118988, 53.5530596], [10.0117192, 53.5531154], [10.0115178, 53.5531895], [10.0112479, 53.5533069], [10.0109312, 53.5534594], [10.010316, 53.5537381], [10.0100358, 53.5538512], [10.0096795, 53.5539664], [10.0093019, 53.5540631], [10.0088287, 53.554155], [10.0084374, 53.5542094], [10.0081882, 53.5542348], [10.0079343, 53.5542437], [10.0077465, 53.5542441], [10.0074786, 53.5542358]]}, "properties": {"electrified": "rail", "electrified:rail": "bottom", "frequency": "0", "gauge": "1435", "layer": "-4", "level": "-3", "network": "HVV", "proposed:railway:cbtc": "yes", "railway": "subway", "railway:traffic_mode": "passenger", "tunnel": "yes", "voltage": "750", "osm_id": 437425429, "osm_type": "way"}}, {"type": "Feature", "geometry": {"type": "LineString", "coordinates": [[10.0078475, 53.5533279], [10.0077805, 53.5534022], [10.0076713, 53.553521], [10.0074177, 53.5537683], [10.007124, 53.5540241], [10.0068473, 53.5542557]]}, "properties": {"commuting": "yes", "electrified": "rail", "frequency": "0", "gauge": "1435", "layer": "-1", "level": "-1", "network": "HVV", "operator": "S-Bahn Hamburg GmbH", "operator:wikidata": "Q99869216", "railway": "light_rail", "railway:ballastless": "no", "railway:bidirectional": "regular", "railway:pzb": "yes", "railway:tilting": "no", "railway:traffic_mode": "passenger", "service": "crossover", "tunnel": "yes", "voltage": "1200", "osm_id": 440085688, "osm_type": "way"}}, {"type": "Feature", "geometry": {"type": "LineString", "coordinates": [[10.0070858, 53.5518287], [10.0070007, 53.5519949], [10.0069237, 53.5521487], [10.0068202, 53.5523658], [10.0066178, 53.5528071], [10.0066058, 53.5528274], [10.0063906, 53.5531926], [10.0063754, 53.5532118], [10.0061621, 53.5535231], [10.0060193, 53.5537183], [10.0059972, 53.5537426], [10.0058987, 53.5538544], [10.0058909, 53.5538632], [10.0058814, 53.5538739]]}, "properties": {"electrified": "contact_line", "frequency": "16.7", "gauge": "1435", "layer": "-1", "level": "-1", "operator": "DB Netz AG", "railway": "rail", "railway:pzb": "yes", "railway:track_ref": "10", "ref": "1245", "service": "yard", "voltage": "15000", "workrules": "DE:EBO", "osm_id": 456083747, "osm_type": "way"}}, {"type": "Feature", "geometry": {"type": "LineString", "coordinates": [[10.0075035, 53.5493546], [10.0074976, 53.5493902], [10.0074963, 53.5493984], [10.0074909, 53.5494308], [10.0074656, 53.5496574], [10.0074528, 53.5498663], [10.0074524, 53.5498722], [10.0074525, 53.5501937], [10.0074433, 53.5505232], [10.007424, 53.550654], [10.0074213, 53.5506658], [10.0073896, 53.5508661], [10.0073445, 53.5511659], [10.0073414, 53.5511865]]}, "properties": {"electrified": "contact_line", "frequency": "16.7", "gauge": "1435", "layer": "-1", "level": "-1", "operator": "DB Netz AG", "railway": "rail", "railway:pzb": "yes", "service": "yard", "voltage": "15000", "workrules": "DE:EBO", "osm_id": 456084385, "osm_type": "way"}}, {"type": "Feature", "geometry": {"type": "LineString", "coordinates": [[10.0063388, 53.5518394], [10.0086911, 53.5521021]]}, "properties": {"electrified": "rail", "electrified:rail": "bottom", "frequency": "0", "gauge": "1435", "layer": "-3", "level": "-2", "network": "HVV", "operator": "Hamburger Hochbahn AG", "railway": "subway", "railway:traffic_mode": "passenger", "tunnel": "yes", "voltage": "750", "osm_id": 480803099, "osm_type": "way"}}, {"type": "Feature", "geometry": {"type": "LineString", "coordinates": [[10.0081243, 53.5522111], [10.008108, 53.5522611], [10.0080396, 53.5524765], [10.0079795, 53.5526461], [10.0078331, 53.5529896], [10.0077582, 53.5531354], [10.0077482, 53.5531507], [10.0077272, 53.5531852], [10.0076651, 53.5533006], [10.0075876, 53.5534188], [10.0074667, 53.5535877]]}, "properties": {"commuting": "yes", "electrified": "rail", "frequency": "0", "gauge": "1435", "highspeed": "no", "layer": "-1", "level": "-1", "name": "Verbindungsbahn", "network": "Hamburger Verkehrsverbund", "operator": "S-Bahn Hamburg GmbH", "operator:wikidata": "Q99869216", "rack": "no", "railway": "light_rail", "railway:ballastless": "no", "railway:bidirectional": "regular", "railway:etcs": "no", "railway:gnt": "no", "railway:lzb": "no", "railway:preferred_direction": "forward", "railway:pzb": "yes", "railway:tilting": "no", "railway:track_ref": "2", "railway:traffic_mode": "passenger", "ref": "1244", "tunnel": "yes", "usage": "main", "voltage": "1200", "osm_id": 507874092, "osm_type": "way"}}, {"type": "Feature", "geometry": {"type": "LineString", "coordinates": [[10.0078475, 53.5533279], [10.0079362, 53.5531844], [10.0079532, 53.5531562], [10.0080329, 53.5530052], [10.0081985, 53.5526565], [10.0082499, 53.5524904], [10.0083018, 53.5522863], [10.0083178, 53.5522329]]}, "properties": {"commuting": "yes", "electrified": "rail", "frequency": "0", "gauge": "1435", "layer": "-1", "level": "-1", "network": "Hamburger Verkehrsverbund", "operator": "S-Bahn Hamburg GmbH", "operator:wikidata": "Q99869216", "railway": "light_rail", "railway:ballastless": "no", "railway:bidirectional": "regular", "railway:pzb": "yes", "railway:tilting": "no", "railway:track_ref": "1", "railway:traffic_mode": "passenger", "ref": "1241", "tunnel": "yes", "usage": "main", "voltage": "1200", "osm_id": 507874093, "osm_type": "way"}}, {"type": "Feature", "geometry": {"type": "LineString", "coordinates": [[10.0072297, 53.55356], [10.0073274, 53.5534163], [10.00734, 53.5533926], [10.0073476, 53.5533811], [10.0073579, 53.5533623], [10.0074241, 53.5532577], [10.0075633, 53.5529942], [10.0076626, 53.5527821], [10.0077688, 53.552546]]}, "properties": {"commuting": "yes", "electrified": "rail", "frequency": "0", "gauge": "1435", "highspeed": "no", "layer": "-1", "level": "-1", "name": "City-S-Bahn", "network": "Hamburger Verkehrsverbund", "operator": "S-Bahn Hamburg GmbH", "operator:wikidata": "Q99869216", "rack": "no", "railway": "light_rail", "railway:ballastless": "no", "railway:bidirectional": "regular", "railway:etcs": "no", "railway:gnt": "no", "railway:lzb": "no", "railway:preferred_direction": "forward", "railway:pzb": "yes", "railway:tilting": "no", "railway:track_ref": "3", "railway:traffic_mode": "passenger", "ref": "1241", "usage": "main", "voltage": "1200", "osm_id": 554568294, "osm_type": "way"}}, {"type": "Feature", "geometry": {"type": "LineString", "coordinates": [[10.0069802, 53.5534436], [10.0070494, 53.5533124], [10.0073444, 53.5527414], [10.0073744, 53.5526702], [10.0073944, 53.552623], [10.0074458, 53.5524993]]}, "properties": {"electrified": "contact_line", "frequency": "16.7", "gauge": "1435", "highspeed": "yes", "layer": "-1", "level": "-1", "maxspeed": "40", "name": "Berlin-Hamburger Bahn", "operator": "DB InfraGO AG", "railway": "rail", "railway:pzb": "yes", "railway:track_ref": "5", "ref": "6100", "tracks": "1", "usage": "main", "voltage": "15000", "workrules": "DE:EBO", "osm_id": 641940800, "osm_type": "way"}}, {"type": "Feature", "geometry": {"type": "Polygon", "coordinates": [[[10.0072701, 53.5542881], [10.0074155, 53.5540543], [10.0074285, 53.5540571], [10.0074824, 53.5539689], [10.0076517, 53.5540061], [10.0077189, 53.5540924], [10.0076834, 53.5541465], [10.0076756, 53.5541583], [10.0076659, 53.5541732], [10.0076565, 53.5541876], [10.0076287, 53.5542302], [10.007619, 53.5542449], [10.0076087, 53.5542607], [10.007599, 53.5542755], [10.0075637, 53.5543295], [10.0075578, 53.5543471], [10.0075511, 53.5543607], [10.0075463, 53.5543674], [10.0072401, 53.5543335], [10.0072701, 53.5542881]]]}, "properties": {"amenity": "taxi", "level": "0", "osm_id": 643504998, "osm_type": "way"}}, {"type": "Feature", "geometry": {"type": "LineString", "coordinates": [[10.0072351, 53.5518692], [10.0072136, 53.5519158], [10.0071944, 53.5519574], [10.0071706, 53.5520089], [10.0070958, 53.5521637], [10.0068902, 53.5526618], [10.0066395, 53.5531252]]}, "properties": {"electrified": "contact_line", "frequency": "16.7", "gauge": "1435", "highspeed": "yes", "layer": "-1", "level": "-1", "name": "Berlin-Hamburger Bahn", "operator": "DB InfraGO AG", "railway": "rail", "railway:pzb": "yes", "railway:track_ref": "8", "ref": "6100", "tracks": "1", "usage": "main", "voltage": "15000", "workrules": "DE:EBO", "osm_id": 643685484, "osm_type": "way"}}, {"type": "Feature", "geometry": {"type": "Polygon", "coordinates": [[[10.007839, 53.5528299], [10.0078646, 53.5527784], [10.0078846, 53.5527819], [10.0079184, 53.5527139], [10.007899, 53.5527105], [10.0079108, 53.5526868], [10.0078259, 53.5526719], [10.0077548, 53.5528151], [10.007839, 53.5528299]]]}, "properties": {"amenity": "police", "building": "civic", "building:levels": "1", "height": "3", "level": "0", "name": "Sicherheitswache", "nohousenumber": "yes", "operator": "Polizei Hamburg;Bundespolizei", "roof:shape": "flat", "wheelchair": "yes", "osm_id": 643942554, "osm_type": "way"}}, {"type": "Feature", "geometry": {"type": "LineString", "coordinates": [[10.0072738, 53.5524798], [10.007229, 53.5525843], [10.0072195, 53.5526065], [10.0071747, 53.552711], [10.0068867, 53.5532748], [10.0068116, 53.5534105]]}, "properties": {"electrified": "contact_line", "frequency": "16.7", "gauge": "1435", "int_name": "Vogelfluglinie", "layer": "-1", "level": "-1", "name": "Lübeck-Hamburger Bahn", "operator": "DB InfraGO AG", "railway": "rail", "railway:pzb": "yes", "railway:track_ref": "6", "ref": "1120", "usage": "main", "voltage": "15000", "workrules": "DE:EBO", "osm_id": 653947840, "osm_type": "way"}}, {"type": "Feature", "geometry": {"type": "LineString", "coordinates": [[10.0064517, 53.5528963], [10.0066136, 53.5526149], [10.0068213, 53.5521335], [10.0069453, 53.5518596]]}, "properties": {"electrified": "contact_line", "frequency": "16.7", "gauge": "1435", "layer": "-1", "level": "-1", "operator": "DB Netz AG", "railway": "rail", "railway:pzb": "yes", "railway:track_ref": "11", "ref": "1250", "usage": "main", "voltage": "15000", "workrules": "DE:EBO", "osm_id": 653947841, "osm_type": "way"}}, {"type": "Feature", "geometry": {"type": "LineString", "coordinates": [[10.0067252, 53.551833], [10.0066109, 53.5521146], [10.0066, 53.5521415], [10.0064085, 53.5525891], [10.0062608, 53.552861]]}, "properties": {"electrified": "contact_line", "frequency": "16.7", "gauge": "1435", "layer": "-1", "level": "-1", "operator": "DB Netz AG", "railway": "rail", "railway:pzb": "yes", "railway:track_ref": "12", "ref": "1250", "usage": "main", "voltage": "15000", "osm_id": 653947842, "osm_type": "way"}}, {"type": "Feature", "geometry": {"type": "LineString", "coordinates": [[10.0060313, 53.5530638], [10.0062798, 53.552578], [10.0064619, 53.5521682]]}, "properties": {"electrified": "contact_line", "frequency": "16.7", "gauge": "1435", "layer": "-1", "level": "-1", "operator": "DB Netz AG", "railway": "rail", "railway:pzb": "yes", "railway:track_ref": "13", "ref": "2200", "usage": "main", "voltage": "15000", "workrules": "DE:EBO", "osm_id": 653947843, "osm_type": "way"}}, {"type": "Feature", "geometry": {"type": "LineString", "coordinates": [[10.0058828, 53.5530362], [10.0061187, 53.5525599], [10.0063003, 53.5521495]]}, "properties": {"electrified": "contact_line", "frequency": "16.7", "gauge": "1435", "layer": "-1", "level": "-1", "operator": "DB Netz AG", "railway": "rail", "railway:pzb": "yes", "railway:track_ref": "14", "ref": "2200", "usage": "main", "voltage": "15000", "workrules": "DE:EBO", "osm_id": 653947844, "osm_type": "way"}}, {"type": "Feature", "geometry": {"type": "Polygon", "coordinates": [[[10.0073247, 53.5521863], [10.007345, 53.5521891], [10.0073584, 53.5521477], [10.0072431, 53.5521337], [10.0072366, 53.5521521], [10.0072291, 53.5521747], [10.007236, 53.5521818], [10.0072469, 53.5521874], [10.0072578, 53.5521917], [10.0072722, 53.5521942], [10.0072856, 53.5521951], [10.0073, 53.5521938], [10.0073124, 53.5521912], [10.0073247, 53.5521863]]]}, "properties": {"indoor": "room", "level": "0", "osm_id": 730804190, "osm_type": "way"}}, {"type": "Feature", "geometry": {"type": "Polygon", "coordinates": [[[10.0073541, 53.5531088], [10.0073719, 53.5531125], [10.0073899, 53.5531163], [10.0073768, 53.5531384], [10.0073602, 53.5531349], [10.0073411, 53.553131], [10.0073541, 53.5531088]]]}, "properties": {"access": "no", "description": "Wandelhalle/Bahnsteig Gleis 3+4 (S-Bahn)", "highway": "elevator", "indoor": "room", "level": "-1;0", "manufacturer": "OTIS GmbH & Co. OHG", "operator": "DB Station&Service AG", "ref:manufacturer_inventory": "046953", "ref:operator_inventory": "10028021", "since": "2004", "source": "http://data.deutschebahn.com/dataset/aufzug/", "wheelchair": "yes", "osm_id": 733736663, "osm_type": "way"}}, {"type": "Feature", "geometry": {"type": "Polygon", "coordinates": [[[10.0072984, 53.5537435], [10.0073446, 53.5536631], [10.0074207, 53.5536795], [10.0074027, 53.5537071], [10.0074247, 53.5537114], [10.0073948, 53.5537642], [10.0073493, 53.5537544], [10.0072984, 53.5537435]]]}, "properties": {"indoor": "room", "level": "0", "osm_id": 733736664, "osm_type": "way"}}, {"type": "Feature", "geometry": {"type": "Polygon", "coordinates": [[[10.0070255, 53.5536465], [10.0071975, 53.5536837], [10.0072715, 53.5536997], [10.0072518, 53.5537331], [10.0072984, 53.5537435], [10.0072585, 53.5538089], [10.0073102, 53.55382], [10.0073549, 53.5538296], [10.0073611, 53.5538194], [10.0074186, 53.5538311], [10.0074248, 53.553839], [10.0073327, 53.5539937], [10.0071649, 53.5539599], [10.0071882, 53.5539223], [10.0069012, 53.5538595], [10.0070255, 53.5536465]]]}, "properties": {"access": "customers", "brand": "Deutsche Bahn", "brand:wikidata": "Q9322", "brand:wikipedia": "de:Reisezentrum", "check_date:opening_hours": "2026-05-21", "indoor": "room", "level": "0", "name": "DB Reisezentrum", "opening_hours": "Mo-Fr 06:00-21:00; Sa,Su,PH 08:00-20:15", "shop": "ticket", "wheelchair": "yes", "osm_id": 733736692, "osm_type": "way"}}, {"type": "Feature", "geometry": {"type": "Polygon", "coordinates": [[[10.0073392, 53.5534285], [10.0073447, 53.5534197], [10.0073312, 53.5534003], [10.0073498, 53.5533673], [10.0073827, 53.5533595], [10.0075541, 53.5533966], [10.007522, 53.5534507], [10.0074152, 53.5534285], [10.0074058, 53.5534427], [10.0073392, 53.5534285]]]}, "properties": {"access": "customers", "air_conditioning": "yes", "amenity": "cafe", "check_date:opening_hours": "2025-07-17", "cuisine": "drinks;snacks", "diet:vegetarian": "yes", "indoor": "room", "indoor_seating": "yes", "internet_access": "wlan", "level": "0", "name": "DB Lounge", "opening_hours": "Mo-Fr 06:00-22:00; Sa,Su,PH 07:30-20:30", "outdoor_seating": "no", "smoking": "no", "wheelchair": "yes", "wikidata": "Q1152059", "osm_id": 733736697, "osm_type": "way"}}, {"type": "Feature", "geometry": {"type": "Polygon", "coordinates": [[[10.005482, 53.5532934], [10.0054925, 53.5532955], [10.005511, 53.5532891], [10.0055165, 53.5532794], [10.0055889, 53.553294], [10.0056195, 53.5533002], [10.005585, 53.5533605], [10.0056025, 53.5533641], [10.0056199, 53.5533676], [10.0056091, 53.5533864], [10.0056353, 53.5533917], [10.0056458, 53.5533736], [10.0056866, 53.5533819], [10.0057333, 53.5533915], [10.0058304, 53.5534122], [10.0058411, 53.5533952], [10.0059082, 53.5534097], [10.0059097, 53.5534068], [10.0059126, 53.5534014], [10.0059177, 53.5533936], [10.0059512, 53.5534004], [10.005962, 53.5533819], [10.0060396, 53.5533976], [10.0063429, 53.5534603], [10.0063332, 53.5534765], [10.0063462, 53.5534792], [10.0063595, 53.553482], [10.0063748, 53.5534852], [10.006389, 53.5534882], [10.0064034, 53.5534912], [10.0064171, 53.5534941], [10.0064187, 53.5534912], [10.0064106, 53.553482], [10.0064153, 53.5534751], [10.0065014, 53.5534931], [10.0064813, 53.5535169], [10.0064991, 53.5535218], [10.0065192, 53.5535272], [10.0065338, 53.5535312], [10.0065387, 53.5535259], [10.0065427, 53.5535217], [10.0065499, 53.5535139], [10.0065577, 53.5535053], [10.0066736, 53.5535292], [10.0068161, 53.5535591], [10.0069471, 53.5535862], [10.0069321, 53.5536115], [10.0069608, 53.5536173], [10.006956, 53.5536258], [10.0069545, 53.5536284], [10.0069531, 53.5536309], [10.0070255, 53.5536465], [10.0071975, 53.5536837], [10.0072715, 53.5536997], [10.0072899, 53.5536684], [10.0072994, 53.5536533], [10.007322, 53.5536582], [10.0073446, 53.5536631], [10.0074207, 53.5536795], [10.0075143, 53.5536998], [10.0075298, 53.5536747], [10.0075478, 53.5536455], [10.0074485, 53.5536237], [10.0074137, 53.5536162], [10.0073784, 53.5536085], [10.0073561, 53.5536036], [10.0073338, 53.5535986], [10.0073399, 53.5535889], [10.0073734, 53.5535356], [10.0073144, 53.5535224], [10.0073217, 53.5535106], [10.007328, 53.5535006], [10.0073369, 53.5534878], [10.0073186, 53.5534619], [10.0073392, 53.5534285], [10.0073447, 53.5534197], [10.0073312, 53.5534003], [10.0073498, 53.5533673], [10.0073827, 53.5533595], [10.0074004, 53.5533295], [10.0074525, 53.5533178], [10.0075948, 53.5533465], [10.0076075, 53.5533243], [10.0076205, 53.5533015], [10.0075718, 53.5532917], [10.007489, 53.553275], [10.007475, 53.5532591], [10.0074862, 53.5532409], [10.0074329, 53.5532299], [10.0074741, 53.553159], [10.0074308, 53.5531492], [10.0073949, 53.5531419], [10.0073768, 53.5531384], [10.0073602, 53.5531349], [10.0073411, 53.553131], [10.0073348, 53.5531429], [10.0073454, 53.5531573], [10.0073325, 53.5531771], [10.0073082, 53.5531811], [10.0073031, 53.5531897], [10.0072979, 53.5531986], [10.00729, 53.553213], [10.0072866, 53.5532193], [10.0073136, 53.5532576], [10.0072759, 53.5533209], [10.0072107, 53.5533366], [10.00716, 53.5533261], [10.0071434, 53.5533226], [10.0071309, 53.5533201], [10.0069998, 53.5532928], [10.0069898, 53.5532907], [10.0069524, 53.5532829], [10.0069433, 53.553281], [10.0067173, 53.553234], [10.0067072, 53.5532319], [10.0066715, 53.5532248], [10.0066617, 53.5532228], [10.0062516, 53.5531373], [10.0062443, 53.5531358], [10.0062135, 53.5531295], [10.0061834, 53.5531233], [10.0061772, 53.553122], [10.0059706, 53.5530792], [10.005963, 53.5530776], [10.0059275, 53.5530701], [10.0059184, 53.5530682], [10.0058095, 53.5530456], [10.0057515, 53.5530342], [10.0057333, 53.5530306], [10.0057268, 53.5530422], [10.0057212, 53.5530523], [10.0057498, 53.553058], [10.0057469, 53.5530629], [10.0057445, 53.5530676], [10.0057532, 53.5530693], [10.0057599, 53.5530706], [10.0058481, 53.5530881], [10.0058385, 53.553105], [10.0058329, 53.5531151], [10.0058479, 53.553118], [10.0058359, 53.5531394], [10.0058316, 53.5531471], [10.0058279, 53.5531536], [10.0058245, 53.5531598], [10.0058213, 53.5531654], [10.0058106, 53.5531853], [10.0057544, 53.5531742], [10.0057655, 53.5531543], [10.0057395, 53.5531492], [10.0057288, 53.5531683], [10.0057177, 53.5531661], [10.0057109, 53.5531648], [10.005704, 53.5531634], [10.005694, 53.5531615], [10.0056607, 53.5532205], [10.0055612, 53.5532015], [10.005568, 53.5531897], [10.0055612, 53.5531796], [10.0055474, 53.5531769], [10.0055512, 53.5531708], [10.005505, 53.5531617], [10.0055087, 53.5531673], [10.0054924, 53.5531726], [10.0054856, 53.5531844], [10.0054759, 53.5531824], [10.0054523, 53.5532217], [10.0054294, 53.5532626], [10.0054403, 53.5532647], [10.0054356, 53.5532735], [10.0054434, 53.5532849], [10.0054334, 53.5532873], [10.0054793, 53.5532974], [10.005482, 53.5532934]]]}, "properties": {"osm_id": 733736700, "osm_type": "way"}}, {"type": "Feature", "geometry": {"type": "Polygon", "coordinates": [[[10.007328, 53.5535006], [10.0073369, 53.5534878], [10.0073186, 53.5534619], [10.0073392, 53.5534285], [10.0074058, 53.5534427], [10.0074152, 53.5534285], [10.007522, 53.5534507], [10.0074707, 53.5535327], [10.0074318, 53.5535237], [10.007328, 53.5535006]]]}, "properties": {"access": "customers", "addr:city": "Hamburg", "addr:country": "DE", "addr:housenumber": "16", "addr:place": "Hachmannplatz", "addr:postcode": "20099", "brand": "BackWerk", "brand:wikidata": "Q798298", "check_date:opening_hours": "2026-04-22", "cuisine": "coffee_shop", "dog": "no", "indoor": "room", "indoor_seating": "yes", "level": "0", "name": "Backwerk", "opening_hours": "Mo-Su,PH 06:00-22:00", "outdoor_seating": "no", "payment:apple_pay": "yes", "payment:cash": "yes", "payment:girocard": "yes", "payment:google_pay": "yes", "payment:maestro": "yes", "payment:mastercard": "yes", "payment:v_pay": "yes", "payment:visa": "yes", "shop": "bakery", "smoking": "no", "wheelchair": "limited", "osm_id": 733736701, "osm_type": "way"}}, {"type": "Feature", "geometry": {"type": "Polygon", "coordinates": [[[10.0073734, 53.5535356], [10.0073144, 53.5535224], [10.0073217, 53.5535106], [10.007328, 53.5535006], [10.0074318, 53.5535237], [10.0074253, 53.5535343], [10.0074181, 53.5535456], [10.0073734, 53.5535356]]]}, "properties": {"indoor": "area", "level": "0;1", "osm_id": 733736707, "osm_type": "way"}}, {"type": "Feature", "geometry": {"type": "Polygon", "coordinates": [[[10.0073338, 53.5535986], [10.0073561, 53.5536036], [10.0073784, 53.5536085], [10.0074181, 53.5535456], [10.0073734, 53.5535356], [10.0073399, 53.5535889], [10.0073338, 53.5535986]]]}, "properties": {"addr:city": "Hamburg", "addr:housenumber": "16", "addr:place": "Hachmannplatz", "addr:postcode": "20099", "amenity": "toilets", "brand": "rail&fresh", "changing_table": "no", "description": "Toiletten befinden sich im Keller, Zugang über Ebene 0", "fee": "yes", "female": "no", "indoor": "room", "level": "0", "male": "yes", "name": "Rail & Fresh", "opening_hours": "24/7", "operator": "Hering Sanikonzept GmbH", "toilets:disposal": "flush", "website": "https://www.wc-fresh.com/standort/hamburg-hauptbahnhof-gleis-14-neue-wandelhalle/", "wheelchair": "no", "osm_id": 733736717, "osm_type": "way"}}, {"type": "Feature", "geometry": {"type": "LineString", "coordinates": [[10.0073217, 53.5535106], [10.0074253, 53.5535343]]}, "properties": {"highway": "steps", "incline": "up", "indoor": "yes", "level": "0;1", "surface": "paving_stones", "tactile_paving": "no", "osm_id": 733736730, "osm_type": "way"}}, {"type": "Feature", "geometry": {"type": "Polygon", "coordinates": [[[10.0073734, 53.5535356], [10.0073399, 53.5535889], [10.0073338, 53.5535986], [10.0072994, 53.5536533], [10.0072899, 53.5536684], [10.0073833, 53.5536891], [10.0074667, 53.5535563], [10.007439, 53.5535502], [10.0074181, 53.5535456], [10.0073734, 53.5535356]]]}, "properties": {"amenity": "bank", "brand": "Reisebank", "brand:wikidata": "Q1421107", "check_date": "2025-12-08", "check_date:opening_hours": "2025-12-08", "email": "hamburg.bahnhof@reisebank.de", "indoor": "room", "level": "1", "name": "Reisebank", "opening_hours": "Mo-Sa 08:00-20:00; Su 08:00-18:00", "phone": "+4940323483", "osm_id": 733760809, "osm_type": "way"}}, {"type": "Feature", "geometry": {"type": "LineString", "coordinates": [[10.0071938, 53.5522618], [10.0074235, 53.5522897]]}, "properties": {"barrier": "fence", "fence_type": "railing", "level": "0", "osm_id": 733870573, "osm_type": "way"}}, {"type": "Feature", "geometry": {"type": "Polygon", "coordinates": [[[10.0059563, 53.5527855], [10.0060215, 53.552662], [10.0059107, 53.5526438], [10.0058814, 53.5527035], [10.005849, 53.5527657], [10.0059563, 53.5527855]]]}, "properties": {"brand": "Nur Hier", "brand:wikidata": "Q107985207", "indoor": "room", "indoor_seating": "yes", "level": "0", "name": "Nur Hier", "opening_hours": "Mo-Su 05:00-22:00", "outdoor_seating": "street", "payment:cash": "yes", "payment:girocard": "yes", "payment:maestro": "yes", "payment:mastercard": "yes", "payment:v_pay": "yes", "payment:visa": "yes", "shop": "bakery", "smoking": "outside", "wheelchair": "yes", "osm_id": 735223531, "osm_type": "way"}}, {"type": "Feature", "geometry": {"type": "Polygon", "coordinates": [[[10.0078984, 53.5543628], [10.007902, 53.5543469], [10.0079043, 53.5543368], [10.0079087, 53.5543161], [10.0079131, 53.5542961], [10.0079151, 53.5542867], [10.0079256, 53.5542414], [10.0083192, 53.5542167], [10.0083948, 53.5542248], [10.0084204, 53.5542273], [10.0084462, 53.5542299], [10.0084613, 53.5541774], [10.0083942, 53.5541703], [10.0079806, 53.5541936], [10.0078578, 53.5541811], [10.0077844, 53.5541721], [10.0077038, 53.5541624], [10.0076586, 53.5541164], [10.0076624, 53.5541034], [10.0077134, 53.5538999], [10.0076806, 53.553876], [10.0076636, 53.5538745], [10.0076365, 53.5538722], [10.0076211, 53.5538709], [10.007562, 53.5540929], [10.007553, 53.5541298], [10.0075499, 53.5541408], [10.0075451, 53.554158], [10.0075425, 53.554167], [10.0073328, 53.5541462], [10.0073245, 53.5541735], [10.0075357, 53.5541941], [10.0075302, 53.5542176], [10.0075275, 53.5542285], [10.0075243, 53.5542413], [10.0075127, 53.5542823], [10.0075135, 53.5542951], [10.0075146, 53.5543119], [10.0075152, 53.5543208], [10.0076142, 53.5543168], [10.0078312, 53.5543523], [10.0078429, 53.5544764], [10.0078623, 53.5544759], [10.0078899, 53.5544753], [10.0079056, 53.5544753], [10.0078984, 53.5543628]]]}, "properties": {"indoor": "area", "layer": "-1", "level": "-1", "osm_id": 739446357, "osm_type": "way"}}, {"type": "Feature", "geometry": {"type": "Polygon", "coordinates": [[[10.007553, 53.5541298], [10.0075499, 53.5541408], [10.0075451, 53.554158], [10.0075425, 53.554167], [10.0073328, 53.5541462], [10.0071517, 53.5541273], [10.007093, 53.5541232], [10.0070949, 53.5541137], [10.0070985, 53.5540955], [10.0071006, 53.5540849], [10.007553, 53.5541298]]]}, "properties": {"indoor": "corridor", "level": "-3;-1", "osm_id": 739449158, "osm_type": "way"}}, {"type": "Feature", "geometry": {"type": "Polygon", "coordinates": [[[10.0071604, 53.554329], [10.0075152, 53.5543208], [10.0075146, 53.5543119], [10.0075135, 53.5542951], [10.0075127, 53.5542823], [10.0071848, 53.5542897], [10.0071579, 53.5542904], [10.0071586, 53.5543011], [10.0071598, 53.5543202], [10.0071604, 53.554329]]]}, "properties": {"indoor": "corridor", "level": "-2;-1", "osm_id": 739449159, "osm_type": "way"}}, {"type": "Feature", "geometry": {"type": "LineString", "coordinates": [[10.0058348, 53.5518612], [10.0055826, 53.5524747], [10.0054256, 53.5526882], [10.0053344, 53.5528046]]}, "properties": {"barrier": "fence", "height": "1.1", "level": "0", "material": "metal", "osm_id": 1348496123, "osm_type": "way"}}, {"type": "Feature", "geometry": {"type": "LineString", "coordinates": [[10.007509, 53.5541997], [10.0074945, 53.5542107], [10.0074034, 53.554342], [10.0073706, 53.5543636], [10.0073282, 53.5543751]]}, "properties": {"highway": "service", "level": "0", "lit": "yes", "oneway": "yes", "smoothness": "good", "surface": "asphalt", "osm_id": 1519982577, "osm_type": "way"}}, {"type": "Feature", "geometry": {"type": "LineString", "coordinates": [[10.0072512, 53.551859], [10.0077839, 53.5519227], [10.0077859, 53.5519119]]}, "properties": {"highway": "footway", "level": "0", "surface": "concrete", "osm_id": 1529203561, "osm_type": "way"}}, {"type": "Feature", "geometry": {"type": "LineString", "coordinates": [[10.0048181, 53.5554944], [10.004835, 53.5554806], [10.0052472, 53.5551783], [10.0057801, 53.5547933], [10.0061766, 53.5545143], [10.0062089, 53.554491]]}, "properties": {"commuting": "yes", "electrified": "rail", "frequency": "0", "gauge": "1435", "layer": "-1", "level": "-1", "name": "City-S-Bahn", "network": "Hamburger Verkehrsverbund", "operator": "S-Bahn Hamburg GmbH", "operator:wikidata": "Q99869216", "railway": "light_rail", "railway:ballastless": "no", "railway:bidirectional": "regular", "railway:pzb": "yes", "railway:tilting": "no", "railway:traffic_mode": "passenger", "ref": "1270", "usage": "main", "voltage": "1200", "osm_id": 27402662, "osm_type": "way"}}, {"type": "Feature", "geometry": {"type": "LineString", "coordinates": [[10.0033055, 53.5558942], [10.0035301, 53.555762], [10.0036541, 53.5556802], [10.0038536, 53.5555554], [10.004134, 53.5553589], [10.004176, 53.5553286], [10.0042704, 53.5552521], [10.0043164, 53.5552122], [10.0043368, 53.555196], [10.0047763, 53.5548424]]}, "properties": {"electrified": "contact_line", "frequency": "16.7", "gauge": "1435", "level": "-1", "operator": "DB Netz AG", "railway": "rail", "railway:pzb": "yes", "service": "crossover", "voltage": "15000", "workrules": "DE:EBO", "osm_id": 28679284, "osm_type": "way"}}, {"type": "Feature", "geometry": {"type": "LineString", "coordinates": [[10.0049676, 53.5545528], [10.0051633, 53.5543534]]}, "properties": {"electrified": "contact_line", "frequency": "16.7", "gauge": "1435", "layer": "-1", "level": "-1", "operator": "DB Netz AG", "railway": "rail", "railway:pzb": "yes", "railway:track_ref": "13", "ref": "2200", "usage": "main", "voltage": "15000", "workrules": "DE:EBO", "osm_id": 28679360, "osm_type": "way"}}, {"type": "Feature", "geometry": {"type": "LineString", "coordinates": [[10.0049676, 53.5545528], [10.005199, 53.5542207]]}, "properties": {"electrified": "contact_line", "frequency": "16.7", "gauge": "1435", "layer": "-1", "level": "-1", "operator": "DB Netz AG", "railway": "rail", "railway:pzb": "yes", "service": "crossover", "voltage": "15000", "workrules": "DE:EBO", "osm_id": 28679361, "osm_type": "way"}}, {"type": "Feature", "geometry": {"type": "LineString", "coordinates": [[10.0057168, 53.5543532], [10.0058497, 53.5542596], [10.0059426, 53.5541833], [10.006068, 53.5540852], [10.0063447, 53.553846], [10.0064062, 53.5537929], [10.0065329, 53.5536489], [10.006616, 53.5535224], [10.0067638, 53.5532975], [10.0067861, 53.5532544], [10.0068345, 53.5531636]]}, "properties": {"electrified": "contact_line", "frequency": "16.7", "gauge": "1435", "int_name": "Vogelfluglinie", "layer": "-1", "level": "-1", "name": "Lübeck-Hamburger Bahn", "operator": "DB InfraGO AG", "railway": "rail", "railway:pzb": "yes", "railway:track_ref": "7", "ref": "1120", "usage": "main", "voltage": "15000", "workrules": "DE:EBO", "osm_id": 28679362, "osm_type": "way"}}, {"type": "Feature", "geometry": {"type": "LineString", "coordinates": [[10.0059729, 53.5544688], [10.0059844, 53.5544614], [10.0060087, 53.5544441], [10.0060775, 53.5543951], [10.0061184, 53.5543654], [10.0062053, 53.5542996], [10.0062722, 53.554249], [10.0064246, 53.5541234], [10.0065532, 53.5540096], [10.0067186, 53.5538633], [10.0067788, 53.5537869], [10.0068566, 53.5536778], [10.0069802, 53.5534436]]}, "properties": {"electrified": "contact_line", "frequency": "16.7", "gauge": "1435", "layer": "-1", "level": "-1", "maxspeed": "40", "name": "Berlin-Hamburger Bahn", "operator": "DB InfraGO AG", "railway": "rail", "railway:pzb": "yes", "railway:track_ref": "5", "ref": "6100", "tracks": "1", "usage": "main", "voltage": "15000", "workrules": "DE:EBO", "osm_id": 28679363, "osm_type": "way"}}, {"type": "Feature", "geometry": {"type": "LineString", "coordinates": [[10.0049447, 53.554773], [10.0047315, 53.5549469], [10.00464, 53.5550215], [10.0044565, 53.5551698], [10.0043224, 53.5552781], [10.0042365, 53.5553492], [10.0041438, 53.5554181], [10.0040767, 53.5554648]]}, "properties": {"electrified": "contact_line", "frequency": "16.7", "gauge": "1435", "layer": "-1", "level": "-1", "name": "Berlin-Hamburger Bahn", "operator": "DB InfraGO AG", "railway": "rail", "railway:pzb": "yes", "railway:track_ref": "8", "ref": "6100", "usage": "main", "voltage": "15000", "workrules": "DE:EBO", "osm_id": 28679364, "osm_type": "way"}}, {"type": "Feature", "geometry": {"type": "LineString", "coordinates": [[10.0040743, 53.5558219], [10.0041934, 53.555761], [10.0043457, 53.5556773], [10.0045674, 53.5555501], [10.0048031, 53.5554047], [10.0051797, 53.555152], [10.0054227, 53.5549801], [10.0057131, 53.5547736], [10.0060227, 53.5545567], [10.0064069, 53.5542755], [10.0064222, 53.5542605], [10.0066143, 53.5541113], [10.0067954, 53.5539367], [10.0069008, 53.5538207], [10.0070254, 53.5536735]]}, "properties": {"commuting": "yes", "electrified": "rail", "frequency": "0", "gauge": "1435", "highspeed": "no", "layer": "-1", "level": "-1", "name": "Verbindungsbahn", "network": "Hamburger Verkehrsverbund", "operator": "S-Bahn Hamburg GmbH", "operator:wikidata": "Q99869216", "railway": "light_rail", "railway:ballastless": "no", "railway:bidirectional": "regular", "railway:etcs": "no", "railway:gnt": "no", "railway:lzb": "no", "railway:preferred_direction": "forward", "railway:pzb": "yes", "railway:radio": "gsm-r", "railway:tilting": "no", "railway:traffic_mode": "passenger", "service": "crossover", "voltage": "1200", "osm_id": 28679369, "osm_type": "way"}}, {"type": "Feature", "geometry": {"type": "LineString", "coordinates": [[10.0063223, 53.5545658], [10.0064628, 53.5544458], [10.0065559, 53.5543504], [10.0067403, 53.5541507], [10.0068551, 53.5540217], [10.0069571, 53.5539149], [10.0070543, 53.5537882], [10.0072297, 53.55356]]}, "properties": {"commuting": "yes", "electrified": "rail", "frequency": "0", "gauge": "1435", "layer": "-1", "level": "-1", "maxspeed": "60", "network": "Hamburger Verkehrsverbund", "operator": "S-Bahn Hamburg GmbH", "operator:wikidata": "Q99869216", "railway": "light_rail", "railway:ballastless": "no", "railway:bidirectional": "regular", "railway:preferred_direction": "forward", "railway:pzb": "yes", "railway:tilting": "no", "railway:traffic_mode": "passenger", "ref": "1240", "source:maxspeed": "Sv1 an vorstehenden Signalen, deshalb wahrscheinlich 60 in Verlängerung der Verbindungsbahn", "tunnel": "yes", "usage": "main", "voltage": "1200", "osm_id": 28680437, "osm_type": "way"}}, {"type": "Feature", "geometry": {"type": "LineString", "coordinates": [[10.0062296, 53.553042], [10.0061834, 53.5531233]]}, "properties": {"conveying": "backward", "description": "Nordsteg / Bahnsteig 5 (Gleis 11+12)(Regional-/Fernbahn) Halle", "highway": "steps", "incline": "up", "indoor": "yes", "level": "0;-1", "lit": "yes", "operator": "DB Station&Service AG", "ref": "HF 019", "step_count": "38", "surface": "metal", "time": "32 sec", "width": "100 cm", "osm_id": 28686971, "osm_type": "way"}}, {"type": "Feature", "geometry": {"type": "Polygon", "coordinates": [[[10.006035, 53.5532831], [10.0060203, 53.55328], [10.006009, 53.5532777], [10.005988, 53.5532731], [10.0059594, 53.5533213], [10.0059575, 53.5533245], [10.0059502, 53.5533368], [10.0059478, 53.5533407], [10.0059188, 53.5533896], [10.0059386, 53.5533938], [10.0061909, 53.5534467], [10.0063332, 53.5534765], [10.0063462, 53.5534792], [10.0063595, 53.553482], [10.0063748, 53.5534852], [10.006389, 53.5534882], [10.0064034, 53.5534912], [10.0064171, 53.5534941], [10.0065171, 53.5535151], [10.006617, 53.5535361], [10.0066316, 53.5535391], [10.0066414, 53.5535412], [10.0068033, 53.5535751], [10.0069373, 53.5536032], [10.0069633, 53.5536087], [10.0069919, 53.5535607], [10.006994, 53.5535572], [10.0070019, 53.5535438], [10.0070043, 53.5535398], [10.0070328, 53.5534918], [10.0069886, 53.5534827], [10.0069734, 53.5534796], [10.0069587, 53.5534766], [10.0069305, 53.5534708], [10.0069344, 53.553464], [10.006922, 53.5534614], [10.0069089, 53.5534588], [10.0069056, 53.5534645], [10.006535, 53.553388], [10.0065451, 53.5533707], [10.006609, 53.5532616], [10.006626, 53.5532651], [10.0066407, 53.5532681], [10.0066547, 53.553271], [10.0066449, 53.5532878], [10.0066625, 53.5532914], [10.0066818, 53.5532953], [10.0066906, 53.5532971], [10.0067148, 53.5532558], [10.006696, 53.5532513], [10.0067011, 53.5532419], [10.006703, 53.5532386], [10.006705, 53.5532353], [10.006705, 53.5532299], [10.0067013, 53.5532249], [10.0066938, 53.5532211], [10.0065738, 53.5531967], [10.006565, 53.5531969], [10.0065562, 53.5531986], [10.0065498, 53.5532025], [10.0065473, 53.5532064], [10.0065451, 53.5532099], [10.00654, 53.5532189], [10.0065616, 53.5532234], [10.0065271, 53.5532819], [10.006506, 53.5532775], [10.0064996, 53.5532884], [10.0064946, 53.5532969], [10.006514, 53.5533009], [10.0064711, 53.5533738], [10.006035, 53.5532831]]]}, "properties": {"osm_id": 30661502, "osm_type": "way"}}, {"type": "Feature", "geometry": {"type": "LineString", "coordinates": [[10.0058363, 53.5532999], [10.0059575, 53.5533245]]}, "properties": {"highway": "steps", "incline": "up", "indoor": "yes", "level": "0;1", "lit": "yes", "step_count": "25", "surface": "metal", "tactile_paving": "partial", "osm_id": 30661503, "osm_type": "way"}}, {"type": "Feature", "geometry": {"type": "LineString", "coordinates": [[10.0049395, 53.5546969], [10.0052426, 53.554433], [10.005378, 53.5543182]]}, "properties": {"electrified": "contact_line", "frequency": "16.7", "gauge": "1435", "layer": "-1", "level": "-1", "operator": "DB Netz AG", "railway": "rail", "railway:pzb": "yes", "ref": "1250", "usage": "main", "voltage": "15000", "workrules": "DE:EBO", "osm_id": 39890071, "osm_type": "way"}}, {"type": "Feature", "geometry": {"type": "LineString", "coordinates": [[10.003539, 53.5559309], [10.0036293, 53.5558913], [10.0038566, 53.5557952], [10.0040217, 53.5557216], [10.0042519, 53.5556048], [10.0045245, 53.555444], [10.0047941, 53.5552729], [10.0047994, 53.5552694], [10.0050896, 53.5550842], [10.0054939, 53.5548014], [10.0058975, 53.5545173]]}, "properties": {"commuting": "yes", "electrified": "no", "gauge": "1435", "level": "-1", "operator": "DB Netz AG", "railway": "rail", "railway:track_ref": "34", "service": "yard", "workrules": "DE:EBO", "osm_id": 42794010, "osm_type": "way"}}, {"type": "Feature", "geometry": {"type": "LineString", "coordinates": [[10.0060199, 53.5548792], [10.0057471, 53.5550656], [10.0054807, 53.5552413], [10.0052148, 53.5554112], [10.0050778, 53.5554919], [10.0047464, 53.5556792], [10.0044688, 53.5558168], [10.0042606, 53.5559094], [10.0041069, 53.5559714], [10.00391, 53.556043], [10.0038138, 53.5560747], [10.0037297, 53.5561021]]}, "properties": {"commuting": "yes", "electrified": "rail", "frequency": "0", "gauge": "1435", "layer": "-1", "level": "-1", "name": "Verbindungsbahn", "network": "Hamburger Verkehrsverbund", "operator": "S-Bahn Hamburg GmbH", "operator:wikidata": "Q99869216", "railway": "light_rail", "railway:ballastless": "no", "railway:bidirectional": "regular", "railway:preferred_direction": "forward", "railway:pzb": "yes", "railway:tilting": "no", "railway:traffic_mode": "passenger", "ref": "1240", "usage": "main", "voltage": "1200", "osm_id": 42794011, "osm_type": "way"}}, {"type": "Feature", "geometry": {"type": "Polygon", "coordinates": [[[10.0071466, 53.5541528], [10.0070325, 53.5541446], [10.0050444, 53.5540052], [10.0050505, 53.5539743], [10.0050528, 53.5539629], [10.0050558, 53.5539477], [10.0050589, 53.5539322], [10.0050614, 53.5539197], [10.0050807, 53.5539211], [10.0050817, 53.5539164], [10.005095, 53.5539173], [10.0051098, 53.5539184], [10.0051254, 53.5539195], [10.0051373, 53.5539203], [10.0051318, 53.5539477], [10.0051263, 53.5539755], [10.0069441, 53.5541031], [10.0069462, 53.5540925], [10.0069555, 53.5540461], [10.0071062, 53.5540567], [10.0071006, 53.5540849], [10.0070985, 53.5540955], [10.0070949, 53.5541137], [10.007093, 53.5541232], [10.0071517, 53.5541273], [10.0071466, 53.5541528]]]}, "properties": {"access": "customers", "bench": "yes", "bin": "yes", "customers": "HVV", "indoor": "yes", "internet_access": "wlan", "internet_access:fee": "no", "layer": "-3", "level": "-3", "lit": "yes", "name": "Hauptbahnhof Nord", "passenger_information_display": "yes", "passenger_information_display:speech_output": "yes", "public_transport": "platform", "railway": "platform", "ref": "1", "ref:IFOPT": "de:02000:10905:1:109013", "shelter": "yes", "subway": "yes", "surface": "paved", "tactile_paving": "yes", "tunnel": "yes", "wheelchair": "yes", "osm_id": 43317350, "osm_type": "way"}}, {"type": "Feature", "geometry": {"type": "LineString", "coordinates": [[10.0051039, 53.5533525], [10.005236, 53.5532927]]}, "properties": {"handrail": "yes", "highway": "steps", "incline": "up", "indoor": "yes", "level": "-1;0", "lit": "yes", "platform_lift": "no", "step:height": "0.16", "step_count": "22", "surface": "paving_stones", "tactile_paving": "no", "tactile_writing": "no", "osm_id": 43317352, "osm_type": "way"}}, {"type": "Feature", "geometry": {"type": "LineString", "coordinates": [[10.0033184, 53.5537453], [10.003327, 53.553725]]}, "properties": {"highway": "steps", "indoor": "yes", "level": "-1;-0.5", "surface": "paving_stones", "tactile_paving": "no", "tunnel": "yes", "osm_id": 43317354, "osm_type": "way"}}, {"type": "Feature", "geometry": {"type": "LineString", "coordinates": [[10.0031839, 53.5538468], [10.0031123, 53.5538074]]}, "properties": {"highway": "steps", "incline": "up", "indoor": "yes", "level": "-1;0", "step_count": "28", "surface": "paving_stones", "tactile_paving": "partial", "osm_id": 43317355, "osm_type": "way"}}, {"type": "Feature", "geometry": {"type": "LineString", "coordinates": [[10.003294, 53.553696], [10.003268, 53.5537594], [10.0033057, 53.5537827]]}, "properties": {"highway": "footway", "indoor": "yes", "layer": "-1", "level": "-1", "surface": "paving_stones", "tunnel": "yes", "osm_id": 43317356, "osm_type": "way"}}, {"type": "Feature", "geometry": {"type": "LineString", "coordinates": [[10.0033057, 53.5537827], [10.0033184, 53.5537453]]}, "properties": {"highway": "footway", "indoor": "yes", "level": "-1", "surface": "paving_stones", "tunnel": "yes", "osm_id": 43317357, "osm_type": "way"}}, {"type": "Feature", "geometry": {"type": "LineString", "coordinates": [[10.0051039, 53.5533525], [10.0050761, 53.5533743], [10.0050123, 53.5533985], [10.0049912, 53.5534226], [10.0049701, 53.553458]]}, "properties": {"highway": "footway", "indoor": "yes", "layer": "-1", "level": "-1", "lit": "yes", "surface": "paving_stones", "tunnel": "yes", "osm_id": 43317358, "osm_type": "way"}}, {"type": "Feature", "geometry": {"type": "LineString", "coordinates": [[10.0030487, 53.5538239], [10.0030724, 53.5538107], [10.0030952, 53.553798]]}, "properties": {"highway": "footway", "level": "0", "lit": "yes", "smoothness": "intermediate", "surface": "paving_stones", "osm_id": 44330167, "osm_type": "way"}}, {"type": "Feature", "geometry": {"type": "LineString", "coordinates": [[10.0064529, 53.5535757], [10.0064991, 53.5535218]]}, "properties": {"conveying": "forward", "description": "Bahnsteig 4 (Gleis 7+8)(Regional-/Fernbahn) Nord / Wandelhalle", "highway": "steps", "incline": "up", "indoor": "yes", "level": "-1;0", "operator": "DB Station&Service AG", "ref": "HF 017", "step_count": "38", "surface": "metal", "time": "32 sec", "width": "100 cm", "osm_id": 44646029, "osm_type": "way"}}, {"type": "Feature", "geometry": {"type": "LineString", "coordinates": [[10.0048676, 53.5536286], [10.004848, 53.5536603], [10.0047145, 53.5539138], [10.0046629, 53.554018], [10.0046364, 53.5540772], [10.0047307, 53.5541138]]}, "properties": {"highway": "footway", "indoor": "yes", "layer": "-2", "level": "-2", "surface": "paving_stones", "tunnel": "yes", "osm_id": 98820828, "osm_type": "way"}}, {"type": "Feature", "geometry": {"type": "LineString", "coordinates": [[10.0071068, 53.5541755], [10.0071072, 53.5541682], [10.0071056, 53.554161], [10.007102, 53.5541541], [10.0070966, 53.5541477], [10.0070894, 53.5541419], [10.0070806, 53.5541369], [10.0070706, 53.5541329], [10.0070596, 53.5541299], [10.0070478, 53.554128], [10.0070358, 53.5541274]]}, "properties": {"bridge": "yes", "handrail": "yes", "highway": "steps", "incline": "down", "indoor": "yes", "layer": "-3", "level": "-2;-3", "lit": "24/7", "step_count": "27", "tunnel": "yes", "osm_id": 98820835, "osm_type": "way"}}, {"type": "Feature", "geometry": {"type": "LineString", "coordinates": [[10.0033698, 53.5537985], [10.0033354, 53.553801]]}, "properties": {"highway": "footway", "indoor": "yes", "layer": "-1", "level": "-1", "tunnel": "yes", "osm_id": 98820850, "osm_type": "way"}}, {"type": "Feature", "geometry": {"type": "LineString", "coordinates": [[10.0069843, 53.5543157], [10.0070642, 53.5543125]]}, "properties": {"access": "customers", "highway": "footway", "indoor": "yes", "layer": "-2", "level": "-2", "tunnel": "yes", "osm_id": 98820853, "osm_type": "way"}}, {"type": "Feature", "geometry": {"type": "LineString", "coordinates": [[10.0070642, 53.5543125], [10.0071068, 53.5541755]]}, "properties": {"access": "customers", "highway": "footway", "indoor": "yes", "layer": "-2", "level": "-2", "tunnel": "yes", "osm_id": 98820867, "osm_type": "way"}}, {"type": "Feature", "geometry": {"type": "LineString", "coordinates": [[10.006093, 53.5549022], [10.0058062, 53.5551018], [10.0055532, 53.5552779], [10.0053073, 53.5554376], [10.0050599, 53.5555944], [10.0047912, 53.5557409], [10.0047738, 53.555751]]}, "properties": {"commuting": "yes", "electrified": "rail", "frequency": "0", "gauge": "1435", "level": "-1", "name": "City-S-Bahn", "network": "Hamburger Verkehrsverbund", "operator": "S-Bahn Hamburg GmbH", "operator:wikidata": "Q99869216", "railway": "light_rail", "railway:ballastless": "no", "railway:bidirectional": "regular", "railway:preferred_direction": "forward", "railway:pzb": "yes", "railway:tilting": "no", "railway:traffic_mode": "passenger", "ref": "1270", "usage": "main", "voltage": "1200", "osm_id": 107828119, "osm_type": "way"}}, {"type": "Feature", "geometry": {"type": "LineString", "coordinates": [[10.0050896, 53.5550842], [10.0048303, 53.5552877], [10.0048266, 53.5552909], [10.0047524, 53.5553482], [10.0046044, 53.5554517], [10.0044383, 53.5555529], [10.004272, 53.5556457], [10.0040975, 53.5557382], [10.003926, 53.5558155], [10.0036877, 53.5559193], [10.0034706, 53.5560142]]}, "properties": {"electrified": "no", "gauge": "1435", "level": "-1", "operator": "DB Netz AG", "railway": "rail", "railway:track_ref": "33", "service": "yard", "source": "Bing", "workrules": "DE:EBO", "osm_id": 107828120, "osm_type": "way"}}, {"type": "Feature", "geometry": {"type": "LineString", "coordinates": [[10.0042735, 53.555178], [10.0042811, 53.5551726], [10.0045403, 53.5549668], [10.0047564, 53.5547654]]}, "properties": {"electrified": "contact_line", "frequency": "16.7", "gauge": "1435", "level": "-1", "operator": "DB Netz AG", "railway": "rail", "railway:pzb": "yes", "ref": "2200", "usage": "main", "voltage": "15000", "workrules": "DE:EBO", "osm_id": 107828121, "osm_type": "way"}}, {"type": "Feature", "geometry": {"type": "LineString", "coordinates": [[10.0055561, 53.5546082], [10.0054321, 53.5546912], [10.0048012, 53.5551194]]}, "properties": {"electrified": "contact_line", "frequency": "16.7", "gauge": "1435", "int_name": "Vogelfluglinie", "level": "-1", "name": "Lübeck-Hamburger Bahn", "operator": "DB InfraGO AG", "railway": "rail", "railway:pzb": "yes", "railway:track_ref": "6", "ref": "1120", "source": "Bing", "usage": "main", "voltage": "15000", "workrules": "DE:EBO", "osm_id": 107828129, "osm_type": "way"}}, {"type": "Feature", "geometry": {"type": "LineString", "coordinates": [[10.0054479, 53.5547625], [10.0051046, 53.5549434], [10.0048012, 53.5551194]]}, "properties": {"electrified": "contact_line", "frequency": "16.7", "gauge": "1435", "level": "-1", "operator": "DB Netz AG", "railway": "rail", "railway:pzb": "yes", "service": "crossover", "source": "Bing", "voltage": "15000", "workrules": "DE:EBO", "osm_id": 107828132, "osm_type": "way"}}, {"type": "Feature", "geometry": {"type": "LineString", "coordinates": [[10.004835, 53.5554806], [10.0050442, 53.55534], [10.0052771, 53.5551925], [10.0056885, 53.5549665], [10.0059119, 53.5548412]]}, "properties": {"commuting": "yes", "electrified": "rail", "frequency": "0", "gauge": "1435", "level": "-1", "network": "HVV", "operator": "S-Bahn Hamburg GmbH", "operator:wikidata": "Q99869216", "railway": "light_rail", "railway:ballastless": "no", "railway:bidirectional": "regular", "railway:pzb": "yes", "railway:traffic_mode": "passenger", "service": "crossover", "voltage": "1200", "osm_id": 107828139, "osm_type": "way"}}, {"type": "Feature", "geometry": {"type": "LineString", "coordinates": [[10.0056118, 53.5539227], [10.0055425, 53.5539892], [10.0051633, 53.5543534]]}, "properties": {"electrified": "contact_line", "frequency": "16.7", "gauge": "1435", "layer": "-1", "level": "-1", "operator": "DB Netz AG", "railway": "rail", "railway:pzb": "yes", "service": "crossover", "source": "Bing", "voltage": "15000", "workrules": "DE:EBO", "osm_id": 107828140, "osm_type": "way"}}, {"type": "Feature", "geometry": {"type": "LineString", "coordinates": [[10.0046396, 53.5552287], [10.0044379, 53.5553522], [10.0042493, 53.5554601], [10.0039585, 53.555615]]}, "properties": {"electrified": "contact_line", "frequency": "16.7", "gauge": "1435", "level": "-1", "operator": "DB Netz AG", "railway": "rail", "railway:pzb": "yes", "service": "crossover", "source": "Bing", "voltage": "15000", "workrules": "DE:EBO", "osm_id": 107828145, "osm_type": "way"}}, {"type": "Feature", "geometry": {"type": "LineString", "coordinates": [[10.0043457, 53.5556773], [10.0045611, 53.5555441], [10.0047833, 53.5553902], [10.0051009, 53.555134], [10.0052734, 53.5549815], [10.0054939, 53.5548014]]}, "properties": {"electrified": "no", "gauge": "1435", "level": "-1", "operator": "DB Netz AG", "railway": "rail", "service": "yard", "source": "Bing", "workrules": "DE:EBO", "osm_id": 107828146, "osm_type": "way"}}, {"type": "Feature", "geometry": {"type": "LineString", "coordinates": [[10.0058814, 53.5538739], [10.0055188, 53.5542743]]}, "properties": {"electrified": "contact_line", "frequency": "16.7", "gauge": "1435", "layer": "-1", "level": "-1", "operator": "DB Netz AG", "railway": "rail", "railway:pzb": "yes", "service": "crossover", "source": "Bing", "voltage": "15000", "workrules": "DE:EBO", "osm_id": 107828151, "osm_type": "way"}}, {"type": "Feature", "geometry": {"type": "LineString", "coordinates": [[10.0062089, 53.554491], [10.0064246, 53.5543255], [10.0065953, 53.5541796], [10.0066826, 53.5540943], [10.0069076, 53.5538347], [10.0070254, 53.5536735]]}, "properties": {"electrified": "rail", "frequency": "0", "gauge": "1435", "layer": "-1", "level": "-1", "network": "Hamburger Verkehrsverbund", "operator": "S-Bahn Hamburg GmbH", "operator:wikidata": "Q99869216", "railway": "light_rail", "railway:ballastless": "no", "railway:bidirectional": "regular", "railway:etcs": "no", "railway:pzb": "yes", "railway:traffic_mode": "passenger", "ref": "1270", "usage": "main", "voltage": "1200", "osm_id": 107828152, "osm_type": "way"}}, {"type": "Feature", "geometry": {"type": "LineString", "coordinates": [[10.005199, 53.5542207], [10.0052309, 53.5541771], [10.0053921, 53.553956], [10.0054026, 53.5539366], [10.0054156, 53.553913], [10.0054272, 53.5538901], [10.0054912, 53.5537715], [10.0055729, 53.5536233], [10.0056992, 53.5533941], [10.0058516, 53.5530962], [10.0058828, 53.5530362]]}, "properties": {"electrified": "contact_line", "frequency": "16.7", "gauge": "1435", "layer": "-1", "level": "-1", "operator": "DB Netz AG", "railway": "rail", "railway:pzb": "yes", "railway:track_ref": "14", "ref": "2200", "usage": "main", "voltage": "15000", "workrules": "DE:EBO", "osm_id": 108729982, "osm_type": "way"}}, {"type": "Feature", "geometry": {"type": "LineString", "coordinates": [[10.0040392, 53.5553279], [10.0035133, 53.555606], [10.0034816, 53.5556227]]}, "properties": {"disused:railway": "rail", "electrified": "contact_line", "frequency": "16.7", "gauge": "1435", "level": "-1", "railway": "disused", "service": "crossover", "voltage": "15000", "workrules": "DE:EBO", "osm_id": 108729986, "osm_type": "way"}}, {"type": "Feature", "geometry": {"type": "LineString", "coordinates": [[10.0041703, 53.5551748], [10.0043479, 53.555041], [10.004508, 53.5549063], [10.004727, 53.5547053], [10.0049145, 53.5545211], [10.0050499, 53.5543692], [10.005199, 53.5542207]]}, "properties": {"electrified": "contact_line", "frequency": "16.7", "gauge": "1435", "layer": "-1", "level": "-1", "operator": "DB Netz AG", "railway": "rail", "railway:pzb": "yes", "ref": "2200", "usage": "main", "voltage": "15000", "workrules": "DE:EBO", "osm_id": 108729987, "osm_type": "way"}}, {"type": "Feature", "geometry": {"type": "LineString", "coordinates": [[10.0041703, 53.5551748], [10.0044279, 53.5550084], [10.0045745, 53.5549037], [10.0047564, 53.5547654]]}, "properties": {"electrified": "contact_line", "frequency": "16.7", "gauge": "1435", "level": "-1", "operator": "DB Netz AG", "railway": "rail", "railway:pzb": "yes", "service": "crossover", "voltage": "15000", "workrules": "DE:EBO", "osm_id": 108729988, "osm_type": "way"}}, {"type": "Feature", "geometry": {"type": "LineString", "coordinates": [[10.0040501, 53.5559436], [10.004393, 53.5557969], [10.0046205, 53.5556853], [10.0048941, 53.5555349], [10.0051547, 53.5553783], [10.0054253, 53.5552087], [10.0058377, 53.5549379]]}, "properties": {"commuting": "yes", "electrified": "rail", "frequency": "0", "gauge": "1435", "level": "-1", "maxspeed": "60", "network": "Hamburger Verkehrsverbund", "operator": "S-Bahn Hamburg GmbH", "operator:wikidata": "Q99869216", "railway": "light_rail", "railway:ballastless": "no", "railway:bidirectional": "regular", "railway:preferred_direction": "forward", "railway:pzb": "yes", "railway:tilting": "no", "railway:traffic_mode": "passenger", "ref": "1240", "source:maxspeed": "Sv1 an vorstehenden Signalen, deshalb wahrscheinlich 60 in Verlängerung der Verbindungsbahn", "usage": "main", "voltage": "1200", "osm_id": 127647898, "osm_type": "way"}}, {"type": "Feature", "geometry": {"type": "LineString", "coordinates": [[10.0062089, 53.554491], [10.0064059, 53.5543456], [10.0065066, 53.5542738], [10.0067621, 53.5540632]]}, "properties": {"commuting": "yes", "electrified": "rail", "frequency": "0", "gauge": "1435", "highspeed": "no", "layer": "-1", "level": "-1", "name": "City-S-Bahn", "network": "HVV", "operator": "S-Bahn Hamburg GmbH", "operator:wikidata": "Q99869216", "rack": "no", "railway": "light_rail", "railway:ballastless": "no", "railway:bidirectional": "regular", "railway:etcs": "no", "railway:gnt": "no", "railway:lzb": "no", "railway:pzb": "yes", "railway:tilting": "no", "railway:traffic_mode": "passenger", "service": "crossover", "voltage": "1200", "osm_id": 130705848, "osm_type": "way"}}, {"type": "Feature", "geometry": {"type": "LineString", "coordinates": [[10.0067621, 53.5540632], [10.0068072, 53.5540201], [10.0068582, 53.5539647], [10.0069004, 53.5539163], [10.0071153, 53.5536871]]}, "properties": {"commuting": "yes", "electrified": "rail", "frequency": "0", "gauge": "1435", "highspeed": "no", "layer": "-1", "level": "-1", "maxspeed": "60", "network": "HVV", "operator": "S-Bahn Hamburg GmbH", "operator:wikidata": "Q99869216", "rack": "no", "railway": "light_rail", "railway:ballastless": "no", "railway:bidirectional": "regular", "railway:etcs": "no", "railway:gnt": "no", "railway:lzb": "no", "railway:preferred_direction": "forward", "railway:pzb": "yes", "railway:tilting": "no", "railway:track_ref": "3", "railway:traffic_mode": "passenger", "service": "crossover", "source:maxspeed": "Sv1 an vorstehenden Signalen, deshalb wahrscheinlich 60 in Verlängerung der Verbindungsbahn", "voltage": "1200", "osm_id": 130705849, "osm_type": "way"}}, {"type": "Feature", "geometry": {"type": "LineString", "coordinates": [[10.0036794, 53.5555615], [10.0040392, 53.5553279], [10.0042735, 53.555178]]}, "properties": {"electrified": "contact_line", "frequency": "16.7", "gauge": "1435", "level": "-1", "operator": "DB Netz AG", "railway": "rail", "railway:pzb": "yes", "ref": "2200", "usage": "main", "voltage": "15000", "workrules": "DE:EBO", "osm_id": 132819043, "osm_type": "way"}}, {"type": "Feature", "geometry": {"type": "LineString", "coordinates": [[10.0066395, 53.5531252], [10.0065878, 53.5532207], [10.0065708, 53.5532473], [10.0065662, 53.5532545], [10.006427, 53.5534648], [10.0064, 53.5535085], [10.0063362, 53.5536117], [10.0062197, 53.5537663], [10.0061744, 53.553803], [10.0057761, 53.5541254], [10.005685, 53.5541919], [10.0054317, 53.5543899], [10.0052895, 53.5544972], [10.0051598, 53.554598], [10.005116, 53.5546359], [10.0049709, 53.5547545], [10.0049447, 53.554773]]}, "properties": {"electrified": "contact_line", "frequency": "16.7", "gauge": "1435", "layer": "-1", "level": "-1", "name": "Berlin-Hamburger Bahn", "operator": "DB InfraGO AG", "railway": "rail", "railway:pzb": "yes", "railway:track_ref": "8", "ref": "6100", "tracks": "1", "usage": "main", "voltage": "15000", "workrules": "DE:EBO", "osm_id": 135844323, "osm_type": "way"}}, {"type": "Feature", "geometry": {"type": "LineString", "coordinates": [[10.00396, 53.5556712], [10.0043049, 53.5554859], [10.0045942, 53.5553211], [10.0048734, 53.555139], [10.0051427, 53.5549548], [10.0051999, 53.5549157], [10.0054479, 53.5547625]]}, "properties": {"electrified": "contact_line", "frequency": "16.7", "gauge": "1435", "level": "-1", "name": "Berlin-Hamburger Bahn", "operator": "DB InfraGO AG", "railway": "rail", "railway:track_ref": "5", "ref": "6100", "usage": "main", "voltage": "15000", "workrules": "DE:EBO", "osm_id": 138119199, "osm_type": "way"}}, {"type": "Feature", "geometry": {"type": "LineString", "coordinates": [[10.0048012, 53.5551194], [10.0047805, 53.5551332], [10.0046396, 53.5552287]]}, "properties": {"electrified": "contact_line", "frequency": "16.7", "gauge": "1435", "int_name": "Vogelfluglinie", "level": "-1", "name": "Lübeck-Hamburger Bahn", "operator": "DB InfraGO AG", "railway": "rail", "railway:pzb": "yes", "railway:track_ref": "6", "ref": "1120", "source": "Bing", "usage": "main", "voltage": "15000", "workrules": "DE:EBO", "osm_id": 138119200, "osm_type": "way"}}, {"type": "Feature", "geometry": {"type": "LineString", "coordinates": [[10.0042095, 53.5554571], [10.0045125, 53.5552487], [10.0045359, 53.5552326], [10.0045654, 53.5552117], [10.0047441, 53.5550853], [10.0051229, 53.5547962]]}, "properties": {"electrified": "contact_line", "frequency": "16.7", "gauge": "1435", "int_name": "Vogelfluglinie", "layer": "-1", "level": "-1", "name": "Lübeck-Hamburger Bahn", "operator": "DB InfraGO AG", "railway": "rail", "railway:pzb": "yes", "railway:track_ref": "7", "ref": "1120", "usage": "main", "voltage": "15000", "workrules": "DE:EBO", "osm_id": 142692915, "osm_type": "way"}}, {"type": "Feature", "geometry": {"type": "LineString", "coordinates": [[10.0068116, 53.5534105], [10.0067337, 53.553548], [10.0066651, 53.5536693], [10.0066014, 53.5537596], [10.0065496, 53.5538329], [10.0061477, 53.5541861], [10.0060333, 53.5542778], [10.0059393, 53.5543474], [10.0058794, 53.5543905], [10.0058471, 53.5544136]]}, "properties": {"electrified": "contact_line", "frequency": "16.7", "gauge": "1435", "int_name": "Vogelfluglinie", "layer": "-1", "level": "-1", "name": "Lübeck-Hamburger Bahn", "operator": "DB InfraGO AG", "railway": "rail", "railway:pzb": "yes", "railway:track_ref": "6", "ref": "1120", "usage": "main", "voltage": "15000", "workrules": "DE:EBO", "osm_id": 152813970, "osm_type": "way"}}, {"type": "Feature", "geometry": {"type": "LineString", "coordinates": [[10.0058377, 53.5549379], [10.0054923, 53.555185], [10.0053505, 53.5552929], [10.0050586, 53.5554934], [10.0047464, 53.5556792]]}, "properties": {"commuting": "yes", "electrified": "rail", "frequency": "0", "gauge": "1435", "level": "-1", "maxspeed": "40", "network": "HVV", "operator": "S-Bahn Hamburg GmbH", "operator:wikidata": "Q99869216", "railway": "light_rail", "railway:ballastless": "no", "railway:bidirectional": "regular", "railway:pzb": "yes", "railway:traffic_mode": "passenger", "service": "crossover", "voltage": "1200", "osm_id": 155371975, "osm_type": "way"}}, {"type": "Feature", "geometry": {"type": "LineString", "coordinates": [[10.0058471, 53.5544136], [10.0057654, 53.5544681], [10.0055561, 53.5546082]]}, "properties": {"electrified": "contact_line", "frequency": "16.7", "gauge": "1435", "int_name": "Vogelfluglinie", "layer": "-1", "level": "-1", "name": "Lübeck-Hamburger Bahn", "operator": "DB InfraGO AG", "railway": "rail", "railway:pzb": "yes", "railway:track_ref": "6", "ref": "1120", "usage": "main", "voltage": "15000", "workrules": "DE:EBO", "osm_id": 303082465, "osm_type": "way"}}, {"type": "Feature", "geometry": {"type": "LineString", "coordinates": [[10.0058814, 53.5538739], [10.005378, 53.5543182]]}, "properties": {"electrified": "contact_line", "frequency": "16.7", "gauge": "1435", "layer": "-1", "level": "-1", "operator": "DB Netz AG", "railway": "rail", "railway:pzb": "yes", "railway:track_ref": "10", "ref": "1245", "service": "yard", "voltage": "15000", "workrules": "DE:EBO", "osm_id": 303082466, "osm_type": "way"}}, {"type": "Feature", "geometry": {"type": "Polygon", "coordinates": [[[10.0064564, 53.5534836], [10.0069169, 53.5535805], [10.0069248, 53.5535809], [10.0069343, 53.5535785], [10.0069394, 53.5535736], [10.0069778, 53.5535093], [10.0069777, 53.5535045], [10.0069743, 53.5534993], [10.0069679, 53.5534956], [10.0065086, 53.5533985], [10.0064564, 53.5534836]]]}, "properties": {"barrier": "fence", "level": "1", "osm_id": 336276079, "osm_type": "way"}}, {"type": "Feature", "geometry": {"type": "Polygon", "coordinates": [[[10.0064805, 53.5533926], [10.0060406, 53.5533014], [10.0060309, 53.5533016], [10.0060208, 53.5533039], [10.0060121, 53.5533082], [10.0059742, 53.5533725], [10.0059746, 53.5533773], [10.0059768, 53.5533817], [10.0059835, 53.553386], [10.0064294, 53.553478], [10.0064805, 53.5533926]]]}, "properties": {"barrier": "fence", "level": "1", "osm_id": 336276080, "osm_type": "way"}}, {"type": "Feature", "geometry": {"type": "LineString", "coordinates": [[10.0057867, 53.553291], [10.0058363, 53.5532999]]}, "properties": {"highway": "footway", "indoor": "yes", "level": "0", "lit": "yes", "surface": "paving_stones", "osm_id": 336276082, "osm_type": "way"}}, {"type": "Feature", "geometry": {"type": "Polygon", "coordinates": [[[10.0049911, 53.5548054], [10.0050179, 53.5548173], [10.0050911, 53.5547593], [10.0050644, 53.5547474], [10.0049911, 53.5548054]]]}, "properties": {"amenity": "shelter", "bench": "yes", "level": "-1", "shelter_type": "public_transport", "osm_id": 343003112, "osm_type": "way"}}, {"type": "Feature", "geometry": {"type": "Polygon", "coordinates": [[[10.0055578, 53.5544396], [10.0058294, 53.5542336], [10.0060194, 53.5540886], [10.0061975, 53.5539364], [10.0060761, 53.5539099], [10.0057072, 53.5542023], [10.0054598, 53.5544049], [10.0055578, 53.5544396]]]}, "properties": {"building": "roof", "layer": "1", "level": "-1", "osm_id": 343003120, "osm_type": "way"}}, {"type": "Feature", "geometry": {"type": "Polygon", "coordinates": [[[10.0067864, 53.5530053], [10.0068295, 53.5530135], [10.0068676, 53.5529429], [10.0068244, 53.5529347], [10.0067864, 53.5530053]]]}, "properties": {"brand": "ServiceStore DB", "brand:wikidata": "Q84482517", "indoor": "yes", "level": "-1", "name": "ServiceStore DB", "opening_hours": "Mo-Su 08:00-20:00", "shop": "kiosk", "wheelchair": "yes", "osm_id": 343243980, "osm_type": "way"}}, {"type": "Feature", "geometry": {"type": "LineString", "coordinates": [[10.0062599, 53.5530481], [10.0062135, 53.5531295]]}, "properties": {"highway": "steps", "incline": "up", "indoor": "yes", "level": "-1;0", "lit": "yes", "surface": "paving_stones", "tactile_paving": "yes", "osm_id": 343244044, "osm_type": "way"}}, {"type": "Feature", "geometry": {"type": "LineString", "coordinates": [[10.0070367, 53.5532046], [10.0069898, 53.5532907]]}, "properties": {"conveying": "forward", "description": "Bahnsteig 3 (Gleis 5+6)(Regional-/Fernbahn) Halle / Nordsteg", "highway": "steps", "incline": "up", "indoor": "yes", "level": "-1;0", "lit": "yes", "operator": "DB Station&Service AG", "ref": "HF 015", "step_count": "38", "surface": "metal", "time": "32 sec", "width": "100 cm", "osm_id": 343244047, "osm_type": "way"}}, {"type": "Feature", "geometry": {"type": "LineString", "coordinates": [[10.0062907, 53.5530543], [10.0062443, 53.5531358]]}, "properties": {"conveying": "forward", "description": "Bahnsteig 5 (Gleis 11+12)(Regional-/Fernbahn) Halle / Nordsteg", "highway": "steps", "incline": "up", "indoor": "yes", "level": "-1;0", "lit": "yes", "operator": "DB Station&Service AG", "ref": "HF 018", "step_count": "38", "surface": "metal", "time": "32 sec", "width": "100 cm", "osm_id": 343244060, "osm_type": "way"}}, {"type": "Feature", "geometry": {"type": "LineString", "coordinates": [[10.0059695, 53.5529899], [10.0059275, 53.5530701]]}, "properties": {"conveying": "backward", "highway": "steps", "incline": "up", "indoor": "yes", "level": "-1;0", "lit": "yes", "surface": "paving_stones", "osm_id": 343244063, "osm_type": "way"}}, {"type": "Feature", "geometry": {"type": "LineString", "coordinates": [[10.0069558, 53.553295], [10.0069273, 53.5533449]]}, "properties": {"highway": "footway", "indoor": "yes", "level": "0", "lit": "yes", "surface": "paving_stones", "wheelchair": "yes", "osm_id": 343244065, "osm_type": "way"}}, {"type": "Feature", "geometry": {"type": "LineString", "coordinates": [[10.0067187, 53.553141], [10.0066715, 53.5532248]]}, "properties": {"highway": "steps", "incline": "up", "indoor": "yes", "level": "-1;0", "lit": "yes", "surface": "paving_stones", "tactile_paving": "yes", "osm_id": 343244070, "osm_type": "way"}}, {"type": "Feature", "geometry": {"type": "LineString", "coordinates": [[10.0060052, 53.5529965], [10.005963, 53.5530776]]}, "properties": {"conveying": "forward", "description": "Bahnsteig 6 (Gleis 13+14)(Regional-/Fernbahn) Halle / Nordsteg", "highway": "steps", "incline": "up", "indoor": "yes", "level": "-1;0", "lit": "yes", "operator": "DB Station&Service AG", "ref": "HF 020", "step_count": "38", "surface": "metal", "time": "32 sec", "width": "100 cm", "osm_id": 343244075, "osm_type": "way"}}, {"type": "Feature", "geometry": {"type": "LineString", "coordinates": [[10.0067542, 53.553148], [10.0067072, 53.5532319]]}, "properties": {"conveying": "forward", "description": "Bahnsteig 4 (Gleis 7+8)(Regional-/Fernbahn) Halle / Nordsteg", "highway": "steps", "incline": "up", "indoor": "yes", "level": "-1;0", "lit": "yes", "operator": "DB Station&Service AG", "ref": "HF 016", "step_count": "38", "surface": "metal", "time": "32 sec", "width": "100 cm", "osm_id": 343244080, "osm_type": "way"}}, {"type": "Feature", "geometry": {"type": "LineString", "coordinates": [[10.0070004, 53.5531974], [10.0069524, 53.5532829]]}, "properties": {"highway": "steps", "incline": "up", "indoor": "yes", "level": "-1;0", "lit": "yes", "surface": "paving_stones", "tactile_paving": "yes", "osm_id": 343244086, "osm_type": "way"}}, {"type": "Feature", "geometry": {"type": "LineString", "coordinates": [[10.0062135, 53.5531295], [10.0062078, 53.5531409]]}, "properties": {"highway": "footway", "indoor": "yes", "level": "0", "lit": "yes", "surface": "paving_stones", "osm_id": 343244095, "osm_type": "way"}}, {"type": "Feature", "geometry": {"type": "LineString", "coordinates": [[10.0066715, 53.5532248], [10.006666, 53.5532351]]}, "properties": {"highway": "footway", "indoor": "yes", "level": "0", "lit": "yes", "surface": "paving_stones", "osm_id": 343244098, "osm_type": "way"}}, {"type": "Feature", "geometry": {"type": "LineString", "coordinates": [[10.0061834, 53.5531233], [10.0061771, 53.5531345]]}, "properties": {"highway": "footway", "indoor": "yes", "level": "0", "lit": "yes", "surface": "metal", "osm_id": 343244100, "osm_type": "way"}}, {"type": "Feature", "geometry": {"type": "LineString", "coordinates": [[10.0069524, 53.5532829], [10.0069473, 53.553293]]}, "properties": {"highway": "footway", "indoor": "yes", "level": "0", "lit": "yes", "surface": "paving_stones", "osm_id": 343244102, "osm_type": "way"}}, {"type": "Feature", "geometry": {"type": "LineString", "coordinates": [[10.0059275, 53.5530701], [10.0059213, 53.5530819]]}, "properties": {"highway": "footway", "indoor": "yes", "level": "0", "lit": "yes", "surface": "paving_stones", "osm_id": 343244104, "osm_type": "way"}}, {"type": "Feature", "geometry": {"type": "LineString", "coordinates": [[10.0068128, 53.5531596], [10.0067542, 53.553148], [10.0067187, 53.553141], [10.0066619, 53.5531297]]}, "properties": {"highway": "footway", "indoor": "yes", "level": "-1", "lit": "yes", "surface": "paving_stones", "osm_id": 343244105, "osm_type": "way"}}, {"type": "Feature", "geometry": {"type": "LineString", "coordinates": [[10.0070828, 53.5532138], [10.0070367, 53.5532046], [10.0070004, 53.5531974], [10.0069533, 53.5531879]]}, "properties": {"highway": "footway", "indoor": "yes", "level": "-1", "lit": "yes", "surface": "paving_stones", "wheelchair": "yes", "osm_id": 343244109, "osm_type": "way"}}, {"type": "Feature", "geometry": {"type": "LineString", "coordinates": [[10.0060427, 53.5530032], [10.0060052, 53.5529965], [10.0059695, 53.5529899], [10.0059305, 53.5529826]]}, "properties": {"highway": "footway", "indoor": "yes", "level": "-1", "lit": "yes", "surface": "paving_stones", "wheelchair": "yes", "osm_id": 343244111, "osm_type": "way"}}, {"type": "Feature", "geometry": {"type": "LineString", "coordinates": [[10.0063294, 53.553062], [10.0062907, 53.5530543], [10.0062599, 53.5530481], [10.0062296, 53.553042], [10.0061924, 53.5530346]]}, "properties": {"highway": "footway", "indoor": "yes", "level": "-1", "lit": "yes", "surface": "paving_stones", "wheelchair": "yes", "osm_id": 343244113, "osm_type": "way"}}, {"type": "Feature", "geometry": {"type": "Polygon", "coordinates": [[[10.0064365, 53.5535711], [10.0064529, 53.5535757], [10.0064732, 53.5535815], [10.0064878, 53.5535856], [10.0065338, 53.5535312], [10.0065192, 53.5535272], [10.0064991, 53.5535218], [10.0064813, 53.5535169], [10.0064365, 53.5535711]]]}, "properties": {"indoor": "area", "level": "-1;0", "stairs": "yes", "stairwell": "yes", "osm_id": 343467770, "osm_type": "way"}}, {"type": "Feature", "geometry": {"type": "Polygon", "coordinates": [[[10.0064935, 53.5537863], [10.0067896, 53.553848], [10.0067963, 53.5538371], [10.0069373, 53.5536032], [10.0068033, 53.5535751], [10.0066414, 53.5535412], [10.0064935, 53.5537863]]]}, "properties": {"addr:city": "Hamburg", "addr:country": "DE", "addr:housenumber": "8-10", "addr:postcode": "20095", "addr:street": "Glockengießerwall", "amenity": "pharmacy", "contact:email": "info@hauptbahnhofapotheke.de", "contact:fax": "+49 40 32527385", "contact:phone": "+49 40 32527383", "contact:website": "https://hauptbahnhofapotheke.de/", "dispensing": "yes", "healthcare": "pharmacy", "indoor": "room", "level": "1", "name": "Hauptbahnhof Apotheke", "opening_hours": "Mo-Fr 07:00-21:00; Sa-Su 08:00-21:00", "ref:vatin": "DE154875313", "wheelchair": "yes", "osm_id": 343467771, "osm_type": "way"}}, {"type": "Feature", "geometry": {"type": "Polygon", "coordinates": [[[10.0064711, 53.5533738], [10.006514, 53.5533009], [10.0064946, 53.5532969], [10.0064996, 53.5532884], [10.006506, 53.5532775], [10.0065271, 53.5532819], [10.0065616, 53.5532234], [10.00654, 53.5532189], [10.0060978, 53.5531269], [10.0060776, 53.5531607], [10.006048, 53.5532118], [10.006009, 53.5532777], [10.0060203, 53.55328], [10.006035, 53.5532831], [10.0064711, 53.5533738]]]}, "properties": {"addr:city": "Hamburg", "addr:street": "Glockengießerwall", "air_conditioning": "yes", "amenity": "fast_food", "branch": "Wandelhalle", "brand": "McDonald's", "brand:wikidata": "Q38076", "brand:wikipedia": "en:McDonald's", "contact:phone": "+49 40 326934", "cuisine": "burger", "delivery": "no", "diet:vegan": "yes", "diet:vegetarian": "yes", "indoor": "room", "indoor_seating": "yes", "level": "1", "name": "McDonald's", "opening_hours": "24/7", "operator": "McDonald's Deutschland LLC", "outdoor_seating": "no", "payment:american_express": "yes", "payment:cash": "yes", "payment:cryptocurrencies": "no", "payment:description": "Geldannahme bis 100 Euro", "payment:electronic_purses": "no", "payment:girocard": "yes", "payment:maestro": "yes", "payment:mastercard": "yes", "payment:visa": "yes", "smoking": "no", "takeaway": "yes", "toilets": "yes", "toilets:access": "customers", "website": "https://www.mcdonalds.com/de/de-de/restaurant-suche.html/l/hamburg/glockengiesserwall-8-10/373", "wheelchair": "limited", "osm_id": 343467773, "osm_type": "way"}}, {"type": "Feature", "geometry": {"type": "Polygon", "coordinates": [[[10.0059051, 53.5534492], [10.0058191, 53.5534316], [10.0058304, 53.5534122], [10.0057333, 53.5533915], [10.0056866, 53.5533819], [10.0056458, 53.5533736], [10.0056199, 53.5533676], [10.0056025, 53.5533641], [10.0055543, 53.5533543], [10.0055297, 53.5533968], [10.0054164, 53.5533737], [10.0054088, 53.5533869], [10.0053887, 53.5534217], [10.0053416, 53.5535032], [10.005317, 53.5535468], [10.0058211, 53.5536474], [10.0060417, 53.5536936], [10.0061909, 53.5534467], [10.0059386, 53.5533938], [10.0059051, 53.5534492]]]}, "properties": {"access": "customers", "addr:city": "Hamburg", "addr:street": "Glockengießerwall", "alt_name": "Edeka", "branch": "Wandelhalle", "brand": "Edeka", "brand:wikidata": "Q701755", "brand:wikipedia": "de:Edeka", "check_date:opening_hours": "2026-05-28", "drink:club-mate": "bottled", "email": "info@edeka-tamme.de", "indoor": "room", "level": "1", "name": "Edeka Tamme", "opening_hours": "Mo-Su 07:00-23:00", "operator": "Lars Tamme GmbH & Co. KG", "payment:cash": "yes", "payment:cryptocurrencies": "no", "payment:electronic_purses": "no", "payment:girocard": "yes", "payment:maestro": "yes", "payment:mastercard": "yes", "payment:visa": "yes", "payment:visa_electron": "yes", "phone": "+49 40 30309880", "ref:vatin": "DE198682376", "shop": "supermarket", "website": "https://edeka-tamme.de/wandelhalle/", "wheelchair": "yes", "osm_id": 343467774, "osm_type": "way"}}, {"type": "Feature", "geometry": {"type": "Polygon", "coordinates": [[[10.0060417, 53.5536936], [10.0064935, 53.5537863], [10.0066414, 53.5535412], [10.0066316, 53.5535391], [10.006617, 53.5535361], [10.0065171, 53.5535151], [10.0064171, 53.5534941], [10.0064045, 53.5535158], [10.0063713, 53.5535243], [10.0063345, 53.5535169], [10.0063205, 53.5534995], [10.0063332, 53.5534765], [10.0061909, 53.5534467], [10.0060417, 53.5536936]]]}, "properties": {"addr:city": "Hamburg", "addr:country": "DE", "addr:housenumber": "8-10", "addr:postcode": "20095", "addr:street": "Glockengießerwall", "brand": "Rossmann", "brand:wikidata": "Q316004", "brand:wikipedia": "de:Dirk Rossmann GmbH", "check_date:opening_hours": "2025-09-18", "contact:phone": "+49 40 336687", "contact:website": "https://www.rossmann.de", "description": "Umbau bis April 2024", "indoor": "room", "level": "1", "name": "Rossmann", "opening_hours": "Mo-Su,PH 07:00-23:00", "operator": "Dirk Rossmann GmbH", "ref:shop:num": "159", "ref:vatin": "DE115055186", "shop": "chemist", "wheelchair": "yes", "osm_id": 343467777, "osm_type": "way"}}, {"type": "Feature", "geometry": {"type": "Polygon", "coordinates": [[[10.005739, 53.5531487], [10.006048, 53.5532118], [10.0060776, 53.5531607], [10.0057685, 53.5530977], [10.005739, 53.5531487]]]}, "properties": {"check_date": "2025-04-26", "indoor": "room", "level": "1", "shop": "vacant", "wheelchair": "no", "osm_id": 343467778, "osm_type": "way"}}, {"type": "Feature", "geometry": {"type": "Polygon", "coordinates": [[[10.0065451, 53.5533707], [10.006535, 53.553388], [10.0069056, 53.5534645], [10.0069089, 53.5534588], [10.006922, 53.5534614], [10.0069344, 53.553464], [10.0069305, 53.5534708], [10.0069587, 53.5534766], [10.0069734, 53.5534796], [10.0069886, 53.5534827], [10.0070306, 53.5534108], [10.0069796, 53.5534003], [10.0070265, 53.5533202], [10.0067148, 53.5532558], [10.0066906, 53.5532971], [10.0066818, 53.5532953], [10.0066687, 53.5533177], [10.0066319, 53.5533101], [10.0066449, 53.5532878], [10.0066547, 53.553271], [10.0066407, 53.5532681], [10.006626, 53.5532651], [10.006609, 53.5532616], [10.0065451, 53.5533707]]]}, "properties": {"addr:city": "Hamburg", "addr:housenumber": "8-10", "addr:postcode": "20095", "addr:street": "Glockengießerwall", "amenity": "restaurant", "bar": "yes", "branch": "Hauptbahnhof Wandelhalle", "brand": "Schweinske", "brand:wikidata": "Q110482774", "contact:email": "info@schweinske.de", "contact:website": "https://schweinske.de/", "cuisine": "burger;escalope;german", "delivery": "no", "diet:vegan": "yes", "diet:vegetarian": "yes", "indoor": "room", "indoor_seating": "yes", "internet_access": "no", "level": "1", "name": "Schweinske", "opening_hours": "Mo-Su 06:00-23:00", "opening_hours:kitchen": "Mo-Su,PH 11:30-23:30", "operator": "S + S Wandelhallen Gastronomie GmbH", "outdoor_seating": "no", "payment:cash": "yes", "payment:credit_cards": "no", "payment:cryptocurrencies": "no", "payment:electronic_purses": "no", "payment:girocard": "yes", "phone": "+49 40 32901820", "reservation": "yes", "smoking": "no", "takeaway": "yes", "website": "https://schweinske.de/standorte/hauptbahnhof-wandelhalle", "website:menu": "https://schweinske.de/speisekarte", "wheelchair": "yes", "osm_id": 343467779, "osm_type": "way"}}, {"type": "Feature", "geometry": {"type": "LineString", "coordinates": [[10.0058294, 53.5533126], [10.0057867, 53.553291]]}, "properties": {"highway": "footway", "indoor": "yes", "level": "0", "lit": "yes", "surface": "metal", "osm_id": 343467782, "osm_type": "way"}}, {"type": "Feature", "geometry": {"type": "LineString", "coordinates": [[10.0065825, 53.5534415], [10.0065235, 53.5535056]]}, "properties": {"highway": "footway", "indoor": "yes", "level": "0", "surface": "paving_stones", "osm_id": 343467783, "osm_type": "way"}}, {"type": "Feature", "geometry": {"type": "LineString", "coordinates": [[10.0058294, 53.5533126], [10.0059502, 53.5533368]]}, "properties": {"conveying": "forward", "description": "Wandelhalle EG (West) / Wandelhalle 1.OG (West)", "highway": "steps", "incline": "up", "indoor": "yes", "level": "0;1", "lit": "yes", "ref": "621077078", "step_count": "26", "surface": "metal", "time": "22 sec", "width": "80 cm", "osm_id": 343467784, "osm_type": "way"}}, {"type": "Feature", "geometry": {"type": "LineString", "coordinates": [[10.006994, 53.5535572], [10.0069754, 53.5535532]]}, "properties": {"highway": "footway", "indoor": "yes", "level": "1", "surface": "metal", "osm_id": 343467785, "osm_type": "way"}}, {"type": "Feature", "geometry": {"type": "LineString", "coordinates": [[10.0059575, 53.5533245], [10.005981, 53.5533296]]}, "properties": {"highway": "footway", "indoor": "yes", "level": "1", "lit": "yes", "surface": "metal", "osm_id": 343467787, "osm_type": "way"}}, {"type": "Feature", "geometry": {"type": "LineString", "coordinates": [[10.0071635, 53.5535947], [10.0071209, 53.5535843]]}, "properties": {"highway": "footway", "indoor": "yes", "level": "0", "surface": "metal", "osm_id": 343467788, "osm_type": "way"}}, {"type": "Feature", "geometry": {"type": "LineString", "coordinates": [[10.0070019, 53.5535438], [10.0069832, 53.5535397]]}, "properties": {"highway": "footway", "indoor": "yes", "level": "1", "surface": "metal", "osm_id": 343467789, "osm_type": "way"}}, {"type": "Feature", "geometry": {"type": "LineString", "coordinates": [[10.00713, 53.5535712], [10.0071635, 53.5535947]]}, "properties": {"highway": "footway", "indoor": "yes", "level": "0", "surface": "paving_stones", "osm_id": 343467790, "osm_type": "way"}}, {"type": "Feature", "geometry": {"type": "LineString", "coordinates": [[10.0059502, 53.5533368], [10.0059734, 53.5533418]]}, "properties": {"highway": "footway", "indoor": "yes", "level": "1", "lit": "yes", "surface": "metal", "osm_id": 343467793, "osm_type": "way"}}, {"type": "Feature", "geometry": {"type": "LineString", "coordinates": [[10.00713, 53.5535712], [10.0070019, 53.5535438]]}, "properties": {"highway": "steps", "incline": "up", "indoor": "yes", "level": "0;1", "step_count": "25", "surface": "metal", "tactile_paving": "no", "osm_id": 343467794, "osm_type": "way"}}, {"type": "Feature", "geometry": {"type": "LineString", "coordinates": [[10.0064207, 53.5534074], [10.0063823, 53.5534718], [10.0063748, 53.5534852]]}, "properties": {"highway": "footway", "indoor": "yes", "level": "0", "surface": "paving_stones", "wheelchair": "yes", "osm_id": 343467795, "osm_type": "way"}}, {"type": "Feature", "geometry": {"type": "LineString", "coordinates": [[10.0071209, 53.5535843], [10.006994, 53.5535572]]}, "properties": {"conveying": "no", "description": "Wandelhalle EG (Ost) / Wandelhalle 1.OG (Ost)", "highway": "steps", "incline": "up", "indoor": "yes", "level": "0;1", "note": "momentan feststehend", "ref": "621077077", "step_count": "26", "surface": "metal", "tactile_paving": "no", "width": "80 cm", "osm_id": 343467796, "osm_type": "way"}}, {"type": "Feature", "geometry": {"type": "LineString", "coordinates": [[10.0064732, 53.5535815], [10.0065192, 53.5535272]]}, "properties": {"highway": "steps", "incline": "up", "indoor": "yes", "level": "-1;0", "surface": "paving_stones", "tactile_paving": "incorrect", "osm_id": 343467799, "osm_type": "way"}}, {"type": "Feature", "geometry": {"type": "LineString", "coordinates": [[10.0064991, 53.5535218], [10.0065235, 53.5535056]]}, "properties": {"highway": "footway", "indoor": "yes", "level": "0", "surface": "metal", "osm_id": 343467800, "osm_type": "way"}}, {"type": "Feature", "geometry": {"type": "Polygon", "coordinates": [[[10.0059454, 53.5533865], [10.0059734, 53.5533418], [10.005981, 53.5533296], [10.0060058, 53.553287], [10.0064985, 53.5533885], [10.0070092, 53.5534958], [10.0069832, 53.5535397], [10.0069754, 53.5535532], [10.0069513, 53.5535958], [10.00644, 53.553489], [10.0063796, 53.5534765], [10.0063514, 53.5534707], [10.0059454, 53.5533865]]]}, "properties": {"highway": "footway", "indoor": "yes", "level": "1", "surface": "paving_stones", "wheelchair": "yes", "osm_id": 343467802, "osm_type": "way"}}, {"type": "Feature", "geometry": {"type": "LineString", "coordinates": [[10.0057816, 53.5530531], [10.0059019, 53.5530779], [10.0059213, 53.5530819], [10.0059443, 53.5530866], [10.0059564, 53.5530891], [10.0061771, 53.5531345], [10.0062078, 53.5531409], [10.0062265, 53.5531448], [10.0062386, 53.5531472], [10.006274, 53.5531545], [10.006666, 53.5532351], [10.0066909, 53.5532402], [10.0067013, 53.5532424], [10.0067361, 53.5532496], [10.0069473, 53.553293], [10.0069558, 53.553295], [10.0069836, 53.5533005], [10.0070037, 53.5533046], [10.0070855, 53.5533214]]}, "properties": {"highway": "footway", "indoor": "yes", "level": "0", "lit": "yes", "name": "Nordsteg", "surface": "paving_stones", "tactile_paving": "yes", "wheelchair": "yes", "osm_id": 344257628, "osm_type": "way"}}, {"type": "Feature", "geometry": {"type": "LineString", "coordinates": [[10.0066909, 53.5532402], [10.0066625, 53.5532914]]}, "properties": {"highway": "footway", "indoor": "yes", "level": "0", "lit": "yes", "surface": "paving_stones", "wheelchair": "yes", "osm_id": 344257635, "osm_type": "way"}}, {"type": "Feature", "geometry": {"type": "LineString", "coordinates": [[10.007299, 53.5533653], [10.0072261, 53.5534886], [10.0071635, 53.5535947]]}, "properties": {"highway": "footway", "indoor": "yes", "level": "0", "surface": "paving_stones", "wheelchair": "yes", "osm_id": 344257663, "osm_type": "way"}}, {"type": "Feature", "geometry": {"type": "LineString", "coordinates": [[10.00644, 53.553489], [10.0064985, 53.5533885], [10.006583, 53.5532425], [10.0066787, 53.5532623], [10.0066625, 53.5532914]]}, "properties": {"highway": "footway", "indoor": "yes", "level": "1", "lit": "yes", "surface": "paving_stones", "wheelchair": "yes", "osm_id": 344415604, "osm_type": "way"}}, {"type": "Feature", "geometry": {"type": "LineString", "coordinates": [[10.005258, 53.5542307], [10.0054683, 53.5539582], [10.0055061, 53.553911], [10.0055108, 53.5539044], [10.0055221, 53.5538884], [10.0055277, 53.5538819], [10.0056088, 53.55376], [10.0056934, 53.5536333], [10.0057443, 53.5535566], [10.0058233, 53.5534378], [10.0059981, 53.5531312], [10.0060313, 53.5530638]]}, "properties": {"electrified": "contact_line", "frequency": "16.7", "gauge": "1435", "layer": "-1", "level": "-1", "operator": "DB Netz AG", "railway": "rail", "railway:pzb": "yes", "railway:track_ref": "13", "ref": "2200", "usage": "main", "voltage": "15000", "workrules": "DE:EBO", "osm_id": 355432105, "osm_type": "way"}}, {"type": "Feature", "geometry": {"type": "Polygon", "coordinates": [[[10.0072376, 53.5541435], [10.0073105, 53.5540337], [10.0073327, 53.5539937], [10.0071649, 53.5539599], [10.0071493, 53.5539852], [10.0066315, 53.5538723], [10.0066243, 53.5538843], [10.0066067, 53.553889], [10.0065837, 53.5538841], [10.0065764, 53.553875], [10.0059972, 53.5537426], [10.0059468, 53.5537311], [10.0059289, 53.5537365], [10.0058994, 53.5537299], [10.0058915, 53.5537196], [10.0059003, 53.5537037], [10.0053889, 53.5535967], [10.0053261, 53.5537446], [10.0054987, 53.5537841], [10.0060761, 53.5539099], [10.0061975, 53.5539364], [10.0068109, 53.5540707], [10.0068251, 53.5540541], [10.0069196, 53.5540746], [10.0072376, 53.5541435]]]}, "properties": {"area": "yes", "bridge:structure": "beam", "layer": "1", "level": "0", "man_made": "bridge", "osm_id": 370466212, "osm_type": "way"}}, {"type": "Feature", "geometry": {"type": "LineString", "coordinates": [[10.0056118, 53.5539227], [10.0052694, 53.5543361], [10.0049395, 53.5546969]]}, "properties": {"electrified": "contact_line", "frequency": "16.7", "gauge": "1435", "layer": "-1", "level": "-1", "operator": "DB Netz AG", "railway": "rail", "railway:pzb": "yes", "railway:track_ref": "12", "ref": "1250", "usage": "main", "voltage": "15000", "workrules": "DE:EBO", "osm_id": 374840520, "osm_type": "way"}}, {"type": "Feature", "geometry": {"type": "LineString", "coordinates": [[10.0029138, 53.5560783], [10.0031696, 53.5559873], [10.0033631, 53.5559083], [10.0037024, 53.555753]]}, "properties": {"electrified": "contact_line", "frequency": "16.7", "gauge": "1435", "level": "-1", "operator": "DB InfraGO AG", "railway": "rail", "railway:pzb": "yes", "usage": "main", "voltage": "15000", "workrules": "DE:EBO", "osm_id": 396258739, "osm_type": "way"}}, {"type": "Feature", "geometry": {"type": "LineString", "coordinates": [[10.0054479, 53.5547625], [10.0058975, 53.5545173], [10.0059654, 53.5544736], [10.0059729, 53.5544688]]}, "properties": {"electrified": "contact_line", "frequency": "16.7", "gauge": "1435", "layer": "-1", "level": "-1", "maxspeed": "40", "name": "Berlin-Hamburger Bahn", "operator": "DB InfraGO AG", "railway": "rail", "railway:pzb": "yes", "railway:track_ref": "5", "ref": "6100", "tracks": "1", "usage": "main", "voltage": "15000", "workrules": "DE:EBO", "osm_id": 403166874, "osm_type": "way"}}, {"type": "Feature", "geometry": {"type": "Polygon", "coordinates": [[[10.005095, 53.5539173], [10.0051098, 53.5539184], [10.0051254, 53.5539195], [10.0051291, 53.5539014], [10.0050987, 53.5538992], [10.005095, 53.5539173]]]}, "properties": {"access": "customers", "building": "yes", "description": "Straße/Bahnsteig U2, Richtung: Mümmelmannsberg", "highway": "elevator", "indoor": "room", "level": "-3;0", "manufacturer": "Hütter Aufzüge", "operator": "Hamburger Hochbahn AG", "ref": "1000963", "since": "2006", "tactile_writing": "yes", "wheelchair": "yes", "width": "2.2", "osm_id": 408843250, "osm_type": "way"}}, {"type": "Feature", "geometry": {"type": "Polygon", "coordinates": [[[10.0049456, 53.5542025], [10.0049915, 53.554205], [10.004993, 53.554195], [10.0049949, 53.5541824], [10.0049729, 53.5541812], [10.004949, 53.5541799], [10.0049456, 53.5542025]]]}, "properties": {"access": "customers", "building": "yes", "description": "Straße/Bahnsteig U2 und U4, Richtung: Niendorf Nord und HafenCity Universität", "highway": "elevator", "indoor": "room", "level": "-3;0", "manufacturer": "Hütter Aufzüge", "operator": "Hamburger Hochbahn AG", "ref": "1000964", "since": "2006", "wheelchair": "yes", "osm_id": 408843251, "osm_type": "way"}}, {"type": "Feature", "geometry": {"type": "LineString", "coordinates": [[10.0064529, 53.5535757], [10.0064144, 53.5536215]]}, "properties": {"highway": "footway", "indoor": "yes", "level": "-1", "surface": "metal", "osm_id": 408847487, "osm_type": "way"}}, {"type": "Feature", "geometry": {"type": "LineString", "coordinates": [[10.0064732, 53.5535815], [10.0064362, 53.5536272]]}, "properties": {"highway": "footway", "indoor": "yes", "level": "-1", "surface": "paving_stones", "osm_id": 408847488, "osm_type": "way"}}, {"type": "Feature", "geometry": {"type": "Polygon", "coordinates": [[[10.003359, 53.5538229], [10.0033643, 53.5538108], [10.0033698, 53.5537985], [10.0033755, 53.5537858], [10.0033804, 53.5537747], [10.0033349, 53.5537479], [10.0033184, 53.5537453], [10.0033014, 53.5537427], [10.0033116, 53.5537171], [10.0033267, 53.5536796], [10.0032785, 53.5536526], [10.0032693, 53.5536586], [10.0032496, 53.5536708], [10.00324, 53.5536769], [10.0032658, 53.5536911], [10.0032109, 53.55383], [10.0031949, 53.5538399], [10.0031839, 53.5538468], [10.0031619, 53.5538604], [10.003151, 53.5538675], [10.0032238, 53.5539073], [10.003359, 53.5538229]]]}, "properties": {"indoor": "area", "level": "-1", "osm_id": 408855541, "osm_type": "way"}}, {"type": "Feature", "geometry": {"type": "Polygon", "coordinates": [[[10.0049256, 53.5541482], [10.0049287, 53.5541319], [10.0049319, 53.5541151], [10.0049339, 53.5541046], [10.0049387, 53.5540795], [10.0069111, 53.5542112], [10.0069018, 53.5542692], [10.0069003, 53.5542784], [10.0068986, 53.5542888], [10.0068967, 53.554301], [10.0068951, 53.5543104], [10.0068122, 53.5543044], [10.0068235, 53.5542444], [10.0050061, 53.5541212], [10.005004, 53.5541327], [10.0049949, 53.5541824], [10.0049729, 53.5541812], [10.004949, 53.5541799], [10.0049366, 53.5541787], [10.0049377, 53.554173], [10.0049212, 53.5541719], [10.0049234, 53.5541599], [10.0049256, 53.5541482]]]}, "properties": {"access": "customers", "bench": "yes", "bin": "yes", "customers": "HVV", "indoor": "yes", "layer": "-3", "level": "-3", "lit": "yes", "name": "Hauptbahnhof-Nord", "passenger_information_display": "yes", "passenger_information_display:speech_output": "yes", "public_transport": "platform", "railway": "platform", "ref": "2", "ref:IFOPT": "de:02000:10905:2:109012", "shelter": "yes", "subway": "yes", "surface": "paved", "tactile_paving": "yes", "tunnel": "yes", "wheelchair": "yes", "osm_id": 408855544, "osm_type": "way"}}, {"type": "Feature", "geometry": {"type": "LineString", "coordinates": [[10.0050063, 53.5541796], [10.0049741, 53.5541766], [10.0049729, 53.5541812]]}, "properties": {"highway": "footway", "level": "0", "lit": "yes", "surface": "paving_stones", "osm_id": 408855545, "osm_type": "way"}}, {"type": "Feature", "geometry": {"type": "LineString", "coordinates": [[10.0030741, 53.5538243], [10.003151, 53.5538675], [10.0031619, 53.5538604], [10.0031839, 53.5538468], [10.0031949, 53.5538399], [10.003118, 53.5537968]]}, "properties": {"barrier": "fence", "level": "0", "osm_id": 409476646, "osm_type": "way"}}, {"type": "Feature", "geometry": {"type": "LineString", "coordinates": [[10.003163, 53.5536337], [10.00324, 53.5536769], [10.0032496, 53.5536708], [10.0032693, 53.5536586], [10.0032785, 53.5536526], [10.0032016, 53.5536095]]}, "properties": {"barrier": "fence", "level": "0", "osm_id": 409476647, "osm_type": "way"}}, {"type": "Feature", "geometry": {"type": "LineString", "coordinates": [[10.0031619, 53.5538604], [10.0030906, 53.5538209]]}, "properties": {"conveying": "forward", "description": "Zwischenebene (Richtung Georgsplatz) / Ausgang (Georgsplatz/Kunsthalle)", "highway": "steps", "incline": "up", "indoor": "yes", "level": "-1;0", "operator": "Hamburger Hochbahn AG", "ref": "135", "step_count": "26", "surface": "metal", "time": "22 sec", "width": "100 cm", "osm_id": 409476649, "osm_type": "way"}}, {"type": "Feature", "geometry": {"type": "LineString", "coordinates": [[10.0032496, 53.5536708], [10.003179, 53.5536319]]}, "properties": {"conveying": "forward", "description": "Zwischenebene (Richtung Georgsplatz) / Ausgang (Georgsplatz/Lilienstr.)", "highway": "steps", "incline": "up", "indoor": "yes", "level": "-1;0", "operator": "Hamburger Hochbahn AG", "ref": "136", "step_count": "28", "surface": "metal", "time": "23 sec", "width": "100 cm", "osm_id": 409476650, "osm_type": "way"}}, {"type": "Feature", "geometry": {"type": "LineString", "coordinates": [[10.0030952, 53.553798], [10.0031123, 53.5538074]]}, "properties": {"highway": "footway", "level": "0", "lit": "yes", "smoothness": "intermediate", "surface": "paving_stones", "osm_id": 409476651, "osm_type": "way"}}, {"type": "Feature", "geometry": {"type": "LineString", "coordinates": [[10.0032245, 53.5538693], [10.0031839, 53.5538468]]}, "properties": {"highway": "footway", "indoor": "yes", "layer": "-1", "level": "-1", "surface": "paving_stones", "tunnel": "yes", "osm_id": 409476652, "osm_type": "way"}}, {"type": "Feature", "geometry": {"type": "LineString", "coordinates": [[10.003148, 53.5536144], [10.003179, 53.5536319]]}, "properties": {"footway": "link", "highway": "footway", "level": "0", "lit": "yes", "surface": "paving_stones", "osm_id": 409476653, "osm_type": "way"}}, {"type": "Feature", "geometry": {"type": "LineString", "coordinates": [[10.0032693, 53.5536586], [10.0031979, 53.5536191]]}, "properties": {"highway": "steps", "incline": "up", "indoor": "yes", "level": "-1;0", "step_count": "30", "surface": "paving_stones", "tactile_paving": "partial", "osm_id": 409476654, "osm_type": "way"}}, {"type": "Feature", "geometry": {"type": "LineString", "coordinates": [[10.0032496, 53.5536708], [10.003294, 53.553696]]}, "properties": {"highway": "footway", "indoor": "yes", "layer": "-1", "level": "-1", "surface": "paving_stones", "tunnel": "yes", "osm_id": 409476655, "osm_type": "way"}}, {"type": "Feature", "geometry": {"type": "LineString", "coordinates": [[10.0068986, 53.5542888], [10.0069886, 53.5543046]]}, "properties": {"handrail": "yes", "highway": "steps", "incline": "up", "indoor": "yes", "level": "-3;-2", "step_count": "27", "tunnel": "yes", "osm_id": 409696995, "osm_type": "way"}}, {"type": "Feature", "geometry": {"type": "LineString", "coordinates": [[10.0050761, 53.5533743], [10.0051211, 53.553366]]}, "properties": {"highway": "footway", "indoor": "yes", "layer": "-1", "level": "-1", "lit": "yes", "surface": "paving_stones", "tunnel": "yes", "osm_id": 409696996, "osm_type": "way"}}, {"type": "Feature", "geometry": {"type": "LineString", "coordinates": [[10.0046629, 53.554018], [10.003604, 53.5538341], [10.0035468, 53.5538254]]}, "properties": {"highway": "footway", "indoor": "yes", "layer": "-2", "level": "-2", "surface": "paving_stones", "tunnel": "yes", "osm_id": 409696997, "osm_type": "way"}}, {"type": "Feature", "geometry": {"type": "LineString", "coordinates": [[10.0035468, 53.5538254], [10.0033698, 53.5537985]]}, "properties": {"conveying": "forward", "description": "Halle A / Zwischenebene (Richtung Georgsplatz)", "highway": "steps", "incline": "up", "indoor": "yes", "level": "-2;-1", "operator": "Hamburger Hochbahn AG", "ref": "138", "step_count": "39", "surface": "metal", "time": "32 sec", "tunnel": "yes", "width": "100 cm", "osm_id": 409696999, "osm_type": "way"}}, {"type": "Feature", "geometry": {"type": "LineString", "coordinates": [[10.0050558, 53.5539477], [10.0049278, 53.5539359]]}, "properties": {"handrail": "yes", "highway": "steps", "incline": "up", "indoor": "yes", "level": "-3;-2", "platform_lift": "no", "step:height": "0.16", "step_count": "26", "surface": "paving_stones", "tactile_paving": "incorrect", "tactile_writing": "no", "tunnel": "yes", "osm_id": 409697000, "osm_type": "way"}}, {"type": "Feature", "geometry": {"type": "LineString", "coordinates": [[10.0049287, 53.5541319], [10.0048005, 53.5541221]]}, "properties": {"highway": "steps", "incline": "up", "indoor": "yes", "level": "-3;-2", "step_count": "26", "surface": "paving_stones", "tactile_paving": "incorrect", "tunnel": "yes", "osm_id": 409697001, "osm_type": "way"}}, {"type": "Feature", "geometry": {"type": "LineString", "coordinates": [[10.0068967, 53.554301], [10.0069843, 53.5543157]]}, "properties": {"conveying": "backward", "description": "Zwischenebene / Bahnsteig 2 (U2/U4)", "handrail": "yes", "highway": "steps", "incline": "up", "indoor": "yes", "level": "-2;-3", "lit": "24/7", "operator": "Hamburger Hochbahn AG", "ref": "121", "step_count": "26", "time": "21 sec", "tunnel": "yes", "width": "100 cm", "osm_id": 409697003, "osm_type": "way"}}, {"type": "Feature", "geometry": {"type": "LineString", "coordinates": [[10.0051211, 53.553366], [10.0052534, 53.5533063]]}, "properties": {"conveying": "reversible", "description": "Zwischenebene (Richtung Spitalerstr.) / Ausgang (Spitalerstr./Wandelhalle)", "duration": "00:00:18", "handrail": "yes", "highway": "steps", "incline": "up", "indoor": "yes", "level": "-1;0", "lit": "yes", "ref": "65605782 400", "step_count": "22", "surface": "metal", "time": "17 sec", "width": "80 cm", "osm_id": 409697004, "osm_type": "way"}}, {"type": "Feature", "geometry": {"type": "LineString", "coordinates": [[10.0047307, 53.5541138], [10.0048046, 53.5541058]]}, "properties": {"highway": "footway", "indoor": "yes", "layer": "-2", "level": "-2", "surface": "paving_stones", "tunnel": "yes", "osm_id": 409697005, "osm_type": "way"}}, {"type": "Feature", "geometry": {"type": "LineString", "coordinates": [[10.0069003, 53.5542784], [10.0069931, 53.5542936]]}, "properties": {"conveying": "forward", "description": "Bahnsteig 2 (U2/U4) / Zwischenebene", "handrail": "yes", "highway": "steps", "incline": "up", "indoor": "yes", "level": "-3;-2", "lit": "24/7", "operator": "Hamburger Hochbahn AG", "ref": "122", "step_count": "26", "time": "21 sec", "tunnel": "yes", "width": "100 cm", "osm_id": 409697006, "osm_type": "way"}}, {"type": "Feature", "geometry": {"type": "LineString", "coordinates": [[10.003604, 53.5538341], [10.0035401, 53.5538383]]}, "properties": {"highway": "footway", "indoor": "yes", "layer": "-2", "level": "-2", "surface": "paving_stones", "tunnel": "yes", "osm_id": 409697007, "osm_type": "way"}}, {"type": "Feature", "geometry": {"type": "LineString", "coordinates": [[10.0035532, 53.5538131], [10.0033755, 53.5537858]]}, "properties": {"conveying": "backward", "description": "Zwischenebene (Richtung Georgsplatz) / Halle A", "highway": "steps", "incline": "up", "indoor": "yes", "level": "-1;-2", "operator": "Hamburger Hochbahn AG", "ref": "137", "step_count": "39", "surface": "metal", "time": "32 sec", "tunnel": "yes", "width": "100 cm", "osm_id": 409697009, "osm_type": "way"}}, {"type": "Feature", "geometry": {"type": "LineString", "coordinates": [[10.0050589, 53.5539322], [10.0049322, 53.553919]]}, "properties": {"conveying": "backward", "description": "Halle A / Bahnsteig 1 (U2/U4)", "duration": "00:00:22", "highway": "steps", "incline": "up", "indoor": "yes", "level": "-2;-3", "operator": "Hamburger Hochbahn AG", "ref": "132", "step_count": "25", "surface": "metal", "time": "20 sec", "tunnel": "yes", "width": "100 cm", "osm_id": 409697010, "osm_type": "way"}}, {"type": "Feature", "geometry": {"type": "LineString", "coordinates": [[10.0069931, 53.5542936], [10.0070642, 53.5543125]]}, "properties": {"access": "customers", "highway": "footway", "indoor": "yes", "layer": "-2", "level": "-2", "tunnel": "yes", "osm_id": 409697011, "osm_type": "way"}}, {"type": "Feature", "geometry": {"type": "LineString", "coordinates": [[10.0049319, 53.5541151], [10.0048046, 53.5541058]]}, "properties": {"conveying": "backward", "description": "Halle A / Bahnsteig 2 (U2/U4)", "highway": "steps", "incline": "up", "indoor": "yes", "level": "-2;-3", "operator": "Hamburger Hochbahn AG", "ref": "130", "step_count": "25", "surface": "metal", "time": "21 sec", "tunnel": "yes", "width": "100 cm", "osm_id": 409697012, "osm_type": "way"}}, {"type": "Feature", "geometry": {"type": "LineString", "coordinates": [[10.0035401, 53.5538383], [10.0033643, 53.5538108]]}, "properties": {"conveying": "no", "description": "Halle A / Zwischenebene (Richtung Georgsplatz)", "highway": "steps", "incline": "up", "indoor": "yes", "level": "-2;-1", "note": "feststehende Fahrtreppe", "operator": "Hamburger Hochbahn AG", "ref": "139", "step_count": "39", "surface": "metal", "tactile_paving": "no", "tunnel": "yes", "width": "100 cm", "osm_id": 409697014, "osm_type": "way"}}, {"type": "Feature", "geometry": {"type": "LineString", "coordinates": [[10.0050528, 53.5539629], [10.0049236, 53.5539517]]}, "properties": {"conveying": "forward", "description": "Bahnsteig 1 (U2/U4) / Halle A", "duration": "00:00:22", "highway": "steps", "incline": "up", "indoor": "yes", "level": "-3;-2", "operator": "Hamburger Hochbahn AG", "ref": "133", "step_count": "25", "surface": "metal", "time": "20 sec", "tunnel": "yes", "width": "100 cm", "osm_id": 409697016, "osm_type": "way"}}, {"type": "Feature", "geometry": {"type": "LineString", "coordinates": [[10.0047307, 53.5541138], [10.0048005, 53.5541221]]}, "properties": {"highway": "footway", "indoor": "yes", "layer": "-2", "level": "-2", "surface": "paving_stones", "tunnel": "yes", "osm_id": 409697017, "osm_type": "way"}}, {"type": "Feature", "geometry": {"type": "LineString", "coordinates": [[10.003604, 53.5538341], [10.0035532, 53.5538131]]}, "properties": {"highway": "footway", "indoor": "yes", "layer": "-2", "level": "-2", "surface": "paving_stones", "tunnel": "yes", "osm_id": 409697018, "osm_type": "way"}}, {"type": "Feature", "geometry": {"type": "LineString", "coordinates": [[10.0049256, 53.5541482], [10.0047965, 53.5541382]]}, "properties": {"conveying": "forward", "description": "Bahnsteig 2 (U2/U4) / Halle A", "highway": "steps", "incline": "up", "indoor": "yes", "level": "-3;-2", "operator": "Hamburger Hochbahn AG", "ref": "131", "step_count": "25", "surface": "metal", "time": "21 sec", "tunnel": "yes", "width": "100 cm", "osm_id": 409697019, "osm_type": "way"}}, {"type": "Feature", "geometry": {"type": "LineString", "coordinates": [[10.0033755, 53.5537858], [10.0033354, 53.553801], [10.0033643, 53.5538108]]}, "properties": {"highway": "footway", "indoor": "yes", "layer": "-1", "level": "-1", "surface": "metal", "tunnel": "yes", "osm_id": 409697022, "osm_type": "way"}}, {"type": "Feature", "geometry": {"type": "LineString", "coordinates": [[10.0069886, 53.5543046], [10.0070642, 53.5543125]]}, "properties": {"access": "customers", "highway": "footway", "indoor": "yes", "layer": "-2", "level": "-2", "tunnel": "yes", "osm_id": 409697024, "osm_type": "way"}}, {"type": "Feature", "geometry": {"type": "Polygon", "coordinates": [[[10.0049306, 53.5534498], [10.0048291, 53.5536211], [10.004849, 53.553625], [10.0048676, 53.5536286], [10.0048876, 53.5536325], [10.0049068, 53.5536362], [10.0050069, 53.5534657], [10.0049896, 53.5534621], [10.0049701, 53.553458], [10.004951, 53.553454], [10.0049306, 53.5534498]]]}, "properties": {"indoor": "corridor", "level": "-1;-2", "osm_id": 410232429, "osm_type": "way"}}, {"type": "Feature", "geometry": {"type": "LineString", "coordinates": [[10.0048676, 53.5536286], [10.0049701, 53.553458]]}, "properties": {"conveying": "forward", "description": "Halle A / Zwischenebene (Richtung Spitalerstr.)", "duration": "00:00:49", "highway": "steps", "incline": "up", "indoor": "yes", "level": "-2;-1", "operator": "Hamburger Hochbahn AG", "ref": "128", "step_count": "59", "time": "50 sec", "tunnel": "yes", "width": "100 cm", "osm_id": 410232430, "osm_type": "way"}}, {"type": "Feature", "geometry": {"type": "LineString", "coordinates": [[10.0048634, 53.5539287], [10.0049236, 53.5539517]]}, "properties": {"highway": "footway", "indoor": "yes", "layer": "-2", "level": "-2", "surface": "paving_stones", "tunnel": "yes", "osm_id": 410232431, "osm_type": "way"}}, {"type": "Feature", "geometry": {"type": "LineString", "coordinates": [[10.004849, 53.553625], [10.004951, 53.553454]]}, "properties": {"conveying": "forward", "description": "Halle A / Zwischenebene (Richtung Spitalerstr.)", "duration": "00:00:49", "highway": "steps", "incline": "up", "indoor": "yes", "level": "-2;-1", "operator": "Hamburger Hochbahn AG", "ref": "129", "step_count": "59", "time": "50 sec", "tunnel": "yes", "width": "100 cm", "osm_id": 410232432, "osm_type": "way"}}, {"type": "Feature", "geometry": {"type": "LineString", "coordinates": [[10.0048876, 53.5536325], [10.0049896, 53.5534621]]}, "properties": {"conveying": "backward", "description": "Zwischenebene (Richtung Spitalerstr.) / Halle A", "duration": "00:00:49", "highway": "steps", "incline": "up", "indoor": "yes", "level": "-1;-2", "operator": "Hamburger Hochbahn AG", "ref": "127", "step_count": "59", "time": "50 sec", "tunnel": "yes", "width": "100 cm", "osm_id": 410232433, "osm_type": "way"}}, {"type": "Feature", "geometry": {"type": "LineString", "coordinates": [[10.0048634, 53.5539287], [10.0049322, 53.553919]]}, "properties": {"highway": "footway", "indoor": "yes", "layer": "-2", "level": "-2", "surface": "paving_stones", "tunnel": "yes", "osm_id": 410232434, "osm_type": "way"}}, {"type": "Feature", "geometry": {"type": "LineString", "coordinates": [[10.0047145, 53.5539138], [10.0048634, 53.5539287], [10.0049278, 53.5539359]]}, "properties": {"highway": "footway", "indoor": "yes", "layer": "-2", "level": "-2", "surface": "paving_stones", "tunnel": "yes", "osm_id": 410232435, "osm_type": "way"}}, {"type": "Feature", "geometry": {"type": "LineString", "coordinates": [[10.004849, 53.553625], [10.004848, 53.5536603], [10.0048876, 53.5536325]]}, "properties": {"highway": "footway", "indoor": "yes", "layer": "-2", "level": "-2", "tunnel": "yes", "osm_id": 410232436, "osm_type": "way"}}, {"type": "Feature", "geometry": {"type": "LineString", "coordinates": [[10.0049896, 53.5534621], [10.0049912, 53.5534226]]}, "properties": {"highway": "footway", "indoor": "yes", "layer": "-1", "level": "-1", "tunnel": "yes", "osm_id": 410232437, "osm_type": "way"}}, {"type": "Feature", "geometry": {"type": "Polygon", "coordinates": [[[10.0071234, 53.554002], [10.0069891, 53.5539718], [10.0069661, 53.5540079], [10.0071004, 53.5540381], [10.0071234, 53.554002]]]}, "properties": {"access": "permissive", "amenity": "parking", "fee": "no", "level": "0", "name": "DB", "parking": "surface", "surface": "asphalt", "wheelchair": "yes", "osm_id": 412020967, "osm_type": "way"}}, {"type": "Feature", "geometry": {"type": "LineString", "coordinates": [[10.0070325, 53.5541446], [10.0070358, 53.5541274], [10.0070477, 53.5541115], [10.0070985, 53.5540955]]}, "properties": {"highway": "footway", "indoor": "yes", "level": "-3", "tunnel": "yes", "osm_id": 413291906, "osm_type": "way"}}, {"type": "Feature", "geometry": {"type": "LineString", "coordinates": [[10.0036541, 53.5556802], [10.003828, 53.5555455], [10.0042735, 53.555178]]}, "properties": {"electrified": "contact_line", "frequency": "16.7", "gauge": "1435", "level": "-1", "operator": "DB Netz AG", "railway": "rail", "railway:pzb": "yes", "service": "crossover", "source": "Bing", "voltage": "15000", "workrules": "DE:EBO", "osm_id": 414801418, "osm_type": "way"}}, {"type": "Feature", "geometry": {"type": "LineString", "coordinates": [[10.0042735, 53.555178], [10.0044684, 53.5550493], [10.0045783, 53.5549771], [10.0047763, 53.5548424]]}, "properties": {"electrified": "contact_line", "frequency": "16.7", "gauge": "1435", "level": "-1", "operator": "DB Netz AG", "railway": "rail", "railway:pzb": "yes", "ref": "1250", "source": "Bing", "usage": "main", "voltage": "15000", "workrules": "DE:EBO", "osm_id": 414801419, "osm_type": "way"}}, {"type": "Feature", "geometry": {"type": "LineString", "coordinates": [[10.0047564, 53.5547654], [10.0048298, 53.5546898], [10.0048473, 53.5546684], [10.0049676, 53.5545528]]}, "properties": {"electrified": "contact_line", "frequency": "16.7", "gauge": "1435", "level": "-1", "operator": "DB Netz AG", "railway": "rail", "railway:pzb": "yes", "ref": "2200", "usage": "main", "voltage": "15000", "workrules": "DE:EBO", "osm_id": 414881284, "osm_type": "way"}}, {"type": "Feature", "geometry": {"type": "LineString", "coordinates": [[10.0034938, 53.5556188], [10.0035133, 53.555606], [10.0039104, 53.555344], [10.0040917, 53.5552279], [10.0041703, 53.5551748]]}, "properties": {"electrified": "contact_line", "frequency": "16.7", "gauge": "1435", "level": "-1", "operator": "DB Netz AG", "railway": "rail", "railway:pzb": "yes", "ref": "2200", "usage": "main", "voltage": "15000", "workrules": "DE:EBO", "osm_id": 414881285, "osm_type": "way"}}, {"type": "Feature", "geometry": {"type": "LineString", "coordinates": [[10.0051633, 53.5543534], [10.005258, 53.5542307]]}, "properties": {"electrified": "contact_line", "frequency": "16.7", "gauge": "1435", "layer": "-1", "level": "-1", "operator": "DB Netz AG", "railway": "rail", "railway:pzb": "yes", "railway:track_ref": "13", "ref": "2200", "usage": "main", "voltage": "15000", "workrules": "DE:EBO", "osm_id": 415383438, "osm_type": "way"}}, {"type": "Feature", "geometry": {"type": "LineString", "coordinates": [[10.0051511, 53.5539279], [10.0051085, 53.5539238], [10.0051098, 53.5539184]]}, "properties": {"highway": "footway", "level": "0", "lit": "yes", "surface": "paving_stones", "osm_id": 437425430, "osm_type": "way"}}, {"type": "Feature", "geometry": {"type": "LineString", "coordinates": [[10.0058377, 53.5549379], [10.0059484, 53.5548553]]}, "properties": {"commuting": "yes", "electrified": "rail", "frequency": "0", "gauge": "1435", "level": "-1", "maxspeed": "60", "network": "Hamburger Verkehrsverbund", "operator": "S-Bahn Hamburg GmbH", "operator:wikidata": "Q99869216", "railway": "light_rail", "railway:ballastless": "no", "railway:bidirectional": "regular", "railway:preferred_direction": "forward", "railway:pzb": "yes", "railway:tilting": "no", "railway:traffic_mode": "passenger", "ref": "1240", "source:maxspeed": "Sv1 an vorstehenden Signalen, deshalb wahrscheinlich 60 in Verlängerung der Verbindungsbahn", "usage": "main", "voltage": "1200", "osm_id": 446491978, "osm_type": "way"}}, {"type": "Feature", "geometry": {"type": "LineString", "coordinates": [[10.0040767, 53.5554648], [10.0040195, 53.5555033], [10.0039776, 53.5555315], [10.0038544, 53.5556072], [10.0038409, 53.5556146], [10.003797, 53.5556387], [10.0036046, 53.5557441], [10.0033055, 53.5558942]]}, "properties": {"electrified": "contact_line", "frequency": "16.7", "gauge": "1435", "level": "-1", "name": "Berlin-Hamburger Bahn", "operator": "DB InfraGO AG", "railway": "rail", "railway:pzb": "yes", "railway:track_ref": "8", "ref": "6100", "usage": "main", "voltage": "15000", "workrules": "DE:EBO", "osm_id": 456091152, "osm_type": "way"}}, {"type": "Feature", "geometry": {"type": "LineString", "coordinates": [[10.0039585, 53.555615], [10.0041812, 53.5554749], [10.0042095, 53.5554571]]}, "properties": {"electrified": "contact_line", "frequency": "16.7", "gauge": "1435", "int_name": "Vogelfluglinie", "level": "-1", "name": "Lübeck-Hamburger Bahn", "operator": "DB InfraGO AG", "railway": "rail", "railway:pzb": "yes", "railway:track_ref": "7", "ref": "1120", "usage": "main", "voltage": "15000", "workrules": "DE:EBO", "osm_id": 456092656, "osm_type": "way"}}, {"type": "Feature", "geometry": {"type": "LineString", "coordinates": [[10.0046396, 53.5552287], [10.0042782, 53.5554727], [10.0041062, 53.5555825], [10.00396, 53.5556712]]}, "properties": {"electrified": "contact_line", "frequency": "16.7", "gauge": "1435", "int_name": "Vogelfluglinie", "level": "-1", "name": "Lübeck-Hamburger Bahn", "operator": "DB InfraGO AG", "railway": "rail", "railway:pzb": "yes", "ref": "1120", "source": "Bing", "usage": "main", "voltage": "15000", "workrules": "DE:EBO", "osm_id": 456092657, "osm_type": "way"}}, {"type": "Feature", "geometry": {"type": "LineString", "coordinates": [[10.0037024, 53.555753], [10.0038648, 53.5556655], [10.0039307, 53.55563], [10.0039585, 53.555615]]}, "properties": {"electrified": "contact_line", "frequency": "16.7", "gauge": "1435", "int_name": "Vogelfluglinie", "level": "-1", "name": "Lübeck-Hamburger Bahn", "operator": "DB InfraGO AG", "railway": "rail", "railway:pzb": "yes", "ref": "1120", "usage": "main", "voltage": "15000", "workrules": "DE:EBO", "osm_id": 456092658, "osm_type": "way"}}, {"type": "Feature", "geometry": {"type": "Polygon", "coordinates": [[[10.005305, 53.5533586], [10.0052602, 53.5533241], [10.0051339, 53.5533819], [10.0050902, 53.5533483], [10.0050238, 53.5533787], [10.0051123, 53.5534468], [10.005305, 53.5533586]]]}, "properties": {"amenity": "bicycle_parking", "bicycle_parking": "stands", "capacity": "60", "covered": "yes", "level": "0", "note": "Ca. die Hälfte ist überdacht.; Auf Luftbildern ist hier noch ein Teil des Taxi-Standes zu sehen, Bereich wurde aber neu gemacht.", "osm_id": 462915191, "osm_type": "way"}}, {"type": "Feature", "geometry": {"type": "LineString", "coordinates": [[10.005378, 53.5543182], [10.0054029, 53.5542906], [10.0056493, 53.5540214], [10.005748, 53.5539113], [10.005753, 53.5539051], [10.0057571, 53.5539001], [10.0057628, 53.5538932], [10.0058933, 53.5537379], [10.0059293, 53.553695], [10.0059838, 53.5536146], [10.0060614, 53.5535002], [10.0062796, 53.553191], [10.0062922, 53.5531736], [10.0064517, 53.5528963]]}, "properties": {"electrified": "contact_line", "frequency": "16.7", "gauge": "1435", "layer": "-1", "level": "-1", "operator": "DB Netz AG", "railway": "rail", "railway:pzb": "yes", "railway:track_ref": "11", "ref": "1250", "usage": "main", "voltage": "15000", "workrules": "DE:EBO", "osm_id": 463896642, "osm_type": "way"}}, {"type": "Feature", "geometry": {"type": "LineString", "coordinates": [[10.0065058, 53.5536455], [10.0064362, 53.5536272], [10.0064144, 53.5536215], [10.0063612, 53.5536074]]}, "properties": {"highway": "footway", "indoor": "yes", "level": "-1", "surface": "paving_stones", "osm_id": 477521957, "osm_type": "way"}}, {"type": "Feature", "geometry": {"type": "LineString", "coordinates": [[10.0047763, 53.5548424], [10.004859, 53.5547671], [10.0049395, 53.5546969]]}, "properties": {"electrified": "contact_line", "frequency": "16.7", "gauge": "1435", "level": "-1", "operator": "DB Netz AG", "railway": "rail", "railway:pzb": "yes", "ref": "1250", "usage": "main", "voltage": "15000", "workrules": "DE:EBO", "osm_id": 507874086, "osm_type": "way"}}, {"type": "Feature", "geometry": {"type": "LineString", "coordinates": [[10.0065463, 53.5545078], [10.0062396, 53.5547717], [10.0060782, 53.5548982]]}, "properties": {"commuting": "yes", "electrified": "rail", "frequency": "0", "gauge": "1435", "layer": "-1", "level": "-1", "network": "HVV", "operator": "S-Bahn Hamburg GmbH", "operator:wikidata": "Q99869216", "railway": "light_rail", "railway:ballastless": "no", "railway:pzb": "yes", "railway:traffic_mode": "passenger", "service": "crossover", "tunnel": "yes", "voltage": "1200", "osm_id": 507874087, "osm_type": "way"}}, {"type": "Feature", "geometry": {"type": "LineString", "coordinates": [[10.0058062, 53.5551018], [10.0060143, 53.5549498], [10.0060782, 53.5548982]]}, "properties": {"commuting": "yes", "electrified": "rail", "frequency": "0", "gauge": "1435", "level": "-1", "network": "HVV", "operator": "S-Bahn Hamburg GmbH", "operator:wikidata": "Q99869216", "railway": "light_rail", "railway:ballastless": "no", "railway:pzb": "yes", "railway:traffic_mode": "passenger", "service": "crossover", "voltage": "1200", "osm_id": 507874088, "osm_type": "way"}}, {"type": "Feature", "geometry": {"type": "LineString", "coordinates": [[10.0059484, 53.5548553], [10.0063223, 53.5545658]]}, "properties": {"commuting": "yes", "electrified": "rail", "frequency": "0", "gauge": "1435", "layer": "-1", "level": "-1", "maxspeed": "60", "network": "Hamburger Verkehrsverbund", "operator": "S-Bahn Hamburg GmbH", "operator:wikidata": "Q99869216", "railway": "light_rail", "railway:ballastless": "no", "railway:bidirectional": "regular", "railway:preferred_direction": "forward", "railway:pzb": "yes", "railway:tilting": "no", "railway:traffic_mode": "passenger", "ref": "1240", "source:maxspeed": "Sv1 an vorstehenden Signalen, deshalb wahrscheinlich 60 in Verlängerung der Verbindungsbahn", "tunnel": "yes", "usage": "main", "voltage": "1200", "osm_id": 507874089, "osm_type": "way"}}, {"type": "Feature", "geometry": {"type": "LineString", "coordinates": [[10.0070254, 53.5536735], [10.007037, 53.5536564], [10.007061, 53.5536107]]}, "properties": {"commuting": "yes", "electrified": "rail", "frequency": "0", "gauge": "1435", "highspeed": "no", "layer": "-1", "level": "-1", "name": "Verbindungsbahn", "network": "Hamburger Verkehrsverbund", "operator": "S-Bahn Hamburg GmbH", "operator:wikidata": "Q99869216", "rack": "no", "railway": "light_rail", "railway:ballastless": "no", "railway:bidirectional": "regular", "railway:etcs": "no", "railway:gnt": "no", "railway:lzb": "no", "railway:preferred_direction": "forward", "railway:pzb": "yes", "railway:radio": "gsm-r", "railway:tilting": "no", "railway:traffic_mode": "passenger", "ref": "1244", "usage": "main", "voltage": "1200", "osm_id": 507874090, "osm_type": "way"}}, {"type": "Feature", "geometry": {"type": "LineString", "coordinates": [[10.0035075, 53.5537897], [10.0035341, 53.5537737]]}, "properties": {"highway": "footway", "level": "0", "lit": "yes", "smoothness": "intermediate", "surface": "paving_stones", "osm_id": 543550490, "osm_type": "way"}}, {"type": "Feature", "geometry": {"type": "LineString", "coordinates": [[10.003148, 53.5536144], [10.0031682, 53.5536021], [10.0031945, 53.5535859]]}, "properties": {"footway": "link", "highway": "footway", "level": "0", "lit": "yes", "surface": "paving_stones", "osm_id": 543550492, "osm_type": "way"}}, {"type": "Feature", "geometry": {"type": "LineString", "coordinates": [[10.0071153, 53.5536871], [10.0072297, 53.55356]]}, "properties": {"commuting": "yes", "electrified": "rail", "frequency": "0", "gauge": "1435", "highspeed": "no", "layer": "-1", "level": "-1", "maxspeed": "60", "network": "HVV", "operator": "S-Bahn Hamburg GmbH", "operator:wikidata": "Q99869216", "rack": "no", "railway": "light_rail", "railway:ballastless": "no", "railway:bidirectional": "regular", "railway:etcs": "no", "railway:gnt": "no", "railway:lzb": "no", "railway:preferred_direction": "forward", "railway:pzb": "yes", "railway:tilting": "no", "railway:track_ref": "3", "railway:traffic_mode": "passenger", "service": "crossover", "source:maxspeed": "Sv1 an vorstehenden Signalen, deshalb wahrscheinlich 60 in Verlängerung der Verbindungsbahn", "voltage": "1200", "osm_id": 642004108, "osm_type": "way"}}, {"type": "Feature", "geometry": {"type": "LineString", "coordinates": [[10.0051229, 53.5547962], [10.0051434, 53.5547798], [10.0051696, 53.5547595], [10.0055803, 53.5544493], [10.0056882, 53.5543733], [10.0057168, 53.5543532]]}, "properties": {"electrified": "contact_line", "frequency": "16.7", "gauge": "1435", "int_name": "Vogelfluglinie", "layer": "-1", "level": "-1", "name": "Lübeck-Hamburger Bahn", "operator": "DB InfraGO AG", "railway": "rail", "railway:pzb": "yes", "railway:track_ref": "7", "ref": "1120", "usage": "main", "voltage": "15000", "workrules": "DE:EBO", "osm_id": 648296069, "osm_type": "way"}}, {"type": "Feature", "geometry": {"type": "LineString", "coordinates": [[10.0062608, 53.552861], [10.0061381, 53.553087], [10.0060995, 53.5531525], [10.0058553, 53.5535714], [10.0057885, 53.5536861], [10.0057278, 53.5537747], [10.0057035, 53.5538102], [10.0056946, 53.5538215], [10.0056579, 53.553866], [10.0056118, 53.5539227]]}, "properties": {"electrified": "contact_line", "frequency": "16.7", "gauge": "1435", "layer": "-1", "level": "-1", "operator": "DB Netz AG", "railway": "rail", "railway:pzb": "yes", "railway:track_ref": "12", "ref": "1250", "usage": "main", "voltage": "15000", "osm_id": 653947845, "osm_type": "way"}}, {"type": "Feature", "geometry": {"type": "LineString", "coordinates": [[10.0065463, 53.5545078], [10.0063488, 53.5546568], [10.0062118, 53.5547575], [10.0060199, 53.5548792]]}, "properties": {"commuting": "yes", "electrified": "rail", "frequency": "0", "gauge": "1435", "highspeed": "no", "layer": "-1", "level": "-1", "name": "Verbindungsbahn", "network": "Hamburger Verkehrsverbund", "operator": "S-Bahn Hamburg GmbH", "operator:wikidata": "Q99869216", "rack": "no", "railway": "light_rail", "railway:ballastless": "no", "railway:bidirectional": "regular", "railway:etcs": "no", "railway:gnt": "no", "railway:lzb": "no", "railway:preferred_direction": "forward", "railway:pzb": "yes", "railway:tilting": "no", "railway:track_ref": "2", "railway:traffic_mode": "passenger", "ref": "1240", "tunnel": "yes", "usage": "main", "voltage": "1200", "osm_id": 708153748, "osm_type": "way"}}, {"type": "Feature", "geometry": {"type": "LineString", "coordinates": [[10.0073274, 53.5534163], [10.0072501, 53.5535632], [10.0071617, 53.5537347], [10.0070716, 53.553885], [10.0069544, 53.5540567], [10.0065463, 53.5545078]]}, "properties": {"commuting": "yes", "electrified": "rail", "frequency": "0", "gauge": "1435", "layer": "-1", "level": "-1", "network": "HVV", "operator": "S-Bahn Hamburg GmbH", "operator:wikidata": "Q99869216", "railway": "light_rail", "railway:ballastless": "no", "railway:pzb": "yes", "railway:traffic_mode": "passenger", "service": "crossover", "tunnel": "yes", "voltage": "1200", "osm_id": 708153749, "osm_type": "way"}}, {"type": "Feature", "geometry": {"type": "LineString", "coordinates": [[10.0059119, 53.5548412], [10.0063223, 53.5545658]]}, "properties": {"commuting": "yes", "electrified": "rail", "frequency": "0", "gauge": "1435", "layer": "-1", "level": "-1", "network": "HVV", "operator": "S-Bahn Hamburg GmbH", "operator:wikidata": "Q99869216", "railway": "light_rail", "railway:ballastless": "no", "railway:bidirectional": "regular", "railway:pzb": "yes", "railway:traffic_mode": "passenger", "service": "crossover", "tunnel": "yes", "voltage": "1200", "osm_id": 708153750, "osm_type": "way"}}, {"type": "Feature", "geometry": {"type": "Polygon", "coordinates": [[[10.0057069, 53.5530193], [10.0056867, 53.5530154], [10.005733, 53.5529304], [10.0057531, 53.5529343], [10.0057069, 53.5530193]]]}, "properties": {"amenity": "bicycle_parking", "bicycle_parking": "stands", "capacity": "16", "check_date:capacity": "2022-07-31", "covered": "no", "fee": "no", "level": "0", "supervised": "no", "osm_id": 719060398, "osm_type": "way"}}, {"type": "Feature", "geometry": {"type": "LineString", "coordinates": [[10.0072261, 53.5534886], [10.0073217, 53.5535106]]}, "properties": {"highway": "footway", "indoor": "yes", "level": "0", "surface": "paving_stones", "wheelchair": "yes", "osm_id": 733736657, "osm_type": "way"}}, {"type": "Feature", "geometry": {"type": "LineString", "coordinates": [[10.0063823, 53.5534718], [10.0064034, 53.5534912]]}, "properties": {"highway": "footway", "indoor": "yes", "level": "0", "surface": "paving_stones", "wheelchair": "yes", "osm_id": 733736658, "osm_type": "way"}}, {"type": "Feature", "geometry": {"type": "LineString", "coordinates": [[10.0068885, 53.553506], [10.0070037, 53.5533046]]}, "properties": {"highway": "footway", "indoor": "yes", "level": "0", "lit": "yes", "surface": "paving_stones", "wheelchair": "yes", "osm_id": 733736659, "osm_type": "way"}}, {"type": "Feature", "geometry": {"type": "LineString", "coordinates": [[10.0066243, 53.5534503], [10.0067361, 53.5532496]]}, "properties": {"highway": "footway", "indoor": "yes", "level": "0", "lit": "yes", "surface": "paving_stones", "wheelchair": "yes", "osm_id": 733736660, "osm_type": "way"}}, {"type": "Feature", "geometry": {"type": "LineString", "coordinates": [[10.0061625, 53.5533529], [10.006274, 53.5531545]]}, "properties": {"highway": "footway", "indoor": "yes", "level": "0", "surface": "paving_stones", "wheelchair": "yes", "osm_id": 733736661, "osm_type": "way"}}, {"type": "Feature", "geometry": {"type": "LineString", "coordinates": [[10.0069836, 53.5533005], [10.0069898, 53.5532907]]}, "properties": {"highway": "footway", "indoor": "yes", "level": "0", "lit": "yes", "surface": "metal", "osm_id": 733736665, "osm_type": "way"}}, {"type": "Feature", "geometry": {"type": "LineString", "coordinates": [[10.0067013, 53.5532424], [10.0067072, 53.5532319]]}, "properties": {"highway": "footway", "indoor": "yes", "level": "0", "lit": "yes", "surface": "metal", "osm_id": 733736666, "osm_type": "way"}}, {"type": "Feature", "geometry": {"type": "LineString", "coordinates": [[10.0062265, 53.5531448], [10.0061986, 53.5531956]]}, "properties": {"highway": "footway", "indoor": "yes", "level": "0", "surface": "paving_stones", "osm_id": 733736667, "osm_type": "way"}}, {"type": "Feature", "geometry": {"type": "LineString", "coordinates": [[10.0059564, 53.5530891], [10.005963, 53.5530776]]}, "properties": {"highway": "footway", "indoor": "yes", "level": "0", "lit": "yes", "surface": "metal", "osm_id": 733736668, "osm_type": "way"}}, {"type": "Feature", "geometry": {"type": "LineString", "coordinates": [[10.0057867, 53.553291], [10.0059019, 53.5530779]]}, "properties": {"highway": "footway", "indoor": "yes", "level": "0", "surface": "paving_stones", "tactile_paving": "yes", "wheelchair": "yes", "osm_id": 733736669, "osm_type": "way"}}, {"type": "Feature", "geometry": {"type": "LineString", "coordinates": [[10.0062386, 53.5531472], [10.0062443, 53.5531358]]}, "properties": {"highway": "footway", "indoor": "yes", "level": "0", "surface": "metal", "osm_id": 733736670, "osm_type": "way"}}, {"type": "Feature", "geometry": {"type": "LineString", "coordinates": [[10.0059443, 53.5530866], [10.0059175, 53.5531372]]}, "properties": {"highway": "footway", "indoor": "yes", "level": "0", "surface": "paving_stones", "tactile_paving": "yes", "osm_id": 733736671, "osm_type": "way"}}, {"type": "Feature", "geometry": {"type": "Polygon", "coordinates": [[[10.0066616, 53.553429], [10.0067914, 53.5534559], [10.0068722, 53.5534727], [10.0069032, 53.5534201], [10.0069323, 53.5533707], [10.0069453, 53.5533486], [10.0069273, 53.5533449], [10.0069096, 53.5533412], [10.0069199, 53.5533238], [10.0068259, 53.5533042], [10.0068213, 53.5533032], [10.0068169, 53.5533023], [10.0067451, 53.5532873], [10.0067277, 53.5533169], [10.0066926, 53.5533764], [10.0066616, 53.553429]]]}, "properties": {"osm_id": 733736672, "osm_type": "way"}}, {"type": "Feature", "geometry": {"type": "LineString", "coordinates": [[10.0072866, 53.5532193], [10.00729, 53.553213], [10.0072979, 53.5531986], [10.0073031, 53.5531897], [10.0073082, 53.5531811], [10.0073325, 53.5531771], [10.0073454, 53.5531573], [10.0073348, 53.5531429], [10.0073411, 53.553131]]}, "properties": {"indoor": "wall", "level": "0", "osm_id": 733736673, "osm_type": "way"}}, {"type": "Feature", "geometry": {"type": "Polygon", "coordinates": [[[10.0057445, 53.5530676], [10.0057469, 53.5530629], [10.0057498, 53.553058], [10.0057212, 53.5530523], [10.0057268, 53.5530422], [10.0057333, 53.5530306], [10.0057082, 53.5530257], [10.005681, 53.5530198], [10.0056642, 53.553023], [10.0056611, 53.5530289], [10.0056496, 53.5530519], [10.0056591, 53.5530601], [10.0057248, 53.5530731], [10.0057296, 53.5530646], [10.0057445, 53.5530676]]]}, "properties": {"indoor": "room", "level": "0", "osm_id": 733736674, "osm_type": "way"}}, {"type": "Feature", "geometry": {"type": "Polygon", "coordinates": [[[10.0065222, 53.5533998], [10.0066106, 53.5534179], [10.0066687, 53.5533177], [10.0066319, 53.5533101], [10.0066449, 53.5532878], [10.0066547, 53.553271], [10.0066034, 53.5532604], [10.0065222, 53.5533998]]]}, "properties": {"alt_name": "I Love Hamburg", "contact:email": "moin@welovehamburg.de", "contact:facebook": "https://www.facebook.com/we.love.Hamburg", "contact:mobile": "+49 172 53 09 187", "contact:phone": "+49 40 756 817 83", "contact:website": "https://welovehamburg.de", "indoor": "room", "level": "0", "name": "I♥Hamburg", "opening_hours": "Mo-Su 08:00-21:00", "payment:credit_cards": "yes", "payment:debit_cards": "yes", "shop": "gift", "wheelchair": "limited", "osm_id": 733736675, "osm_type": "way"}}, {"type": "Feature", "geometry": {"type": "Polygon", "coordinates": [[[10.0060629, 53.5532084], [10.0060251, 53.5532008], [10.0060352, 53.5531827], [10.0060539, 53.5531497], [10.006067, 53.5531525], [10.006084, 53.5531559], [10.0060919, 53.5531573], [10.0060629, 53.5532084]]]}, "properties": {"indoor": "room", "level": "0", "osm_id": 733736676, "osm_type": "way"}}, {"type": "Feature", "geometry": {"type": "Polygon", "coordinates": [[[10.0072866, 53.5532193], [10.0071959, 53.5532015], [10.0071309, 53.5533201], [10.0071434, 53.5533226], [10.00716, 53.5533261], [10.0072107, 53.5533366], [10.0072759, 53.5533209], [10.0073136, 53.5532576], [10.0072866, 53.5532193]]]}, "properties": {"brand": "Relay", "brand:wikidata": "Q3424298", "check_date:opening_hours": "2026-06-25", "indoor": "room", "level": "0", "name": "Relay", "opening_hours:signed": "no", "room": "shop", "shop": "newsagent", "osm_id": 733736677, "osm_type": "way"}}, {"type": "Feature", "geometry": {"type": "LineString", "coordinates": [[10.0064034, 53.5534912], [10.006393, 53.5535101], [10.0063712, 53.5535161], [10.0063438, 53.5535108], [10.0063348, 53.5534993], [10.0063462, 53.5534792]]}, "properties": {"highway": "steps", "incline": "up", "indoor": "yes", "level": "0;1", "surface": "paving_stones", "tactile_paving": "no", "osm_id": 733736679, "osm_type": "way"}}, {"type": "Feature", "geometry": {"type": "Polygon", "coordinates": [[[10.0069286, 53.5534847], [10.0069788, 53.5534952], [10.0069931, 53.5534713], [10.0071223, 53.5534981], [10.0071707, 53.5534842], [10.0071942, 53.5534455], [10.0072168, 53.5534095], [10.0071893, 53.5533771], [10.0070908, 53.5533573], [10.0070771, 53.5533545], [10.0070701, 53.5533531], [10.0070624, 53.5533515], [10.0070135, 53.5533414], [10.006984, 53.5533919], [10.0069789, 53.5534005], [10.0069286, 53.5534847]]]}, "properties": {"osm_id": 733736680, "osm_type": "way"}}, {"type": "Feature", "geometry": {"type": "Polygon", "coordinates": [[[10.0058213, 53.5531654], [10.0058245, 53.5531598], [10.0058279, 53.5531536], [10.0058316, 53.5531471], [10.0058359, 53.5531394], [10.0058479, 53.553118], [10.0058329, 53.5531151], [10.0058385, 53.553105], [10.0058481, 53.5530881], [10.0057599, 53.5530706], [10.0057532, 53.5530693], [10.0057445, 53.5530676], [10.0057296, 53.5530646], [10.0057248, 53.5530731], [10.0056591, 53.5530601], [10.0056222, 53.553126], [10.0057048, 53.5531423], [10.0057395, 53.5531492], [10.0057655, 53.5531543], [10.0058213, 53.5531654]]]}, "properties": {"amenity": "luggage_locker", "indoor": "room", "level": "0", "operator": "DB", "osm_id": 733736681, "osm_type": "way"}}, {"type": "Feature", "geometry": {"type": "Polygon", "coordinates": [[[10.0066449, 53.5532878], [10.0066625, 53.5532914], [10.0066818, 53.5532953], [10.0066687, 53.5533177], [10.0066319, 53.5533101], [10.0066449, 53.5532878]]]}, "properties": {"description": "Wandelhalle/Bahnsteig Gleis 7+8", "highway": "elevator", "indoor": "room", "level": "-1;0;1", "name": "Aufzug zu Gleis 7/8 Abschnitt E", "operator": "DB Station&Service AG", "ref:operator_inventory": "10028028", "source": "http://data.deutschebahn.com/dataset/aufzug/", "wheelchair": "yes", "osm_id": 733736682, "osm_type": "way"}}, {"type": "Feature", "geometry": {"type": "Polygon", "coordinates": [[[10.0061556, 53.55317], [10.0061878, 53.5531764], [10.0061792, 53.5531917], [10.0061719, 53.5532047], [10.0061396, 53.5531982], [10.0061556, 53.55317]]]}, "properties": {"amenity": "fast_food", "check_date:opening_hours": "2026-05-28", "cuisine": "german", "diet:gluten_free": "yes", "diet:vegetarian": "no", "indoor": "room", "indoor_seating": "no", "level": "0", "name": "Fritts & Drinks", "opening_hours": "Mo-Su 11:00-20:00", "opening_hours:signed": "no", "outdoor_seating": "no", "phone": "+49 40 320048206", "takeaway": "only", "wheelchair": "yes", "osm_id": 733736683, "osm_type": "way"}}, {"type": "Feature", "geometry": {"type": "Polygon", "coordinates": [[[10.0063503, 53.5534986], [10.0063546, 53.5535043], [10.0063706, 53.5535075], [10.0063799, 53.5535047], [10.006389, 53.5534882], [10.0063748, 53.5534852], [10.0063595, 53.553482], [10.0063503, 53.5534986]]]}, "properties": {"highway": "elevator", "indoor": "room", "level": "0;1", "osm_id": 733736684, "osm_type": "way"}}, {"type": "Feature", "geometry": {"type": "Polygon", "coordinates": [[[10.005505, 53.5531617], [10.005484, 53.5531685], [10.0054759, 53.5531824], [10.0054856, 53.5531844], [10.0054924, 53.5531726], [10.0055087, 53.5531673], [10.005505, 53.5531617]]]}, "properties": {"building:part": "yes", "indoor": "wall", "level": "0", "osm_id": 733736685, "osm_type": "way"}}, {"type": "Feature", "geometry": {"type": "Polygon", "coordinates": [[[10.0066736, 53.5535292], [10.0068161, 53.5535591], [10.0067851, 53.5536135], [10.0066956, 53.5537789], [10.0065233, 53.5537437], [10.0065954, 53.5536207], [10.006605, 53.5536226], [10.0066736, 53.5535292]]]}, "properties": {"brand": "Douglas", "brand:wikidata": "Q2052213", "contact:website": "https://www.douglas.de/de/l/hamburg/glockengiesserwall/00020025", "indoor": "room", "level": "0", "name": "Douglas", "opening_hours": "Mo-Su 09:00-21:00", "shop": "perfumery", "wheelchair": "yes", "osm_id": 733736687, "osm_type": "way"}}, {"type": "Feature", "geometry": {"type": "Polygon", "coordinates": [[[10.0066926, 53.5533764], [10.0066616, 53.553429], [10.0067914, 53.5534559], [10.0068224, 53.5534033], [10.0066926, 53.5533764]]]}, "properties": {"check_date": "2025-07-17", "check_date:opening_hours": "2025-07-17", "indoor": "room", "level": "0", "name": "Bijou Brigitte", "opening_hours": "Mo-Su 08:00-21:30", "payment:american_express": "yes", "payment:cash": "yes", "payment:credit_cards": "yes", "payment:debit_cards": "no", "payment:girocard": "yes", "payment:maestro": "yes", "payment:mastercard": "yes", "payment:visa": "yes", "payment:visa_debit": "yes", "shop": "clothes", "wheelchair": "yes", "osm_id": 733736688, "osm_type": "way"}}, {"type": "Feature", "geometry": {"type": "Polygon", "coordinates": [[[10.0054334, 53.5532873], [10.0054231, 53.5532741], [10.0054294, 53.5532626], [10.0054403, 53.5532647], [10.0054356, 53.5532735], [10.0054434, 53.5532849], [10.0054334, 53.5532873]]]}, "properties": {"building:part": "yes", "indoor": "wall", "level": "0", "osm_id": 733736690, "osm_type": "way"}}, {"type": "Feature", "geometry": {"type": "Polygon", "coordinates": [[[10.0060764, 53.5533064], [10.0061489, 53.553321], [10.0062041, 53.5532244], [10.0061653, 53.5532166], [10.0061719, 53.5532047], [10.0061396, 53.5531982], [10.0061265, 53.5532212], [10.0060764, 53.5533064]]]}, "properties": {"check_date:opening_hours": "2026-05-28", "indoor": "room", "level": "0", "name": "freigeist", "opening_hours:signed": "no", "shop": "clothes", "osm_id": 733736691, "osm_type": "way"}}, {"type": "Feature", "geometry": {"type": "Polygon", "coordinates": [[[10.0067914, 53.5534559], [10.0068722, 53.5534727], [10.0069032, 53.5534201], [10.0068224, 53.5534033], [10.0067914, 53.5534559]]]}, "properties": {"check_date:opening_hours": "2025-07-17", "indoor": "room", "level": "0", "name": "Stofftiergarten", "opening_hours": "Mo-Su 09:30-20:30", "payment:credit_cards": "yes", "payment:debit_cards": "yes", "shop": "toys", "wheelchair": "yes", "osm_id": 733736693, "osm_type": "way"}}, {"type": "Feature", "geometry": {"type": "Polygon", "coordinates": [[[10.0055612, 53.5532015], [10.0056607, 53.5532205], [10.005694, 53.5531615], [10.0057048, 53.5531423], [10.0056222, 53.553126], [10.0056085, 53.5531235], [10.0055812, 53.5531183], [10.005572, 53.5531343], [10.0055512, 53.5531708], [10.0055474, 53.5531769], [10.0055612, 53.5531796], [10.005568, 53.5531897], [10.0055612, 53.5532015]]]}, "properties": {"check_date:opening_hours": "2025-07-17", "indoor": "room", "level": "0", "name": "M. Niemeyer Cigarren", "opening_hours": "Mo-Th 07:00-21:00; Fr 07:00-21:30; Sa,Su 08:00-21:00", "payment:credit_cards": "yes", "payment:debit_cards": "yes", "phone": "+49421342021", "shop": "tobacco", "website": "http://www.jonas-tabak.de/", "wheelchair": "yes", "osm_id": 733736694, "osm_type": "way"}}, {"type": "Feature", "geometry": {"type": "Polygon", "coordinates": [[[10.0061265, 53.5532212], [10.0060629, 53.5532084], [10.0060251, 53.5532008], [10.006, 53.5532449], [10.0059936, 53.5532561], [10.0060239, 53.5532622], [10.0060067, 53.5532924], [10.0060764, 53.5533064], [10.0061265, 53.5532212]]]}, "properties": {"brand": "The Body Shop", "brand:wikidata": "Q837851", "check_date": "2026-05-28", "check_date:opening_hours": "2026-05-28", "indoor": "room", "level": "0", "name": "The Body Shop", "opening_hours": "Mo-Su 08:30-21:30", "shop": "cosmetics", "website": "https://www.thebodyshop.com/", "wheelchair": "yes", "osm_id": 733736695, "osm_type": "way"}}, {"type": "Feature", "geometry": {"type": "Polygon", "coordinates": [[[10.005585, 53.5533605], [10.0056025, 53.5533641], [10.0056199, 53.5533676], [10.0056091, 53.5533864], [10.0056353, 53.5533917], [10.0056458, 53.5533736], [10.0056866, 53.5533819], [10.0057333, 53.5533915], [10.0056343, 53.5535629], [10.0053416, 53.5535032], [10.0053887, 53.5534217], [10.0054088, 53.5533869], [10.0054164, 53.5533737], [10.0055297, 53.5533968], [10.0055543, 53.5533543], [10.005585, 53.5533605]]]}, "properties": {"check_date:opening_hours": "2025-06-16", "indoor": "room", "level": "0", "name": "P&B", "opening_hours": "Mo-Fr 05:00-23:00; Sa,Su 06:00-23:00", "payment:credit_cards": "yes", "payment:debit_cards": "yes", "room": "shop", "shop": "books", "wheelchair": "yes", "osm_id": 733736698, "osm_type": "way"}}, {"type": "Feature", "geometry": {"type": "Polygon", "coordinates": [[[10.0062041, 53.5532244], [10.0062182, 53.5531995], [10.0061986, 53.5531956], [10.0061792, 53.5531917], [10.0061719, 53.5532047], [10.0061653, 53.5532166], [10.0062041, 53.5532244]]]}, "properties": {"description": "Wandelhalle/Bahnsteig Gleis 11+12", "highway": "elevator", "indoor": "room", "level": "-1;0", "manufacturer": "OTIS GmbH & Co. OHG", "name": "Aufzug zu Gleis 11/12 Abschnitt E", "operator": "DB Station&Service AG", "ref:manufacturer_inventory": "47KAE861", "ref:operator_inventory": "10028029", "since": "2006", "source": "http://data.deutschebahn.com/dataset/aufzug/", "wheelchair": "yes", "osm_id": 733736699, "osm_type": "way"}}, {"type": "Feature", "geometry": {"type": "Polygon", "coordinates": [[[10.0060919, 53.5531573], [10.0060629, 53.5532084], [10.0061265, 53.5532212], [10.0061396, 53.5531982], [10.0061556, 53.55317], [10.0060919, 53.5531573]]]}, "properties": {"amenity": "car_rental", "brand": "Sixt", "brand:wikidata": "Q705664", "check_date:opening_hours": "2025-07-17", "indoor": "yes", "level": "0", "name": "Sixt", "opening_hours": "Mo-Fr 06:00-22:00; Sa 06:00-21:00; Su,PH 08:00-21:00", "osm_id": 733736702, "osm_type": "way"}}, {"type": "Feature", "geometry": {"type": "Polygon", "coordinates": [[[10.005585, 53.5533605], [10.0055543, 53.5533543], [10.0055889, 53.553294], [10.0056195, 53.5533002], [10.005585, 53.5533605]]]}, "properties": {"brand": "Swatch", "brand:wikidata": "Q573422", "check_date:opening_hours": "2024-04-09", "disused:shop": "yes", "indoor": "room", "level": "0", "name": "Swatch", "opening_hours": "Mo-Su 09:00-21:00", "shop": "vacant", "wheelchair": "yes", "osm_id": 733736703, "osm_type": "way"}}, {"type": "Feature", "geometry": {"type": "Polygon", "coordinates": [[[10.0062012, 53.5533341], [10.0062897, 53.5533522], [10.0063709, 53.5532128], [10.0063621, 53.553211], [10.0063556, 53.5532096], [10.0062821, 53.5531946], [10.0062012, 53.5533341]]]}, "properties": {"check_date": "2026-04-11", "disused:name": "The Body Shop", "disused:shop": "cosmetics", "indoor": "room", "level": "0", "wheelchair": "yes", "osm_id": 733736705, "osm_type": "way"}}, {"type": "Feature", "geometry": {"type": "LineString", "coordinates": [[10.0057816, 53.5530531], [10.0057642, 53.5530499]]}, "properties": {"highway": "steps", "incline": "up", "indoor": "yes", "level": "0", "lit": "yes", "step_count": "3", "surface": "paving_stones", "tactile_paving": "no", "osm_id": 733736706, "osm_type": "way"}}, {"type": "Feature", "geometry": {"type": "Polygon", "coordinates": [[[10.0057333, 53.5533915], [10.0058304, 53.5534122], [10.0058411, 53.5533952], [10.0059082, 53.5534097], [10.0058875, 53.5534456], [10.0059975, 53.5534681], [10.0060396, 53.5533976], [10.0063429, 53.5534603], [10.0063332, 53.5534765], [10.0063205, 53.5534995], [10.0063345, 53.5535169], [10.0063713, 53.5535243], [10.0064045, 53.5535158], [10.0064171, 53.5534941], [10.0064187, 53.5534912], [10.0064106, 53.553482], [10.0064153, 53.5534751], [10.0065014, 53.5534931], [10.0064813, 53.5535169], [10.0064365, 53.5535711], [10.0064529, 53.5535757], [10.0064732, 53.5535815], [10.0064878, 53.5535856], [10.0065338, 53.5535312], [10.0065387, 53.5535259], [10.0065427, 53.5535217], [10.0065499, 53.5535139], [10.0065577, 53.5535053], [10.0066736, 53.5535292], [10.006605, 53.5536226], [10.0065954, 53.5536207], [10.0065233, 53.5537437], [10.0063936, 53.5537157], [10.0063705, 53.553755], [10.0056163, 53.5535936], [10.0056343, 53.5535629], [10.0057333, 53.5533915]]]}, "properties": {"access": "customers", "air_conditioning": "yes", "amenity": "food_court", "check_date:opening_hours": "2025-07-17", "diet:vegan": "yes", "diet:vegetarian": "yes", "indoor": "room", "indoor_seating": "yes", "level": "0", "name": "Gourmet Station", "opening_hours": "Mo-Su,PH 06:00-23:00", "outdoor_seating": "no", "smoking": "no", "wheelchair": "yes", "osm_id": 733736708, "osm_type": "way"}}, {"type": "Feature", "geometry": {"type": "Polygon", "coordinates": [[[10.0055889, 53.553294], [10.0055165, 53.5532794], [10.005511, 53.5532891], [10.0054925, 53.5532955], [10.005482, 53.5532934], [10.0054793, 53.5532974], [10.0054423, 53.5533594], [10.0054264, 53.5533559], [10.0054164, 53.5533737], [10.0055297, 53.5533968], [10.0055543, 53.5533543], [10.0055889, 53.553294]]]}, "properties": {"brand": "Blume 2000", "brand:wikidata": "Q886166", "brand:wikipedia": "de:Blume 2000", "check_date:opening_hours": "2024-10-13", "indoor": "room", "level": "0", "name": "Blume 2000", "opening_hours": "Mo-Su 08:00-20:30", "opening_hours:signed": "no", "shop": "florist", "wheelchair": "limited", "osm_id": 733736709, "osm_type": "way"}}, {"type": "Feature", "geometry": {"type": "Polygon", "coordinates": [[[10.0066926, 53.5533764], [10.0067277, 53.5533169], [10.0068084, 53.5533337], [10.0069024, 53.5533533], [10.0068966, 53.5533633], [10.0069323, 53.5533707], [10.0069032, 53.5534201], [10.0068224, 53.5534033], [10.0066926, 53.5533764]]]}, "properties": {"amenity": "luggage_locker", "indoor": "room", "level": "0", "operator": "DB", "osm_id": 733736710, "osm_type": "way"}}, {"type": "Feature", "geometry": {"type": "Polygon", "coordinates": [[[10.0062897, 53.5533522], [10.0063782, 53.5533703], [10.0064594, 53.5532309], [10.0063709, 53.5532128], [10.0062897, 53.5533522]]]}, "properties": {"check_date": "2026-05-28", "check_date:opening_hours": "2026-05-28", "indoor": "room", "level": "0", "name": "Schietwetter", "opening_hours": "Mo-Su 09:00-20:30", "shop": "clothes", "wheelchair": "yes", "osm_id": 733736711, "osm_type": "way"}}, {"type": "Feature", "geometry": {"type": "Polygon", "coordinates": [[[10.0070908, 53.5533573], [10.0070562, 53.5534165], [10.0070289, 53.5534108], [10.0069789, 53.5534005], [10.006984, 53.5533919], [10.0070135, 53.5533414], [10.0070624, 53.5533515], [10.0070701, 53.5533531], [10.0070771, 53.5533545], [10.0070908, 53.5533573]]]}, "properties": {"indoor": "room", "level": "0", "osm_id": 733736712, "osm_type": "way"}}, {"type": "Feature", "geometry": {"type": "Polygon", "coordinates": [[[10.005694, 53.5531615], [10.005704, 53.5531634], [10.0057109, 53.5531648], [10.0057177, 53.5531661], [10.0057288, 53.5531683], [10.0057395, 53.5531492], [10.0057048, 53.5531423], [10.005694, 53.5531615]]]}, "properties": {"indoor": "room", "level": "0", "osm_id": 733736713, "osm_type": "way"}}, {"type": "Feature", "geometry": {"type": "LineString", "coordinates": [[10.0057642, 53.5530499], [10.0057446, 53.5530458], [10.0057268, 53.5530422], [10.0056611, 53.5530289]]}, "properties": {"highway": "footway", "indoor": "yes", "level": "0", "lit": "yes", "surface": "paving_stones", "osm_id": 733736714, "osm_type": "way"}}, {"type": "Feature", "geometry": {"type": "Polygon", "coordinates": [[[10.0068161, 53.5535591], [10.0069471, 53.5535862], [10.0069321, 53.5536115], [10.0069243, 53.5536251], [10.0069143, 53.5536421], [10.0067851, 53.5536135], [10.0068161, 53.5535591]]]}, "properties": {"brand": "Blume 2000", "brand:wikidata": "Q886166", "indoor": "room", "level": "0", "name": "Blume 2000", "note": "Blume2000 ist seit 2018 der Betreiber, das Geschäft hier präsentiert sich jedoch weiterhin als \"Petzoldt\". Das alte Schild hängt dort auch wegen Denkmalschutz.", "opening_hours": "Mo-Su 08:00-20:30", "operator": "Blume2000", "payment:credit_cards": "no", "payment:debit_cards": "yes", "phone": "+494025470340", "room": "shop", "shop": "florist", "wheelchair": "limited", "osm_id": 733736716, "osm_type": "way"}}, {"type": "Feature", "geometry": {"type": "Polygon", "coordinates": [[[10.0059082, 53.5534097], [10.0059097, 53.5534068], [10.0059126, 53.5534014], [10.0059177, 53.5533936], [10.0059512, 53.5534004], [10.005962, 53.5533819], [10.0060396, 53.5533976], [10.0059975, 53.5534681], [10.0058875, 53.5534456], [10.0059082, 53.5534097]]]}, "properties": {"amenity": "restaurant", "check_date:opening_hours": "2026-05-28", "contact:instagram": "https://www.instagram.com/asiaboxexpress_wandelhalle/", "cuisine": "asian", "diet:vegan": "yes", "diet:vegetarian": "yes", "indoor": "room", "indoor_seating": "yes", "level": "0", "name": "Asia Box Express", "opening_hours": "Mo-Su 09:00-22:00", "opening_hours:signed": "no", "outdoor_seating": "no", "payment:credit_cards": "yes", "payment:debit_cards": "yes", "phone": "+49 1520 9639999", "smoking": "no", "osm_id": 733736718, "osm_type": "way"}}, {"type": "Feature", "geometry": {"type": "Polygon", "coordinates": [[[10.0072984, 53.5537435], [10.0072518, 53.5537331], [10.0072715, 53.5536997], [10.0072899, 53.5536684], [10.0072994, 53.5536533], [10.007322, 53.5536582], [10.0073446, 53.5536631], [10.0072984, 53.5537435]]]}, "properties": {"addr:city": "Hamburg", "addr:housenumber": "16", "addr:place": "Hachmannplatz", "addr:postcode": "20099", "amenity": "toilets", "brand": "rail&fresh", "changing_table": "yes", "description": "Toiletten befinden sich im Keller, Zugang über Ebene 0", "fee": "yes", "female": "yes", "indoor": "room", "level": "0", "male": "no", "name": "Rail & Fresh", "opening_hours": "24/7", "operator": "Hering Sanikonzept GmbH", "toilets:disposal": "flush", "website": "https://www.wc-fresh.com/standort/hamburg-hauptbahnhof/", "wheelchair": "yes", "osm_id": 733736719, "osm_type": "way"}}, {"type": "Feature", "geometry": {"type": "Polygon", "coordinates": [[[10.0067277, 53.5533169], [10.0067451, 53.5532873], [10.0068169, 53.5533023], [10.0068213, 53.5533032], [10.0068259, 53.5533042], [10.0068084, 53.5533337], [10.0067277, 53.5533169]]]}, "properties": {"amenity": "pub", "check_date": "2026-05-28", "check_date:opening_hours": "2026-05-28", "indoor": "room", "indoor_seating": "yes", "level": "0", "min_age": "18", "name": "small talk", "opening_hours": "PH,Mo-Su 07:00-23:00", "opening_hours:signed": "no", "outdoor_seating": "no", "phone": "+494069655930", "room": "shop", "smoking": "yes", "wheelchair": "limited", "osm_id": 733736720, "osm_type": "way"}}, {"type": "Feature", "geometry": {"type": "Polygon", "coordinates": [[[10.0063782, 53.5533703], [10.0065222, 53.5533998], [10.0066034, 53.5532604], [10.0064594, 53.5532309], [10.0063782, 53.5533703]]]}, "properties": {"brand": "Douglas", "brand:wikidata": "Q2052213", "brand:wikipedia": "de:Parfümerie Douglas", "check_date:opening_hours": "2025-01-04", "indoor": "room", "level": "0", "name": "Douglas", "opening_hours": "Mo-Su,PH 09:00-21:00", "shop": "perfumery", "website": "https://www.douglas.de/", "wheelchair": "yes", "osm_id": 733736721, "osm_type": "way"}}, {"type": "Feature", "geometry": {"type": "Polygon", "coordinates": [[[10.0071942, 53.5534455], [10.0070562, 53.5534165], [10.0070908, 53.5533573], [10.0071893, 53.5533771], [10.0072168, 53.5534095], [10.0071942, 53.5534455]]]}, "properties": {"brand": "Hamburger Verkehrsverbund", "brand:wikidata": "Q896916", "brand:wikipedia": "de:Hamburger Verkehrsverbund", "check_date:opening_hours": "2026-05-28", "indoor": "room", "level": "0", "name": "HVV-Servicestelle", "opening_hours": "Mo-Fr 07:00-19:00; Sa,Su 10:00-18:00", "operator": "S-Bahn Hamburg GmbH", "shop": "ticket", "wheelchair": "yes", "osm_id": 733736722, "osm_type": "way"}}, {"type": "Feature", "geometry": {"type": "Polygon", "coordinates": [[[10.0057655, 53.5531543], [10.0057544, 53.5531742], [10.0058106, 53.5531853], [10.0058213, 53.5531654], [10.0057655, 53.5531543]]]}, "properties": {"brand": "von Allwörden", "brand:wikidata": "Q60411349", "check_date:opening_hours": "2025-04-26", "diet:vegan": "no", "diet:vegetarian": "yes", "indoor": "room", "indoor_seating": "no", "level": "0", "name": "von Allwörden", "opening_hours": "Mo-Su 06:00-23:00", "opening_hours:signed": "no", "operator": "von Allwörden", "outdoor_seating": "no", "phone": "+49 40 32527908", "shop": "bakery", "takeaway": "only", "wheelchair": "yes", "osm_id": 733736723, "osm_type": "way"}}, {"type": "Feature", "geometry": {"type": "LineString", "coordinates": [[10.0057446, 53.5530458], [10.0057515, 53.5530342]]}, "properties": {"highway": "steps", "incline": "up", "indoor": "yes", "level": "0", "lit": "yes", "step_count": "3", "surface": "paving_stones", "tactile_paving": "no", "osm_id": 733736724, "osm_type": "way"}}, {"type": "Feature", "geometry": {"type": "Polygon", "coordinates": [[[10.0058631, 53.5531979], [10.0059161, 53.5532084], [10.0059259, 53.5531913], [10.0059512, 53.5531963], [10.0059314, 53.5532312], [10.006, 53.5532449], [10.0059936, 53.5532561], [10.0060239, 53.5532622], [10.0060067, 53.5532924], [10.0060764, 53.5533064], [10.0061489, 53.553321], [10.0062041, 53.5532244], [10.0062182, 53.5531995], [10.0061986, 53.5531956], [10.0061792, 53.5531917], [10.0061878, 53.5531764], [10.0061556, 53.55317], [10.0060919, 53.5531573], [10.006084, 53.5531559], [10.006067, 53.5531525], [10.0060539, 53.5531497], [10.0059425, 53.5531275], [10.0059351, 53.5531407], [10.0059175, 53.5531372], [10.0058995, 53.5531336], [10.0058845, 53.5531602], [10.0058631, 53.5531979]]]}, "properties": {"osm_id": 733736725, "osm_type": "way"}}, {"type": "Feature", "geometry": {"type": "Polygon", "coordinates": [[[10.0069321, 53.5536115], [10.0069608, 53.5536173], [10.006956, 53.5536258], [10.0069545, 53.5536284], [10.0069531, 53.5536309], [10.0069243, 53.5536251], [10.0069321, 53.5536115]]]}, "properties": {"indoor": "room", "level": "0", "osm_id": 733736726, "osm_type": "way"}}, {"type": "Feature", "geometry": {"type": "Polygon", "coordinates": [[[10.0069789, 53.5534005], [10.0069286, 53.5534847], [10.0069788, 53.5534952], [10.0069931, 53.5534713], [10.0070289, 53.5534108], [10.0069789, 53.5534005]]]}, "properties": {"air_conditioning": "no", "alt_name": "Dunkin' Donuts", "amenity": "fast_food", "brand": "Dunkin'", "brand:wikidata": "Q847743", "brand:wikipedia": "en:Dunkin' Donuts", "check_date:opening_hours": "2026-05-28", "cuisine": "donut;coffee_shop", "diet:halal": "yes", "diet:kosher": "no", "diet:vegan": "yes", "diet:vegetarian": "yes", "indoor": "room", "indoor_seating": "yes", "level": "0", "name": "Dunkin'", "opening_hours": "Mo-Su 06:00-23:00", "opening_hours:signed": "no", "outdoor_seating": "no", "smoking": "no", "takeaway": "yes", "wheelchair": "yes", "osm_id": 733736727, "osm_type": "way"}}, {"type": "Feature", "geometry": {"type": "Polygon", "coordinates": [[[10.0068259, 53.5533042], [10.0069199, 53.5533238], [10.0069096, 53.5533412], [10.0069024, 53.5533533], [10.0068084, 53.5533337], [10.0068259, 53.5533042]]]}, "properties": {"check_date:opening_hours": "2026-05-28", "indoor": "room", "level": "0", "name": "Justcom", "opening_hours:signed": "no", "payment:credit_cards": "yes", "payment:debit_cards": "yes", "shop": "mobile_phone", "wheelchair": "yes", "osm_id": 733736728, "osm_type": "way"}}, {"type": "Feature", "geometry": {"type": "Polygon", "coordinates": [[[10.0058845, 53.5531602], [10.0058995, 53.5531336], [10.0059175, 53.5531372], [10.0059351, 53.5531407], [10.0059239, 53.5531605], [10.00592, 53.5531673], [10.0058845, 53.5531602]]]}, "properties": {"description": "Wandelhalle/Bahnsteig Gleis 13+14", "highway": "elevator", "indoor": "room", "level": "-1;0", "name": "Aufzug zu Gleis 13/14 Abschnitt E", "operator": "DB Station&Service AG", "ref:operator_inventory": "10028019", "source": "http://data.deutschebahn.com/dataset/aufzug/", "wheelchair": "yes", "osm_id": 733736729, "osm_type": "way"}}, {"type": "Feature", "geometry": {"type": "Polygon", "coordinates": [[[10.0058631, 53.5531979], [10.0059161, 53.5532084], [10.0059259, 53.5531913], [10.0059512, 53.5531963], [10.0059666, 53.553169], [10.0059239, 53.5531605], [10.00592, 53.5531673], [10.0058845, 53.5531602], [10.0058631, 53.5531979]]]}, "properties": {"check_date": "2025-07-20", "check_date:opening_hours": "2025-07-20", "contact:website": "https://the-tea-embassy.de", "indoor": "room", "level": "0", "name": "The Tea Embassy", "opening_hours": "Mo-Su 00:00-00:00", "shop": "tea", "wheelchair": "yes", "osm_id": 733736732, "osm_type": "way"}}, {"type": "Feature", "geometry": {"type": "Polygon", "coordinates": [[[10.006389, 53.5534882], [10.0064034, 53.5534912], [10.0064171, 53.5534941], [10.0064045, 53.5535158], [10.0063713, 53.5535243], [10.0063345, 53.5535169], [10.0063205, 53.5534995], [10.0063332, 53.5534765], [10.0063462, 53.5534792], [10.0063595, 53.553482], [10.0063503, 53.5534986], [10.0063546, 53.5535043], [10.0063706, 53.5535075], [10.0063799, 53.5535047], [10.006389, 53.5534882]]]}, "properties": {"indoor": "area", "level": "0;1", "stairs": "yes", "osm_id": 733736733, "osm_type": "way"}}, {"type": "Feature", "geometry": {"type": "Polygon", "coordinates": [[[10.0062012, 53.5533341], [10.0062897, 53.5533522], [10.0063782, 53.5533703], [10.0065222, 53.5533998], [10.0066106, 53.5534179], [10.0066687, 53.5533177], [10.0066818, 53.5532953], [10.0066625, 53.5532914], [10.0066449, 53.5532878], [10.0066547, 53.553271], [10.0066034, 53.5532604], [10.0064594, 53.5532309], [10.0063709, 53.5532128], [10.0063621, 53.553211], [10.0063556, 53.5532096], [10.0062821, 53.5531946], [10.0062012, 53.5533341]]]}, "properties": {"osm_id": 733736734, "osm_type": "way"}}, {"type": "Feature", "geometry": {"type": "Polygon", "coordinates": [[[10.0070255, 53.5536465], [10.0069012, 53.5538595], [10.0067963, 53.5538371], [10.0069143, 53.5536421], [10.0069243, 53.5536251], [10.0069531, 53.5536309], [10.0070255, 53.5536465]]]}, "properties": {"indoor": "room", "level": "0", "osm_id": 733736735, "osm_type": "way"}}, {"type": "Feature", "geometry": {"type": "Polygon", "coordinates": [[[10.0071942, 53.5534455], [10.0070562, 53.5534165], [10.0070289, 53.5534108], [10.0069931, 53.5534713], [10.0071223, 53.5534981], [10.0071707, 53.5534842], [10.0071942, 53.5534455]]]}, "properties": {"access": "customers", "check_date": "2025-07-17", "check_date:opening_hours": "2025-07-17", "indoor": "room", "information": "office", "level": "0", "name": "Hamburg Information", "network": "Hamburger Verkehrsverbund", "network:short": "HVV", "network:wikidata": "Q896916", "network:wikipedia": "de:Hamburger Verkehrsverbund", "opening_hours": "Mo-Su 09:00-19:00", "payment:credit_cards": "yes", "payment:debit_cards": "yes", "shop": "ticket", "tourism": "information", "wheelchair": "yes", "osm_id": 733736736, "osm_type": "way"}}, {"type": "Feature", "geometry": {"type": "Polygon", "coordinates": [[[10.0069096, 53.5533412], [10.0069273, 53.5533449], [10.0069453, 53.5533486], [10.0069323, 53.5533707], [10.0068966, 53.5533633], [10.0069024, 53.5533533], [10.0069096, 53.5533412]]]}, "properties": {"description": "Wandelhalle/Bahnsteig Gleis 5+6", "highway": "elevator", "indoor": "room", "level": "-1;0", "manufacturer": "OTIS GmbH & Co. OHG", "name": "Aufzug zu Gleis 5/5 Abschnitt D", "operator": "DB Station&Service AG", "ref:manufacturer_inventory": "47KAE858", "ref:operator_inventory": "10028022", "since": "2006", "source": "http://data.deutschebahn.com/dataset/aufzug/", "wheelchair": "yes", "osm_id": 733736737, "osm_type": "way"}}, {"type": "Feature", "geometry": {"type": "Polygon", "coordinates": [[[10.0059351, 53.5531407], [10.0059425, 53.5531275], [10.0060539, 53.5531497], [10.0060352, 53.5531827], [10.0059666, 53.553169], [10.0059239, 53.5531605], [10.0059351, 53.5531407]]]}, "properties": {"air_conditioning": "yes", "amenity": "fast_food", "check_date:opening_hours": "2026-05-28", "diet:gluten_free": "no", "diet:vegan": "yes", "diet:vegetarian": "yes", "indoor": "room", "indoor_seating": "yes", "level": "0", "name": "Punto Ernesto", "opening_hours": "Mo-Su 05:00-23:00", "opening_hours:signed": "no", "outdoor_seating": "no", "phone": "+49 40 323083", "smoking": "no", "wheelchair": "limited", "osm_id": 733736738, "osm_type": "way"}}, {"type": "Feature", "geometry": {"type": "Polygon", "coordinates": [[[10.0059512, 53.5531963], [10.0059314, 53.5532312], [10.006, 53.5532449], [10.0060251, 53.5532008], [10.0060352, 53.5531827], [10.0059666, 53.553169], [10.0059512, 53.5531963]]]}, "properties": {"amenity": "cafe", "check_date": "2026-04-11", "indoor": "room", "level": "0", "name": "Baloo", "takeaway": "only", "wheelchair": "limited", "osm_id": 733736740, "osm_type": "way"}}, {"type": "Feature", "geometry": {"type": "Polygon", "coordinates": [[[10.0058095, 53.5530456], [10.0058836, 53.552914], [10.0057802, 53.5528938], [10.0057082, 53.5530257], [10.0057333, 53.5530306], [10.0057515, 53.5530342], [10.0058095, 53.5530456]]]}, "properties": {"amenity": "toilets", "fee": "yes", "female": "yes", "indoor": "room", "level": "0", "male": "no", "name": "rail&fresh", "opening_hours": "24/7", "operator": "rail&fresh", "room": "toilets", "wheelchair": "no", "osm_id": 733736741, "osm_type": "way"}}, {"type": "Feature", "geometry": {"type": "LineString", "coordinates": [[10.0069978, 53.5533947], [10.006984, 53.5533919]]}, "properties": {"access": "emergency", "highway": "footway", "indoor": "yes", "level": "0", "wheelchair": "yes", "osm_id": 733760810, "osm_type": "way"}}, {"type": "Feature", "geometry": {"type": "LineString", "coordinates": [[10.0056292, 53.5534894], [10.0056221, 53.5535018]]}, "properties": {"abandoned:highway": "steps", "abandoned:incline": "up", "indoor": "yes", "level": "0;1", "note": "Treppenzugang unten abgedeckt", "osm_id": 733760811, "osm_type": "way"}}, {"type": "Feature", "geometry": {"type": "LineString", "coordinates": [[10.0069978, 53.5533947], [10.007023, 53.5533507]]}, "properties": {"access": "emergency", "highway": "steps", "incline": "up", "indoor": "yes", "level": "0;1", "lit": "yes", "osm_id": 733760813, "osm_type": "way"}}, {"type": "Feature", "geometry": {"type": "LineString", "coordinates": [[10.0065473, 53.5532064], [10.0060913, 53.5531131], [10.0060777, 53.5531367]]}, "properties": {"access": "private", "bridge": "yes", "highway": "footway", "level": "1", "lit": "yes", "smoothness": "excellent", "surface": "concrete", "width": "1", "osm_id": 733760814, "osm_type": "way"}}, {"type": "Feature", "geometry": {"type": "LineString", "coordinates": [[10.0065451, 53.5532099], [10.00654, 53.5532189]]}, "properties": {"barrier": "fence", "level": "1", "osm_id": 733760815, "osm_type": "way"}}, {"type": "Feature", "geometry": {"type": "LineString", "coordinates": [[10.006705, 53.5532353], [10.006705, 53.5532299], [10.0067013, 53.5532249], [10.0066938, 53.5532211], [10.0065738, 53.5531967], [10.006565, 53.5531969], [10.0065562, 53.5531986], [10.0065498, 53.5532025]]}, "properties": {"barrier": "fence", "level": "1", "osm_id": 733760816, "osm_type": "way"}}, {"type": "Feature", "geometry": {"type": "LineString", "coordinates": [[10.0067011, 53.5532419], [10.006696, 53.5532513]]}, "properties": {"barrier": "fence", "level": "1", "osm_id": 733760817, "osm_type": "way"}}, {"type": "Feature", "geometry": {"type": "LineString", "coordinates": [[10.006703, 53.5532386], [10.0070457, 53.5533101], [10.007023, 53.5533507]]}, "properties": {"access": "private", "bridge": "yes", "highway": "footway", "level": "1", "lit": "yes", "smoothness": "excellent", "surface": "concrete", "width": "1", "osm_id": 733760818, "osm_type": "way"}}, {"type": "Feature", "geometry": {"type": "LineString", "coordinates": [[10.006696, 53.5532513], [10.0067148, 53.5532558]]}, "properties": {"indoor": "wall", "level": "1", "osm_id": 733760819, "osm_type": "way"}}, {"type": "Feature", "geometry": {"type": "LineString", "coordinates": [[10.0070043, 53.5535398], [10.0070328, 53.5534918], [10.0069886, 53.5534827]]}, "properties": {"barrier": "fence", "level": "1", "osm_id": 733760820, "osm_type": "way"}}, {"type": "Feature", "geometry": {"type": "LineString", "coordinates": [[10.0069373, 53.5536032], [10.0069633, 53.5536087], [10.0069919, 53.5535607]]}, "properties": {"barrier": "fence", "level": "1", "osm_id": 733760821, "osm_type": "way"}}, {"type": "Feature", "geometry": {"type": "LineString", "coordinates": [[10.0059594, 53.5533213], [10.005988, 53.5532731], [10.006009, 53.5532777]]}, "properties": {"barrier": "fence", "level": "1", "osm_id": 733760822, "osm_type": "way"}}, {"type": "Feature", "geometry": {"type": "LineString", "coordinates": [[10.0059386, 53.5533938], [10.0059188, 53.5533896], [10.0059478, 53.5533407]]}, "properties": {"barrier": "fence", "level": "1", "osm_id": 733760823, "osm_type": "way"}}, {"type": "Feature", "geometry": {"type": "LineString", "coordinates": [[10.0063796, 53.5534765], [10.0063748, 53.5534852]]}, "properties": {"highway": "footway", "indoor": "yes", "level": "1", "wheelchair": "yes", "osm_id": 733760824, "osm_type": "way"}}, {"type": "Feature", "geometry": {"type": "LineString", "coordinates": [[10.0063514, 53.5534707], [10.0063462, 53.5534792]]}, "properties": {"highway": "footway", "indoor": "yes", "level": "1", "wheelchair": "yes", "osm_id": 733760825, "osm_type": "way"}}, {"type": "Feature", "geometry": {"type": "LineString", "coordinates": [[10.0069998, 53.5532928], [10.0071309, 53.5533201]]}, "properties": {"barrier": "fence", "fence_type": "railing", "level": "0", "osm_id": 733870575, "osm_type": "way"}}, {"type": "Feature", "geometry": {"type": "LineString", "coordinates": [[10.0067173, 53.553234], [10.0069433, 53.553281]]}, "properties": {"barrier": "fence", "fence_type": "railing", "level": "0", "osm_id": 733870576, "osm_type": "way"}}, {"type": "Feature", "geometry": {"type": "LineString", "coordinates": [[10.0062516, 53.5531373], [10.0066617, 53.5532228]]}, "properties": {"barrier": "fence", "fence_type": "railing", "level": "0", "osm_id": 733870577, "osm_type": "way"}}, {"type": "Feature", "geometry": {"type": "LineString", "coordinates": [[10.0059706, 53.5530792], [10.0061772, 53.553122]]}, "properties": {"barrier": "fence", "fence_type": "railing", "level": "0", "osm_id": 733870578, "osm_type": "way"}}, {"type": "Feature", "geometry": {"type": "LineString", "coordinates": [[10.0058095, 53.5530456], [10.0059184, 53.5530682]]}, "properties": {"barrier": "fence", "fence_type": "railing", "level": "0", "osm_id": 733870579, "osm_type": "way"}}, {"type": "Feature", "geometry": {"type": "Polygon", "coordinates": [[[10.0069188, 53.5535481], [10.0069998, 53.5535646], [10.0070141, 53.5535398], [10.0069332, 53.5535233], [10.0069188, 53.5535481]]]}, "properties": {"indoor": "room", "indoor_seating": "no", "level": "0", "name": "Brezn Bakery", "opening_hours:signed": "no", "outdoor_seating": "no", "shop": "bakery", "takeaway": "only", "wheelchair": "yes", "osm_id": 733870583, "osm_type": "way"}}, {"type": "Feature", "geometry": {"type": "Polygon", "coordinates": [[[10.0058836, 53.552914], [10.0059563, 53.5527855], [10.005849, 53.5527657], [10.0058131, 53.5528342], [10.0057802, 53.5528938], [10.0058836, 53.552914]]]}, "properties": {"amenity": "cafe", "brand": "Starbucks", "brand:wikidata": "Q37158", "cuisine": "coffee_shop", "indoor": "room", "level": "0", "name": "Starbucks", "official_name": "Starbucks Coffee", "opening_hours": "Mo-Su 06:00-22:00; PH off", "takeaway": "yes", "osm_id": 735223533, "osm_type": "way"}}, {"type": "Feature", "geometry": {"type": "LineString", "coordinates": [[10.0047307, 53.5541138], [10.0047965, 53.5541382]]}, "properties": {"highway": "footway", "indoor": "yes", "layer": "-2", "level": "-2", "tunnel": "yes", "osm_id": 739329389, "osm_type": "way"}}, {"type": "Feature", "geometry": {"type": "Polygon", "coordinates": [[[10.0049339, 53.5541046], [10.0048078, 53.5540933], [10.0048046, 53.5541058], [10.0048005, 53.5541221], [10.0047965, 53.5541382], [10.0047939, 53.5541485], [10.0049234, 53.5541599], [10.0049256, 53.5541482], [10.0049287, 53.5541319], [10.0049319, 53.5541151], [10.0049339, 53.5541046]]]}, "properties": {"indoor": "corridor", "level": "-3;-2", "osm_id": 739329391, "osm_type": "way"}}, {"type": "Feature", "geometry": {"type": "Polygon", "coordinates": [[[10.0050614, 53.5539197], [10.0049351, 53.5539078], [10.0049322, 53.553919], [10.0049278, 53.5539359], [10.0049236, 53.5539517], [10.0049211, 53.5539622], [10.0049338, 53.5539633], [10.0050505, 53.5539743], [10.0050528, 53.5539629], [10.0050558, 53.5539477], [10.0050589, 53.5539322], [10.0050614, 53.5539197]]]}, "properties": {"indoor": "corridor", "level": "-3;-2", "osm_id": 739329392, "osm_type": "way"}}, {"type": "Feature", "geometry": {"type": "LineString", "coordinates": [[10.0048557, 53.5540116], [10.0048274, 53.5540192], [10.0048078, 53.5540933]]}, "properties": {"barrier": "fence", "layer": "-2", "level": "-2", "osm_id": 739329393, "osm_type": "way"}}, {"type": "Feature", "geometry": {"type": "Polygon", "coordinates": [[[10.0035583, 53.5538031], [10.0035532, 53.5538131], [10.0035468, 53.5538254], [10.0035401, 53.5538383], [10.0035335, 53.5538511], [10.0044348, 53.5540098], [10.0045194, 53.5540173], [10.0045377, 53.5539772], [10.0035583, 53.5538031]]]}, "properties": {"indoor": "corridor", "level": "-2", "osm_id": 739329394, "osm_type": "way"}}, {"type": "Feature", "geometry": {"type": "LineString", "coordinates": [[10.0033354, 53.553801], [10.0033057, 53.5537827]]}, "properties": {"highway": "footway", "indoor": "yes", "layer": "-1", "level": "-1", "surface": "paving_stones", "tunnel": "yes", "osm_id": 739329395, "osm_type": "way"}}, {"type": "Feature", "geometry": {"type": "Polygon", "coordinates": [[[10.003359, 53.5538229], [10.0035335, 53.5538511], [10.0035401, 53.5538383], [10.0035468, 53.5538254], [10.0035532, 53.5538131], [10.0035583, 53.5538031], [10.0033804, 53.5537747], [10.0033755, 53.5537858], [10.0033698, 53.5537985], [10.0033643, 53.5538108], [10.003359, 53.5538229]]]}, "properties": {"indoor": "corridor", "level": "-1;-2", "osm_id": 739329396, "osm_type": "way"}}, {"type": "Feature", "geometry": {"type": "LineString", "coordinates": [[10.0033354, 53.553801], [10.0032245, 53.5538693]]}, "properties": {"highway": "footway", "indoor": "yes", "layer": "-1", "level": "-1", "surface": "paving_stones", "tunnel": "yes", "osm_id": 739329397, "osm_type": "way"}}, {"type": "Feature", "geometry": {"type": "LineString", "coordinates": [[10.0033014, 53.5537427], [10.0033116, 53.5537171]]}, "properties": {"indoor": "wall", "level": "-1", "osm_id": 739329398, "osm_type": "way"}}, {"type": "Feature", "geometry": {"type": "Polygon", "coordinates": [[[10.0033404, 53.5537323], [10.003327, 53.553725], [10.0033116, 53.5537171], [10.0033014, 53.5537427], [10.0033184, 53.5537453], [10.0033349, 53.5537479], [10.0033404, 53.5537323]]]}, "properties": {"indoor": "corridor", "level": "-1;-0.5", "osm_id": 739329399, "osm_type": "way"}}, {"type": "Feature", "geometry": {"type": "Polygon", "coordinates": [[[10.0033404, 53.5537323], [10.0033723, 53.5537283], [10.0034163, 53.553752], [10.0034279, 53.5537447], [10.0034385, 53.5537381], [10.0033841, 53.5537079], [10.0033116, 53.5537171], [10.003327, 53.553725], [10.0033404, 53.5537323]]]}, "properties": {"indoor": "corridor", "level": "-0.5", "osm_id": 739329400, "osm_type": "way"}}, {"type": "Feature", "geometry": {"type": "LineString", "coordinates": [[10.003327, 53.553725], [10.003379, 53.5537185], [10.0034279, 53.5537447]]}, "properties": {"highway": "footway", "indoor": "yes", "level": "-0.5", "surface": "paving_stones", "tunnel": "yes", "osm_id": 739329401, "osm_type": "way"}}, {"type": "Feature", "geometry": {"type": "LineString", "coordinates": [[10.0034881, 53.5537925], [10.0034163, 53.553752], [10.0034279, 53.5537447], [10.0034385, 53.5537381], [10.003512, 53.5537796]]}, "properties": {"barrier": "fence", "level": "0", "osm_id": 739329402, "osm_type": "way"}}, {"type": "Feature", "geometry": {"type": "LineString", "coordinates": [[10.003294, 53.553696], [10.0032693, 53.5536586]]}, "properties": {"highway": "footway", "indoor": "yes", "layer": "-1", "level": "-1", "surface": "paving_stones", "tunnel": "yes", "osm_id": 739329403, "osm_type": "way"}}, {"type": "Feature", "geometry": {"type": "LineString", "coordinates": [[10.0032245, 53.5538693], [10.0031619, 53.5538604]]}, "properties": {"highway": "footway", "indoor": "yes", "layer": "-1", "level": "-1", "surface": "paving_stones", "tunnel": "yes", "osm_id": 739329404, "osm_type": "way"}}, {"type": "Feature", "geometry": {"type": "LineString", "coordinates": [[10.0030906, 53.5538209], [10.0030724, 53.5538107]]}, "properties": {"highway": "footway", "level": "0", "lit": "yes", "smoothness": "intermediate", "surface": "paving_stones", "osm_id": 739329406, "osm_type": "way"}}, {"type": "Feature", "geometry": {"type": "LineString", "coordinates": [[10.0034279, 53.5537447], [10.0035075, 53.5537897]]}, "properties": {"highway": "steps", "indoor": "yes", "level": "-0.5;0", "surface": "paving_stones", "tactile_paving": "partial", "osm_id": 739329407, "osm_type": "way"}}, {"type": "Feature", "geometry": {"type": "LineString", "coordinates": [[10.0031682, 53.5536021], [10.0031979, 53.5536191]]}, "properties": {"footway": "link", "highway": "footway", "level": "0", "lit": "yes", "surface": "paving_stones", "osm_id": 739329408, "osm_type": "way"}}, {"type": "Feature", "geometry": {"type": "LineString", "coordinates": [[10.0052251, 53.5532841], [10.0051644, 53.5533114], [10.005202, 53.5533405], [10.0052623, 53.5533133]]}, "properties": {"barrier": "fence", "level": "0", "osm_id": 739329409, "osm_type": "way"}}, {"type": "Feature", "geometry": {"type": "Polygon", "coordinates": [[[10.0045194, 53.5540173], [10.0045377, 53.5539772], [10.0046338, 53.5539933], [10.0046531, 53.553952], [10.0046601, 53.5539372], [10.00469, 53.5538745], [10.0047709, 53.5538863], [10.0049351, 53.5539078], [10.0049322, 53.553919], [10.0049278, 53.5539359], [10.0049236, 53.5539517], [10.0049211, 53.5539622], [10.0048971, 53.5539599], [10.0049064, 53.5539619], [10.0049145, 53.553966], [10.0049207, 53.5539718], [10.0049248, 53.553979], [10.0049264, 53.553987], [10.0049253, 53.5539954], [10.0049217, 53.5540035], [10.0049159, 53.5540108], [10.0049082, 53.5540168], [10.0048991, 53.5540211], [10.0048892, 53.5540234], [10.0048793, 53.5540236], [10.00487, 53.5540215], [10.004862, 53.5540175], [10.0048557, 53.5540116], [10.0048274, 53.5540192], [10.0048078, 53.5540933], [10.0048046, 53.5541058], [10.0048005, 53.5541221], [10.0047965, 53.5541382], [10.0047939, 53.5541485], [10.004752, 53.5541445], [10.004585, 53.5540782], [10.0045194, 53.5540173]]]}, "properties": {"indoor": "area", "level": "-2", "osm_id": 739329410, "osm_type": "way"}}, {"type": "Feature", "geometry": {"type": "Polygon", "coordinates": [[[10.0051299, 53.5533729], [10.005202, 53.5533405], [10.0052623, 53.5533133], [10.0052534, 53.5533063], [10.005236, 53.5532927], [10.0052251, 53.5532841], [10.0051644, 53.5533114], [10.0050927, 53.5533437], [10.0051039, 53.5533525], [10.0051211, 53.553366], [10.0051299, 53.5533729]]]}, "properties": {"indoor": "corridor", "level": "0;-1", "osm_id": 739329411, "osm_type": "way"}}, {"type": "Feature", "geometry": {"type": "Polygon", "coordinates": [[[10.0048291, 53.5536211], [10.00469, 53.5538745], [10.0047709, 53.5538863], [10.0049068, 53.5536362], [10.0048876, 53.5536325], [10.0048676, 53.5536286], [10.004849, 53.553625], [10.0048291, 53.5536211]]]}, "properties": {"indoor": "corridor", "level": "-2", "osm_id": 739329412, "osm_type": "way"}}, {"type": "Feature", "geometry": {"type": "Polygon", "coordinates": [[[10.0050069, 53.5534657], [10.0050475, 53.5534106], [10.0051299, 53.5533729], [10.0051211, 53.553366], [10.0051039, 53.5533525], [10.0050927, 53.5533437], [10.0050715, 53.5533523], [10.0049844, 53.5533789], [10.0049306, 53.5534498], [10.004951, 53.553454], [10.0049701, 53.553458], [10.0049896, 53.5534621], [10.0050069, 53.5534657]]]}, "properties": {"indoor": "corridor", "level": "-1", "osm_id": 739329413, "osm_type": "way"}}, {"type": "Feature", "geometry": {"type": "LineString", "coordinates": [[10.0049912, 53.5534226], [10.004951, 53.553454]]}, "properties": {"highway": "footway", "indoor": "yes", "layer": "-1", "level": "-1", "tunnel": "yes", "osm_id": 739329414, "osm_type": "way"}}, {"type": "Feature", "geometry": {"type": "Polygon", "coordinates": [[[10.0069811, 53.5543241], [10.0068951, 53.5543104], [10.0068967, 53.554301], [10.0068986, 53.5542888], [10.0069003, 53.5542784], [10.0069018, 53.5542692], [10.0069968, 53.5542838], [10.0069931, 53.5542936], [10.0069886, 53.5543046], [10.0069843, 53.5543157], [10.0069811, 53.5543241]]]}, "properties": {"indoor": "corridor", "level": "-3;-2", "osm_id": 739449157, "osm_type": "way"}}, {"type": "Feature", "geometry": {"type": "LineString", "coordinates": [[10.0071068, 53.5541755], [10.0070252, 53.5541924], [10.0069968, 53.5542838]]}, "properties": {"barrier": "fence", "level": "-2", "osm_id": 739449160, "osm_type": "way"}}, {"type": "Feature", "geometry": {"type": "Polygon", "coordinates": [[[10.0071579, 53.5542904], [10.0071586, 53.5543011], [10.0071598, 53.5543202], [10.0071604, 53.554329], [10.0070481, 53.5543342], [10.0069811, 53.5543241], [10.0069843, 53.5543157], [10.0069886, 53.5543046], [10.0069931, 53.5542936], [10.0069968, 53.5542838], [10.0070252, 53.5541924], [10.0071068, 53.5541755], [10.0071376, 53.5541692], [10.00721, 53.5542012], [10.0071848, 53.5542897], [10.0071579, 53.5542904]]]}, "properties": {"indoor": "area", "level": "-2", "osm_id": 739449161, "osm_type": "way"}}, {"type": "Feature", "geometry": {"type": "LineString", "coordinates": [[10.0070642, 53.5543125], [10.0071586, 53.5543011]]}, "properties": {"access": "customers", "highway": "footway", "indoor": "yes", "layer": "-2", "level": "-2", "tunnel": "yes", "osm_id": 739449162, "osm_type": "way"}}, {"type": "Feature", "geometry": {"type": "LineString", "coordinates": [[10.0070642, 53.5543125], [10.0071598, 53.5543202]]}, "properties": {"access": "customers", "highway": "footway", "indoor": "yes", "layer": "-2", "level": "-2", "tunnel": "yes", "osm_id": 739449163, "osm_type": "way"}}, {"type": "Feature", "geometry": {"type": "Polygon", "coordinates": [[[10.0045178, 53.5540687], [10.0042987, 53.5540173], [10.0046878, 53.5536795], [10.0047081, 53.5536872], [10.0047652, 53.5537057], [10.0045178, 53.5540687]]]}, "properties": {"addr:housenumber": "7", "addr:street": "Ernst-Merck-Straße", "building": "public", "building:levels": "2", "level": "0", "roof:shape": "flat", "osm_id": 744385617, "osm_type": "way"}}, {"type": "Feature", "geometry": {"type": "Polygon", "coordinates": [[[10.0048971, 53.5539599], [10.0049064, 53.5539619], [10.0049145, 53.553966], [10.0049207, 53.5539718], [10.0049248, 53.553979], [10.0049264, 53.553987], [10.0049253, 53.5539954], [10.0049217, 53.5540035], [10.0049159, 53.5540108], [10.0049082, 53.5540168], [10.0048991, 53.5540211], [10.0048892, 53.5540234], [10.0048793, 53.5540236], [10.00487, 53.5540215], [10.004862, 53.5540175], [10.0048557, 53.5540116], [10.0048516, 53.5540045], [10.0048501, 53.5539964], [10.0048511, 53.5539881], [10.0048547, 53.5539799], [10.0048606, 53.5539726], [10.0048683, 53.5539666], [10.0048774, 53.5539623], [10.0048872, 53.55396], [10.0048971, 53.5539599]]]}, "properties": {"indoor": "room", "level": "-2", "name": "Kiss Deli Markt", "opening_hours": "Mo-Fr 05:00-22:00; Sa 06:00-22:00; Su,PH off", "payment:american_express": "yes", "payment:cash": "yes", "payment:credit_cards": "no", "payment:debit_cards": "yes", "payment:maestro": "yes", "payment:mastercard": "yes", "payment:v_pay": "yes", "payment:visa": "yes", "shop": "kiosk", "surveillance": "indoor", "wheelchair": "yes", "osm_id": 744388296, "osm_type": "way"}}, {"type": "Feature", "geometry": {"type": "LineString", "coordinates": [[10.0070855, 53.5533214], [10.007299, 53.5533653]]}, "properties": {"bicycle": "no", "bicycle:signed": "yes", "highway": "footway", "indoor": "yes", "level": "0", "lit": "yes", "name": "Nordsteg", "surface": "paving_stones", "wheelchair": "yes", "osm_id": 744391323, "osm_type": "way"}}, {"type": "Feature", "geometry": {"type": "Polygon", "coordinates": [[[10.0018966, 53.5562318], [10.0022722, 53.5560207], [10.0029834, 53.5556317], [10.002937, 53.5556019], [10.0023772, 53.5559104], [10.0023424, 53.5558898], [10.0019101, 53.5561319], [10.0018966, 53.5562318]]]}, "properties": {"building:part": "yes", "height": "4", "level": "-1", "note:de": "Sockelgeschoss", "roof:colour": "#E2725B", "roof:direction": "42.8", "roof:height": "4", "roof:shape": "skillion", "osm_id": 808529081, "osm_type": "way"}}, {"type": "Feature", "geometry": {"type": "Polygon", "coordinates": [[[10.0050089, 53.5541916], [10.0067178, 53.5543008], [10.0066963, 53.5543666], [10.0049928, 53.5542464], [10.0050089, 53.5541916]]]}, "properties": {"area": "yes", "artist_name": "Stephan Huber;Raimund Kummer", "artwork_type": "sculpture", "image": "http://fhh1.hamburg.de/Behoerden/Kulturbehoerde/Raum/artists/hube1.htm", "level": "-3", "material": "stone,_metal", "name": "Hauptbahnhof Nord", "start_date": "1994", "tourism": "artwork", "website": "http://fhh1.hamburg.de/Behoerden/Kulturbehoerde/Raum/artists/hube.htm", "osm_id": 995742843, "osm_type": "way"}}, {"type": "Feature", "geometry": {"type": "LineString", "coordinates": [[10.0065235, 53.5535056], [10.0065192, 53.5535272]]}, "properties": {"highway": "footway", "indoor": "yes", "level": "0", "surface": "paving_stones", "osm_id": 1254925504, "osm_type": "way"}}, {"type": "Feature", "geometry": {"type": "LineString", "coordinates": [[10.0070477, 53.5541115], [10.0070949, 53.5541137]]}, "properties": {"highway": "footway", "indoor": "yes", "level": "-3", "tunnel": "yes", "osm_id": 1309930767, "osm_type": "way"}}, {"type": "Feature", "geometry": {"type": "LineString", "coordinates": [[10.007891, 53.5534324], [10.007857, 53.5534279], [10.007837, 53.5534135], [10.0078197, 53.553375], [10.0078008, 53.553363], [10.0077686, 53.5533569], [10.0077513, 53.5533534], [10.0077252, 53.5533481], [10.0076525, 53.5533336], [10.0076075, 53.5533243], [10.0073544, 53.5532722]]}, "properties": {"highway": "footway", "indoor": "yes", "level": "0", "surface": "paving_stones", "wheelchair": "yes", "osm_id": 28686965, "osm_type": "way"}}, {"type": "Feature", "geometry": {"type": "LineString", "coordinates": [[10.0077883, 53.5532108], [10.0077489, 53.5532794]]}, "properties": {"access": "customers", "customers": "HVV", "handrail": "yes", "highway": "steps", "incline": "up", "level": "-1;0", "lit": "yes", "ramp": "no", "step_count": "28", "surface": "concrete:plates", "tactile_paving": "no", "osm_id": 28686969, "osm_type": "way"}}, {"type": "Feature", "geometry": {"type": "Polygon", "coordinates": [[[10.0086206, 53.553835], [10.0088153, 53.5538573], [10.008821, 53.5538399], [10.008854, 53.5538437], [10.0088596, 53.5538262], [10.0089124, 53.5538323], [10.0089111, 53.5538363], [10.008967, 53.5538428], [10.0089641, 53.5538517], [10.008989, 53.5538546], [10.0089819, 53.5538765], [10.0090572, 53.5538851], [10.0091093, 53.5538911], [10.0091496, 53.5537653], [10.0091586, 53.553737], [10.0091066, 53.553731], [10.0090348, 53.5537228], [10.0090162, 53.5537799], [10.0089329, 53.5537703], [10.0089398, 53.5537491], [10.0089002, 53.5537445], [10.0089042, 53.553732], [10.0088589, 53.5537268], [10.0088656, 53.5537064], [10.0086698, 53.5536838], [10.0086206, 53.553835]]]}, "properties": {"addr:city": "Hamburg", "addr:country": "DE", "addr:housenumber": "46", "addr:postcode": "20099", "addr:street": "Kirchenallee", "addr:suburb": "St. Georg", "bar": "no", "building": "yes", "building:levels": "6", "check_date": "2024-12-28", "email": "kronprinz@novum-hotels.de", "fax": "+49 40 271407666", "internet_access": "wlan", "internet_access:fee": "no", "internet_access:ssid": "Novum Hotel Kronprinz", "level": "0", "name": "Kronprinz Novum", "opening_hours": "24/7", "operator": "Eleazar Novum GmbH", "payment:cash": "yes", "payment:credit_cards": "yes", "payment:debit_cards": "yes", "phone": "+49 40 2714070", "smoking": "no", "source": "https://www.novum-hotels.de/hotel-kronprinz-hamburg", "stars": "3", "tourism": "hotel", "website": "https://www.novum-hotels.de/hotel-kronprinz-hamburg", "wheelchair": "yes", "wikidata": "Q134416746", "osm_id": 41844737, "osm_type": "way"}}, {"type": "Feature", "geometry": {"type": "LineString", "coordinates": [[10.0075455, 53.554302], [10.0075812, 53.5541606]]}, "properties": {"highway": "footway", "indoor": "yes", "layer": "-1", "level": "-1", "lit": "yes", "surface": "paving_stones", "tunnel": "yes", "osm_id": 43317349, "osm_type": "way"}}, {"type": "Feature", "geometry": {"type": "LineString", "coordinates": [[10.0078623, 53.5544761], [10.0078739, 53.5544491], [10.0078513, 53.5542221]]}, "properties": {"highway": "footway", "indoor": "yes", "layer": "-1", "level": "-1", "lit": "yes", "surface": "paving_stones", "tunnel": "yes", "osm_id": 43317351, "osm_type": "way"}}, {"type": "Feature", "geometry": {"type": "LineString", "coordinates": [[10.0076636, 53.5538745], [10.0076799, 53.5538036]]}, "properties": {"conveying": "backward", "description": "Ausgang (Wandelhalle) / Halle B", "highway": "steps", "incline": "up", "indoor": "yes", "level": "0;-1", "lit": "yes", "operator": "Hamburger Hochbahn AG", "ref": "117", "step_count": "30", "time": "24 sec", "width": "100 cm", "osm_id": 43317359, "osm_type": "way"}}, {"type": "Feature", "geometry": {"type": "LineString", "coordinates": [[10.0075812, 53.5541606], [10.0076452, 53.5538919], [10.0076365, 53.5538722]]}, "properties": {"highway": "footway", "indoor": "yes", "layer": "-1", "level": "-1", "lit": "yes", "surface": "paving_stones", "tunnel": "yes", "osm_id": 43317360, "osm_type": "way"}}, {"type": "Feature", "geometry": {"type": "LineString", "coordinates": [[10.0078623, 53.5544761], [10.0078652, 53.5545424]]}, "properties": {"handrail": "yes", "highway": "steps", "incline": "up", "level": "-1;0", "lit": "yes", "ramp": "no", "step_count": "27", "surface": "paving_stones", "tactile_paving": "no", "osm_id": 43317362, "osm_type": "way"}}, {"type": "Feature", "geometry": {"type": "LineString", "coordinates": [[10.0076521, 53.5538011], [10.0076668, 53.5537959], [10.0076907, 53.5537079]]}, "properties": {"highway": "footway", "indoor": "yes", "level": "0", "lit": "yes", "osm_id": 44330170, "osm_type": "way"}}, {"type": "Feature", "geometry": {"type": "LineString", "coordinates": [[10.0075812, 53.5541606], [10.0078513, 53.5542221], [10.0084111, 53.554188], [10.0084204, 53.5542273]]}, "properties": {"highway": "footway", "indoor": "yes", "layer": "-1", "level": "-1", "lit": "yes", "surface": "paving_stones", "tunnel": "yes", "osm_id": 98903631, "osm_type": "way"}}, {"type": "Feature", "geometry": {"type": "LineString", "coordinates": [[10.0077686, 53.5533569], [10.0077945, 53.5533093], [10.0078101, 53.553283]]}, "properties": {"highway": "footway", "indoor": "yes", "level": "0", "lit": "yes", "wheelchair": "yes", "osm_id": 319601450, "osm_type": "way"}}, {"type": "Feature", "geometry": {"type": "LineString", "coordinates": [[10.0078183, 53.5532169], [10.0077787, 53.5532859]]}, "properties": {"access": "customers", "conveying": "forward", "customers": "HVV", "description": "Bahnsteig 1 (Gleis 1+2)(S-Bahn) Nord / Ausgang (Nordsteg)", "highway": "steps", "incline": "up", "level": "-1;0", "lit": "yes", "operator": "DB Station&Service AG", "ref": "HF 001", "step_count": "32", "surface": "metal", "time": "24 sec", "width": "100 cm", "osm_id": 319601451, "osm_type": "way"}}, {"type": "Feature", "geometry": {"type": "LineString", "coordinates": [[10.0078461, 53.5532225], [10.0078101, 53.553283]]}, "properties": {"access": "customers", "customers": "HVV", "highway": "footway", "indoor": "yes", "level": "-1", "lit": "yes", "tunnel": "yes", "wheelchair": "yes", "osm_id": 319601454, "osm_type": "way"}}, {"type": "Feature", "geometry": {"type": "LineString", "coordinates": [[10.007846, 53.5545427], [10.0078429, 53.5544764], [10.0078623, 53.5544761], [10.0078899, 53.5544756], [10.0079056, 53.5544753], [10.0079087, 53.5545416]]}, "properties": {"barrier": "fence", "level": "0", "osm_id": 343243968, "osm_type": "way"}}, {"type": "Feature", "geometry": {"type": "LineString", "coordinates": [[10.008424, 53.55431], [10.0084462, 53.5542299], [10.0084204, 53.5542273], [10.0083948, 53.5542248], [10.0083725, 53.5543053]]}, "properties": {"barrier": "fence", "level": "0", "osm_id": 343243969, "osm_type": "way"}}, {"type": "Feature", "geometry": {"type": "Polygon", "coordinates": [[[10.0075019, 53.5531111], [10.007705, 53.5531527], [10.007793, 53.5529963], [10.007773, 53.5529726], [10.007673, 53.5529553], [10.0075877, 53.5529413], [10.0075019, 53.5531111]]]}, "properties": {"access": "customers", "addr:city": "Hamburg", "addr:country": "DE", "addr:housenumber": "16", "addr:place": "Hachmannplatz", "addr:postcode": "20099", "amenity": "cafe", "brand": "Coffee Fellows", "brand:wikidata": "Q23461429", "check_date": "2026-06-20", "check_date:opening_hours": "2026-05-02", "cuisine": "coffee_shop", "indoor": "room", "internet_access": "wlan", "internet_access:fee": "customers", "level": "0", "name": "Coffee Fellows", "opening_hours:signed": "no", "payment:cash": "yes", "payment:girocard": "yes", "payment:maestro": "yes", "takeaway": "yes", "wheelchair": "limited", "osm_id": 343243970, "osm_type": "way"}}, {"type": "Feature", "geometry": {"type": "LineString", "coordinates": [[10.0078739, 53.5544491], [10.0078899, 53.5544756]]}, "properties": {"highway": "footway", "indoor": "yes", "level": "-1", "lit": "yes", "surface": "paving_stones", "tunnel": "yes", "osm_id": 343244052, "osm_type": "way"}}, {"type": "Feature", "geometry": {"type": "LineString", "coordinates": [[10.007468, 53.5530748], [10.0074308, 53.5531492]]}, "properties": {"access": "customers", "conveying": "forward", "customers": "HVV", "description": "Bahnsteig 2 (Gleis 3+4)(S-Bahn) Halle / Nordsteg", "highway": "steps", "incline": "up", "indoor": "yes", "level": "-1;0", "operator": "DB Station&Service AG", "ref": "HF 014", "step_count": "35", "surface": "metal", "time": "29 sec", "width": "100 cm", "osm_id": 343244055, "osm_type": "way"}}, {"type": "Feature", "geometry": {"type": "LineString", "coordinates": [[10.0074316, 53.5530682], [10.0073949, 53.5531419]]}, "properties": {"access": "customers", "customers": "HVV", "highway": "steps", "incline": "up", "indoor": "yes", "level": "-1;0", "surface": "paving_stones", "tactile_paving": "no", "osm_id": 343244078, "osm_type": "way"}}, {"type": "Feature", "geometry": {"type": "LineString", "coordinates": [[10.0078899, 53.5544756], [10.0078921, 53.5545419]]}, "properties": {"conveying": "reversible", "description": "Halle B / Ausgang (Bieberhaus)", "highway": "steps", "incline": "up", "level": "-1;0", "lit": "yes", "operator": "Hamburger Hochbahn AG", "ref": "113", "step_count": "26", "surface": "metal", "time": "21 sec", "width": "100 cm", "osm_id": 343244090, "osm_type": "way"}}, {"type": "Feature", "geometry": {"type": "LineString", "coordinates": [[10.0073949, 53.5531419], [10.0073814, 53.5531745]]}, "properties": {"highway": "footway", "indoor": "yes", "level": "0", "surface": "paving_stones", "osm_id": 343244093, "osm_type": "way"}}, {"type": "Feature", "geometry": {"type": "LineString", "coordinates": [[10.0074944, 53.5530793], [10.007468, 53.5530748], [10.0074316, 53.5530682], [10.0073979, 53.5530615], [10.0073699, 53.5530565]]}, "properties": {"access": "customers", "customers": "HVV", "highway": "footway", "indoor": "yes", "level": "-1", "surface": "paving_stones", "wheelchair": "yes", "osm_id": 343244107, "osm_type": "way"}}, {"type": "Feature", "geometry": {"type": "Polygon", "coordinates": [[[10.0077843, 53.5532871], [10.0078189, 53.553231], [10.0077739, 53.5532211], [10.0077393, 53.5532773], [10.0077489, 53.5532794], [10.0077787, 53.5532859], [10.0077843, 53.5532871]]]}, "properties": {"osm_id": 343656006, "osm_type": "way"}}, {"type": "Feature", "geometry": {"type": "LineString", "coordinates": [[10.0073814, 53.5531745], [10.0073602, 53.5531349]]}, "properties": {"highway": "footway", "indoor": "yes", "level": "0", "surface": "paving_stones", "wheelchair": "yes", "osm_id": 343656009, "osm_type": "way"}}, {"type": "Feature", "geometry": {"type": "LineString", "coordinates": [[10.0076668, 53.5537959], [10.0076799, 53.5538036]]}, "properties": {"footway": "link", "highway": "footway", "level": "0", "lit": "yes", "smoothness": "good", "surface": "paving_stones", "osm_id": 343656010, "osm_type": "way"}}, {"type": "Feature", "geometry": {"type": "LineString", "coordinates": [[10.0077576, 53.5532932], [10.0077787, 53.5532859]]}, "properties": {"highway": "footway", "indoor": "yes", "level": "0", "lit": "yes", "surface": "paving_stones", "osm_id": 343656011, "osm_type": "way"}}, {"type": "Feature", "geometry": {"type": "LineString", "coordinates": [[10.0076365, 53.5538722], [10.0076521, 53.5538011]]}, "properties": {"conveying": "forward", "description": "Halle B / Ausgang (Wandelhalle)", "highway": "steps", "incline": "up", "indoor": "yes", "level": "-1;0", "lit": "yes", "operator": "Hamburger Hochbahn AG", "ref": "118", "step_count": "30", "time": "24 sec", "width": "100 cm", "osm_id": 343656012, "osm_type": "way"}}, {"type": "Feature", "geometry": {"type": "LineString", "coordinates": [[10.0076452, 53.5538919], [10.0076636, 53.5538745]]}, "properties": {"highway": "footway", "indoor": "yes", "layer": "-1", "level": "-1", "tunnel": "yes", "osm_id": 343656014, "osm_type": "way"}}, {"type": "Feature", "geometry": {"type": "LineString", "coordinates": [[10.0073719, 53.5531125], [10.0073979, 53.5530615]]}, "properties": {"access": "customers", "customers": "HVV", "highway": "footway", "indoor": "yes", "level": "-1", "surface": "paving_stones", "wheelchair": "yes", "osm_id": 343656015, "osm_type": "way"}}, {"type": "Feature", "geometry": {"type": "LineString", "coordinates": [[10.0077252, 53.5533481], [10.0077576, 53.5532932], [10.0077489, 53.5532794]]}, "properties": {"highway": "footway", "indoor": "yes", "level": "0", "lit": "yes", "surface": "paving_stones", "osm_id": 343656017, "osm_type": "way"}}, {"type": "Feature", "geometry": {"type": "Polygon", "coordinates": [[[10.0077909, 53.5532884], [10.0078194, 53.5532944], [10.0078295, 53.5532774], [10.007801, 53.5532715], [10.0077909, 53.5532884]]]}, "properties": {"building:part": "elevator", "indoor": "yes", "level": "-1;0", "osm_id": 343656018, "osm_type": "way"}}, {"type": "Feature", "geometry": {"type": "LineString", "coordinates": [[10.0077417, 53.5532002], [10.0077883, 53.5532108], [10.0078183, 53.5532169], [10.0078461, 53.5532225], [10.0078781, 53.5532274]]}, "properties": {"access": "customers", "customers": "HVV", "highway": "footway", "indoor": "yes", "layer": "-1", "level": "-1", "lit": "yes", "tunnel": "yes", "wheelchair": "yes", "osm_id": 343656035, "osm_type": "way"}}, {"type": "Feature", "geometry": {"type": "LineString", "coordinates": [[10.0076381, 53.5537999], [10.0076211, 53.5538709], [10.0076365, 53.5538722], [10.0076636, 53.5538745], [10.0076806, 53.553876], [10.0076976, 53.5538053]]}, "properties": {"barrier": "fence", "level": "0", "material": "metal", "osm_id": 343661353, "osm_type": "way"}}, {"type": "Feature", "geometry": {"type": "LineString", "coordinates": [[10.0077393, 53.5532773], [10.0077739, 53.5532211], [10.0078189, 53.553231], [10.0077843, 53.5532871]]}, "properties": {"barrier": "yes", "level": "0", "osm_id": 343661354, "osm_type": "way"}}, {"type": "Feature", "geometry": {"type": "LineString", "coordinates": [[10.0073814, 53.5531745], [10.0073544, 53.5532722]]}, "properties": {"highway": "footway", "indoor": "yes", "level": "0", "lit": "yes", "surface": "paving_stones", "wheelchair": "yes", "osm_id": 344257640, "osm_type": "way"}}, {"type": "Feature", "geometry": {"type": "Polygon", "coordinates": [[[10.0078578, 53.5541811], [10.0078763, 53.5541277], [10.0078029, 53.5541188], [10.0077844, 53.5541721], [10.0078578, 53.5541811]]]}, "properties": {"brand": "U-Store", "brand:wikidata": "Q113290511", "indoor": "room", "layer": "-1", "level": "-1", "name": "U-Store", "shop": "convenience", "wheelchair": "yes", "osm_id": 408897398, "osm_type": "way"}}, {"type": "Feature", "geometry": {"type": "Polygon", "coordinates": [[[10.0077844, 53.5541721], [10.0078029, 53.5541188], [10.0076624, 53.5541034], [10.0076586, 53.5541164], [10.0077038, 53.5541624], [10.0077844, 53.5541721]]]}, "properties": {"brand": "BackWerk", "brand:wikidata": "Q798298", "brand:wikipedia": "de:BackWerk", "check_date": "2026-06-10", "check_date:opening_hours": "2026-06-10", "indoor": "room", "indoor_seating": "yes", "layer": "-1", "level": "-1", "name": "Backwerk", "opening_hours": "Mo-Fr 06:00-20:00; Sa,Su 08:00-16:00", "outdoor_seating": "no", "shop": "bakery", "smoking": "no", "wheelchair": "no", "osm_id": 408897399, "osm_type": "way"}}, {"type": "Feature", "geometry": {"type": "LineString", "coordinates": [[10.0084204, 53.5542273], [10.0083986, 53.5543073]]}, "properties": {"handrail": "yes", "highway": "steps", "incline": "up", "level": "-1;0", "lit": "yes", "ramp": "no", "step_count": "27", "surface": "paving_stones", "tactile_paving": "no", "osm_id": 409476648, "osm_type": "way"}}, {"type": "Feature", "geometry": {"type": "LineString", "coordinates": [[10.0075146, 53.5543119], [10.0075455, 53.554302], [10.0075135, 53.5542951]]}, "properties": {"highway": "footway", "indoor": "yes", "layer": "-1", "level": "-1", "lit": "yes", "surface": "paving_stones", "tunnel": "yes", "osm_id": 409697025, "osm_type": "way"}}, {"type": "Feature", "geometry": {"type": "LineString", "coordinates": [[10.0075812, 53.5541606], [10.0075499, 53.5541408]]}, "properties": {"highway": "footway", "indoor": "yes", "layer": "-1", "level": "-1", "tunnel": "yes", "osm_id": 413291889, "osm_type": "way"}}, {"type": "Feature", "geometry": {"type": "LineString", "coordinates": [[10.0075812, 53.5541606], [10.0075451, 53.554158]]}, "properties": {"highway": "footway", "indoor": "yes", "layer": "-1", "level": "-1", "tunnel": "yes", "osm_id": 413291900, "osm_type": "way"}}, {"type": "Feature", "geometry": {"type": "Polygon", "coordinates": [[[10.0076916, 53.553874], [10.0077077, 53.5538065], [10.0077358, 53.5538088], [10.0077198, 53.5538764], [10.0076916, 53.553874]]]}, "properties": {"amenity": "bicycle_parking", "bicycle_parking": "rack", "capacity": "16", "covered": "yes", "level": "0", "osm_id": 462915189, "osm_type": "way"}}, {"type": "Feature", "geometry": {"type": "Polygon", "coordinates": [[[10.0078201, 53.5536796], [10.0079189, 53.553701], [10.0079303, 53.5536824], [10.0078314, 53.5536611], [10.0078201, 53.5536796]]]}, "properties": {"amenity": "fast_food", "contact:mobile": "+49 173 5391364", "contact:phone": "+49 4103 904780", "cuisine": "fries", "diet:vegan": "yes", "diet:vegetarian": "yes", "indoor_seating": "no", "level": "0", "name": "CKT'S", "opening_hours": "Mo-Sa 11:00-21:00; Su 12:00-21:00", "opening_hours:signed": "no", "operator": "CKT Food GmbH", "outdoor_seating": "no", "payment:credit_cards": "yes", "payment:debit_cards": "yes", "takeaway": "only", "wheelchair": "yes", "osm_id": 643941519, "osm_type": "way"}}, {"type": "Feature", "geometry": {"type": "LineString", "coordinates": [[10.0073814, 53.5531745], [10.0074308, 53.5531492]]}, "properties": {"highway": "footway", "indoor": "yes", "level": "0", "surface": "metal", "osm_id": 733736662, "osm_type": "way"}}, {"type": "Feature", "geometry": {"type": "Polygon", "coordinates": [[[10.0075478, 53.5536455], [10.0074485, 53.5536237], [10.0074652, 53.5535973], [10.00749, 53.553603], [10.0075509, 53.5536166], [10.0075569, 53.5536308], [10.0075478, 53.5536455]]]}, "properties": {"amenity": "fast_food", "diet:vegetarian": "yes", "indoor": "room", "indoor_seating": "no", "level": "0", "name": "Tunnel Döner", "opening_hours": "Mo-Su,PH 07:00-04:00", "outdoor_seating": "no", "payment:credit_cards": "yes", "payment:debit_cards": "yes", "takeaway": "only", "wheelchair": "yes", "osm_id": 733736678, "osm_type": "way"}}, {"type": "Feature", "geometry": {"type": "Polygon", "coordinates": [[[10.0075718, 53.5532917], [10.0075989, 53.5532465], [10.007645, 53.553256], [10.0076302, 53.5532829], [10.0076205, 53.5533015], [10.0075718, 53.5532917]]]}, "properties": {"access": "customers", "amenity": "fast_food", "brand": "Beets & Roots", "brand:wikidata": "Q121094668", "check_date:opening_hours": "2026-05-02", "cuisine": "bowl", "diet:halal": "no", "diet:kosher": "no", "diet:vegan": "no", "diet:vegetarian": "yes", "indoor": "room", "indoor_seating": "no", "level": "0", "name": "beets & roots", "opening_hours": "Mo-Su 08:00-24:00", "opening_hours:signed": "no", "outdoor_seating": "no", "phone": "+49 40 32528865", "takeaway": "only", "toilets": "no", "website": "http://www.wokexpress.de/", "wheelchair": "yes", "osm_id": 733736686, "osm_type": "way"}}, {"type": "Feature", "geometry": {"type": "Polygon", "coordinates": [[[10.0075143, 53.5536998], [10.0075035, 53.5537172], [10.0074789, 53.5537225], [10.0074247, 53.5537114], [10.0074027, 53.5537071], [10.0074207, 53.5536795], [10.0075143, 53.5536998]]]}, "properties": {"brand": "Ditsch", "brand:wikidata": "Q911573", "brand:wikipedia": "en:Ditsch", "check_date": "2026-06-16", "check_date:diet:gluten_free": "2026-06-16", "check_date:opening_hours": "2026-04-22", "cuisine": "german", "diet:gluten_free": "no", "indoor": "room", "indoor_seating": "no", "level": "0", "name": "Ditsch", "opening_hours": "Mo-Su 04:00-23:00", "outdoor_seating": "no", "room": "shop", "shop": "bakery", "takeaway": "only", "wheelchair": "yes", "osm_id": 733736696, "osm_type": "way"}}, {"type": "Feature", "geometry": {"type": "Polygon", "coordinates": [[[10.0074485, 53.5536237], [10.0074652, 53.5535973], [10.00749, 53.553603], [10.0075088, 53.5535737], [10.0074624, 53.5535625], [10.0074804, 53.553535], [10.0074707, 53.5535327], [10.0074318, 53.5535237], [10.0074253, 53.5535343], [10.0074181, 53.5535456], [10.0073784, 53.5536085], [10.0074137, 53.5536162], [10.0074485, 53.5536237]]]}, "properties": {"check_date:opening_hours": "2025-07-17", "indoor": "yes", "level": "0", "name": "M. Niemeyer Cigarren", "opening_hours": "Mo-Fr 06:00-22:00; Sa,Su 08:00-22:00", "shop": "tobacco", "wheelchair": "yes", "osm_id": 733736704, "osm_type": "way"}}, {"type": "Feature", "geometry": {"type": "Polygon", "coordinates": [[[10.0073827, 53.5533595], [10.0074004, 53.5533295], [10.0074525, 53.5533178], [10.0075948, 53.5533465], [10.0075761, 53.5533813], [10.0075663, 53.5533989], [10.0075541, 53.5533966], [10.0073827, 53.5533595]]]}, "properties": {"check_date:opening_hours": "2026-05-28", "contact:website": "https://www.servicestoredb.de/sst-de/Standortfinder#!/l/hamburg/hachmannplatz-16/3167003", "dog": "no", "drink:club-mate": "0.5l-bottle-chilled", "indoor": "room", "level": "0", "name": "Point", "opening_hours": "Mo-Su,PH 00:00-03:00,04:00-03:00", "payment:coins": "yes", "payment:girocard": "yes", "payment:maestro": "yes", "payment:mastercard": "yes", "payment:notes": "yes", "payment:visa": "yes", "payment:visa_debit": "yes", "shop": "kiosk", "smoking": "no", "surveillance": "indoor", "wheelchair": "yes", "osm_id": 733736715, "osm_type": "way"}}, {"type": "Feature", "geometry": {"type": "Polygon", "coordinates": [[[10.0075989, 53.5532465], [10.0074952, 53.5532253], [10.0074862, 53.5532409], [10.007475, 53.5532591], [10.007489, 53.553275], [10.0075718, 53.5532917], [10.0075989, 53.5532465]]]}, "properties": {"brand": "Le Crobag", "brand:wikidata": "Q1558025", "brand:wikipedia": "de:Le Crobag", "check_date": "2026-05-02", "indoor": "room", "indoor_seating": "no", "level": "0", "name": "Le Crobag", "opening_hours": "24/7", "outdoor_seating": "no", "room": "shop", "shop": "bakery", "takeaway": "only", "wheelchair": "yes", "osm_id": 733736731, "osm_type": "way"}}, {"type": "Feature", "geometry": {"type": "Polygon", "coordinates": [[[10.0074862, 53.5532409], [10.0074329, 53.5532299], [10.0074741, 53.553159], [10.0075019, 53.5531111], [10.007705, 53.5531527], [10.007645, 53.553256], [10.0075989, 53.5532465], [10.0074952, 53.5532253], [10.0074862, 53.5532409]]]}, "properties": {"addr:city": "Hamburg", "addr:place": "Hachmannplatz", "alt_name": "Kentucky Fried Chicken", "amenity": "fast_food", "brand": "KFC", "brand:wikidata": "Q524757", "brand:wikipedia": "en:KFC", "check_date:opening_hours": "2026-05-02", "cuisine": "chicken", "delivery": "no", "indoor": "room", "indoor_seating": "yes", "level": "0", "name": "KFC", "opening_hours": "Su-Th 10:00-23:00, Fr,Sa 10:00-02:00", "opening_hours:signed": "no", "outdoor_seating": "no", "phone": "+49 40 32089944", "short_name": "KFC", "smoking": "outside", "takeaway": "yes", "website": "https://www.kfc.de/find-a-kfc/kfc-hamburg-hbf-hachmannplatz-13", "wheelchair": "yes", "osm_id": 733736739, "osm_type": "way"}}, {"type": "Feature", "geometry": {"type": "LineString", "coordinates": [[10.0074253, 53.5535343], [10.0074463, 53.5535393], [10.007439, 53.5535502]]}, "properties": {"highway": "footway", "indoor": "yes", "level": "1", "surface": "paving_stones", "osm_id": 733760808, "osm_type": "way"}}, {"type": "Feature", "geometry": {"type": "Polygon", "coordinates": [[[10.0074667, 53.5535563], [10.0074804, 53.553535], [10.0074318, 53.5535237], [10.0074253, 53.5535343], [10.0074181, 53.5535456], [10.007439, 53.5535502], [10.0074667, 53.5535563]]]}, "properties": {"indoor": "corridor", "level": "1", "osm_id": 733879631, "osm_type": "way"}}, {"type": "Feature", "geometry": {"type": "Polygon", "coordinates": [[[10.0076594, 53.5539833], [10.0077731, 53.5541323], [10.0077573, 53.5541365], [10.0076436, 53.5539876], [10.0076594, 53.5539833]]]}, "properties": {"amenity": "bicycle_rental", "bicycle_rental": "docking_station", "brand": "Call a Bike", "brand:wikidata": "Q1060525", "capacity": "44", "check_date": "2022-05-26", "level": "0", "name": "Hauptbahnhof / Heidi-Kabel-Platz", "network": "Call a Bike", "network:wikidata": "Q1060525", "note": "StadtRAD-Station wurde hierher umgesetzt ..", "operator": "Deutsche Bahn Connect", "operator:type": "private", "operator:wikidata": "Q1152100", "panoramax": "c006a19b-4ea0-449e-9e13-7de44724de09", "ref": "23503", "wheelchair": "yes", "osm_id": 739446358, "osm_type": "way"}}, {"type": "Feature", "geometry": {"type": "Polygon", "coordinates": [[[10.0053983, 53.5519089], [10.0054036, 53.5519113], [10.0054118, 53.5519153], [10.0054358, 53.5519263], [10.005453, 53.5519115], [10.0055317, 53.5519358], [10.0055614, 53.5519449], [10.0056509, 53.5519748], [10.0056643, 53.5519752], [10.0056777, 53.5519771], [10.0056886, 53.5519789], [10.0056995, 53.5519807], [10.005711, 53.5519837], [10.0057214, 53.5519865], [10.005731, 53.5519899], [10.00574, 53.5519936], [10.005748, 53.5519977], [10.0057563, 53.5520025], [10.005764, 53.5520077], [10.005771, 53.5520145], [10.0058713, 53.5520476], [10.0061112, 53.5521269], [10.0061263, 53.5521315], [10.0061414, 53.5520867], [10.0061557, 53.5520449], [10.0061544, 53.5520378], [10.0061431, 53.5520318], [10.0060366, 53.5519971], [10.0060469, 53.551986], [10.0060007, 53.5519711], [10.0059893, 53.5519726], [10.0059778, 53.5519719], [10.0059663, 53.5519704], [10.0059564, 53.5519676], [10.0059481, 53.5519643], [10.0059404, 53.5519593], [10.0059336, 53.5519542], [10.005928, 53.551948], [10.0058567, 53.5519249], [10.0057551, 53.5518919], [10.0056432, 53.5518556], [10.005536, 53.5518209], [10.005471, 53.5518003], [10.005445, 53.5517917], [10.0054581, 53.5517799], [10.0054647, 53.5517706], [10.0054679, 53.5517628], [10.0054287, 53.5517578], [10.0054367, 53.5517358], [10.0054759, 53.5517408], [10.0054766, 53.5517324], [10.0054757, 53.551724], [10.0054741, 53.5517165], [10.0054724, 53.5517104], [10.0054688, 53.5517036], [10.0054643, 53.5516975], [10.0054597, 53.5516921], [10.0054544, 53.5516866], [10.0054476, 53.5516814], [10.0054415, 53.551677], [10.0054341, 53.551672], [10.0054254, 53.5516676], [10.0054338, 53.5516467], [10.0054345, 53.5516367], [10.005432, 53.5516276], [10.0054256, 53.5516209], [10.0054185, 53.551616], [10.0054036, 53.5516118], [10.0053717, 53.5515515], [10.0053553, 53.5515489], [10.0053475, 53.5515401], [10.0053601, 53.5514793], [10.0053045, 53.5514716], [10.0052489, 53.551464], [10.0052265, 53.551538], [10.0052048, 53.5515354], [10.0052101, 53.5516064], [10.0053179, 53.5516201], [10.0053106, 53.5516409], [10.0052831, 53.5516369], [10.0052802, 53.551645], [10.005277, 53.5516538], [10.0052391, 53.5516496], [10.0052326, 53.5516667], [10.0052261, 53.5516833], [10.0052127, 53.5516912], [10.0051982, 53.5517063], [10.0051923, 53.5517232], [10.0051951, 53.5517394], [10.0052018, 53.5517531], [10.0051952, 53.5517696], [10.0051898, 53.5517852], [10.0052209, 53.5517892], [10.005217, 53.5518004], [10.0052138, 53.5518085], [10.0052263, 53.55181], [10.0052245, 53.5518157], [10.0052687, 53.5518217], [10.0052811, 53.5518326], [10.005287, 53.55183], [10.0052942, 53.5518289], [10.0053014, 53.5518296], [10.0053077, 53.5518318], [10.0053121, 53.5518353], [10.0053139, 53.5518395], [10.0053129, 53.5518438], [10.0053091, 53.5518476], [10.0053032, 53.5518502], [10.0053152, 53.5518573], [10.0053289, 53.551864], [10.0053768, 53.5518869], [10.0052798, 53.5519191], [10.0052894, 53.5519204], [10.0052977, 53.5519215], [10.0053398, 53.5519079], [10.0053452, 53.5519103], [10.0053718, 53.5519078], [10.0053793, 53.551912], [10.0053884, 53.5519161], [10.0053983, 53.5519089]], [[10.0057539, 53.5519373], [10.005756, 53.5519389], [10.0057554, 53.5519409], [10.005753, 53.5519423], [10.0057489, 53.5519419], [10.0056111, 53.5518965], [10.0056092, 53.5518949], [10.0056096, 53.5518927], [10.0056118, 53.5518916], [10.0056152, 53.5518915], [10.0057539, 53.5519373]], [[10.0057759, 53.551951], [10.0057737, 53.5519495], [10.0057739, 53.5519474], [10.0057764, 53.5519461], [10.0057804, 53.5519461], [10.0059161, 53.5519908], [10.0059187, 53.5519925], [10.0059184, 53.5519945], [10.0059157, 53.5519959], [10.0059115, 53.5519956], [10.0057759, 53.551951]]]}, "properties": {"description": "Mö-Passage", "indoor": "area", "level": "-1", "type": "multipolygon", "osm_id": 10222811, "osm_type": "relation"}}, {"type": "Feature", "geometry": {"type": "Polygon", "coordinates": [[[10.0101164, 53.5519607], [10.0101115, 53.5519849], [10.0101103, 53.5519904], [10.0101087, 53.551998], [10.010106, 53.5520117], [10.0099997, 53.5520041], [10.0100024, 53.5519908], [10.0100051, 53.5519773], [10.0100102, 53.551953], [10.0096953, 53.5519301], [10.0096903, 53.5519539], [10.0095581, 53.5519445], [10.0095103, 53.5519411], [10.0093827, 53.5519323], [10.0093892, 53.5519002], [10.0093069, 53.5518944], [10.0092169, 53.5518881], [10.0091371, 53.5518825], [10.0091311, 53.5519126], [10.0091262, 53.5519369], [10.0091241, 53.5519475], [10.0090027, 53.5519388], [10.0090051, 53.5519272], [10.0090091, 53.5519071], [10.0090162, 53.5518751], [10.0089429, 53.5518702], [10.0089199, 53.5518686], [10.0088775, 53.5518658], [10.0087457, 53.5518614], [10.0087419, 53.551878], [10.0087382, 53.5518953], [10.0087325, 53.5519204], [10.0086963, 53.5519175], [10.0086872, 53.5519878], [10.0086776, 53.5520635], [10.0086675, 53.5521413], [10.0086616, 53.5521905], [10.008545, 53.5521808], [10.0085412, 53.5521946], [10.0085374, 53.5522084], [10.0085336, 53.5522222], [10.0087365, 53.5522415], [10.0087482, 53.552244], [10.0087543, 53.5522466], [10.0087559, 53.5522528], [10.0087554, 53.5522591], [10.0087532, 53.5522688], [10.0087514, 53.5522766], [10.0087495, 53.5522845], [10.0087472, 53.5522943], [10.0087451, 53.5523032], [10.0087139, 53.5524041], [10.0086789, 53.5524173], [10.0086322, 53.5524117], [10.008628, 53.552424], [10.0086223, 53.5524408], [10.0086183, 53.5524522], [10.0086817, 53.5524601], [10.008792, 53.5525678], [10.0088632, 53.5525763], [10.0088673, 53.5525642], [10.0088754, 53.5525417], [10.008878, 53.5525347], [10.0087928, 53.5524395], [10.008844, 53.5522661], [10.0088465, 53.5522603], [10.0088537, 53.5522569], [10.0088621, 53.5522548], [10.0088743, 53.5522551], [10.0089739, 53.5522643], [10.0090657, 53.5522493], [10.0090673, 53.5522401], [10.0090703, 53.5522235], [10.0090721, 53.5522134], [10.0089723, 53.5522067], [10.0089774, 53.5521747], [10.0091461, 53.5521861], [10.009149, 53.5521728], [10.0091517, 53.5521576], [10.0091133, 53.552155], [10.0090828, 53.5521528], [10.009086, 53.5521421], [10.0090879, 53.5521325], [10.0090936, 53.5521037], [10.0090569, 53.5521012], [10.0089883, 53.552097], [10.0090082, 53.5519879], [10.0100906, 53.5520652], [10.0100766, 53.5521292], [10.0101607, 53.5521348], [10.0101513, 53.552173], [10.0100768, 53.5521991], [10.0100751, 53.5522087], [10.0100722, 53.5522249], [10.0100703, 53.5522349], [10.0101351, 53.5522393], [10.0101239, 53.5522849], [10.0100606, 53.5522801], [10.0100587, 53.5522906], [10.010056, 53.5523059], [10.0100541, 53.5523159], [10.0101071, 53.5523536], [10.01008, 53.5524641], [10.0100784, 53.552471], [10.0100894, 53.5524758], [10.0101505, 53.5525004], [10.0101597, 53.5524921], [10.0101797, 53.5524743], [10.0101898, 53.5524653], [10.0101713, 53.5524585], [10.010164, 53.5523588], [10.0103029, 53.5523706], [10.0103147, 53.5523153], [10.0103259, 53.5522615], [10.0103299, 53.5522438], [10.0103365, 53.5522114], [10.0103467, 53.5521612], [10.0103662, 53.5520703], [10.0103682, 53.5520586], [10.0103723, 53.552034], [10.0103738, 53.552026], [10.0103822, 53.55198], [10.0103233, 53.5519757], [10.0101164, 53.5519607]], [[10.0089135, 53.5519826], [10.0089496, 53.5519847], [10.0089474, 53.551998], [10.0089113, 53.5519959], [10.0089135, 53.5519826]], [[10.0101789, 53.5519894], [10.0102845, 53.5519972], [10.010283, 53.5520055], [10.0102802, 53.5520178], [10.0102793, 53.5520236], [10.0101737, 53.5520159], [10.0101747, 53.5520104], [10.0101772, 53.5519983], [10.0101789, 53.5519894]], [[10.0089312, 53.5520879], [10.0088954, 53.5520856], [10.008899, 53.5520653], [10.0089349, 53.5520676], [10.0089312, 53.5520879]], [[10.0101589, 53.5520964], [10.0101651, 53.5520709], [10.0102226, 53.5520749], [10.0102489, 53.5520767], [10.0102985, 53.5520801], [10.0102909, 53.5521105], [10.0102631, 53.5521288], [10.0101958, 53.5521244], [10.0101589, 53.5520964]]]}, "properties": {"description": "Zwischengeschoss", "indoor": "corridor", "layer": "-1", "level": "-1", "location": "underground", "type": "multipolygon", "osm_id": 6209824, "osm_type": "relation"}}, {"type": "Feature", "geometry": {"type": "Polygon", "coordinates": [[[10.0088673, 53.5525642], [10.0088754, 53.5525417], [10.008878, 53.5525347], [10.0087928, 53.5524395], [10.008844, 53.5522661], [10.0088465, 53.5522603], [10.0088537, 53.5522569], [10.0088621, 53.5522548], [10.0088743, 53.5522551], [10.0089739, 53.5522643], [10.0090657, 53.5522493], [10.0090673, 53.5522401], [10.0090703, 53.5522235], [10.0090721, 53.5522134], [10.0089723, 53.5522067], [10.0089774, 53.5521747], [10.0091461, 53.5521861], [10.009149, 53.5521728], [10.0091517, 53.5521576], [10.0091133, 53.552155], [10.0090828, 53.5521528], [10.009086, 53.5521421], [10.0090879, 53.5521325], [10.0090512, 53.55213], [10.0090569, 53.5521012], [10.0089883, 53.552097], [10.0090082, 53.5519879], [10.0100906, 53.5520652], [10.0100766, 53.5521292], [10.0101607, 53.5521348], [10.0101513, 53.552173], [10.0100768, 53.5521991], [10.0100751, 53.5522087], [10.0100722, 53.5522249], [10.0100703, 53.5522349], [10.0101351, 53.5522393], [10.0101239, 53.5522849], [10.0100606, 53.5522801], [10.0100587, 53.5522906], [10.010056, 53.5523059], [10.0100541, 53.5523159], [10.0101071, 53.5523536], [10.01008, 53.5524641], [10.0100784, 53.552471], [10.0100894, 53.5524758], [10.0101505, 53.5525004], [10.0101597, 53.5524921], [10.0101797, 53.5524743], [10.0101898, 53.5524653], [10.0101713, 53.5524585], [10.010164, 53.5523588], [10.0102183, 53.5523364], [10.010224, 53.5523087], [10.0102352, 53.5522548], [10.0102389, 53.5522373], [10.0102454, 53.5522049], [10.0102556, 53.5521547], [10.0103467, 53.5521612], [10.0103662, 53.5520703], [10.0103682, 53.5520586], [10.0103723, 53.552034], [10.0103738, 53.552026], [10.0103149, 53.5520222], [10.0103233, 53.5519757], [10.0101164, 53.5519607], [10.0101115, 53.5519849], [10.0101103, 53.5519904], [10.0101087, 53.551998], [10.010106, 53.5520117], [10.0099997, 53.5520041], [10.0098252, 53.5519917], [10.0096849, 53.5519817], [10.0096903, 53.5519539], [10.0095581, 53.5519445], [10.0095546, 53.5519631], [10.0095653, 53.5519639], [10.0095631, 53.5519746], [10.0094938, 53.5519703], [10.0094958, 53.5519594], [10.0095067, 53.55196], [10.0095103, 53.5519411], [10.0093827, 53.5519323], [10.0093762, 53.5519652], [10.0092939, 53.5519594], [10.0092039, 53.5519531], [10.0091241, 53.5519475], [10.0090027, 53.5519388], [10.0090051, 53.5519272], [10.0090091, 53.5519071], [10.0090162, 53.5518751], [10.0089429, 53.5518702], [10.0089199, 53.5518686], [10.0088775, 53.5518658], [10.0087457, 53.5518614], [10.0087419, 53.551878], [10.0087382, 53.5518953], [10.0087325, 53.5519204], [10.0087582, 53.5519227], [10.0087807, 53.5519945], [10.0087785, 53.5519943], [10.0087989, 53.5520694], [10.0088097, 53.5521099], [10.0088047, 53.5521487], [10.0088005, 53.5521693], [10.0087477, 53.5521986], [10.0086616, 53.5521905], [10.008545, 53.5521808], [10.0085412, 53.5521946], [10.0085374, 53.5522084], [10.0085336, 53.5522222], [10.0087365, 53.5522415], [10.0087482, 53.552244], [10.0087543, 53.5522466], [10.0087559, 53.5522528], [10.0087554, 53.5522591], [10.0087532, 53.5522688], [10.0087514, 53.5522766], [10.0087495, 53.5522845], [10.0087472, 53.5522943], [10.0087451, 53.5523032], [10.0087139, 53.5524041], [10.0086789, 53.5524173], [10.0086322, 53.5524117], [10.008628, 53.552424], [10.0086223, 53.5524408], [10.0086183, 53.5524522], [10.0086817, 53.5524601], [10.008792, 53.5525678], [10.0088632, 53.5525763], [10.0088673, 53.5525642]], [[10.0089135, 53.5519826], [10.0089496, 53.5519847], [10.0089474, 53.551998], [10.0089113, 53.5519959], [10.0089135, 53.5519826]], [[10.0101789, 53.5519894], [10.0102845, 53.5519972], [10.010283, 53.5520055], [10.0102802, 53.5520178], [10.0102793, 53.5520236], [10.0101737, 53.5520159], [10.0101747, 53.5520104], [10.0101772, 53.5519983], [10.0101789, 53.5519894]], [[10.0089312, 53.5520879], [10.0088954, 53.5520856], [10.008899, 53.5520653], [10.0089349, 53.5520676], [10.0089312, 53.5520879]], [[10.0101589, 53.5520964], [10.0101651, 53.5520709], [10.0102226, 53.5520749], [10.0102489, 53.5520767], [10.0102985, 53.5520801], [10.0102909, 53.5521105], [10.0102631, 53.5521288], [10.0101958, 53.5521244], [10.0101589, 53.5520964]]]}, "properties": {"indoor": "corridor", "layer": "-1", "level": "-1", "type": "multipolygon", "osm_id": 10156041, "osm_type": "relation"}}, {"type": "Feature", "geometry": {"type": "Polygon", "coordinates": [[[10.0103499, 53.5519763], [10.0102901, 53.5519701], [10.01027, 53.551968], [10.0100108, 53.5519497], [10.009981, 53.5519476], [10.0095364, 53.551916], [10.009136, 53.5518875], [10.0089346, 53.5518733], [10.0089182, 53.5519579], [10.0091184, 53.5519719], [10.0094504, 53.5519951], [10.0095244, 53.5520002], [10.0096373, 53.5520081], [10.0099638, 53.552031], [10.0099943, 53.552033], [10.01025, 53.5520513], [10.0102736, 53.5520516], [10.0103336, 53.5520551], [10.0103584, 53.5520563], [10.0103747, 53.5519789], [10.0103499, 53.5519763]], [[10.0095067, 53.55196], [10.0095103, 53.5519411], [10.0095581, 53.5519445], [10.0095546, 53.5519631], [10.0095067, 53.55196]], [[10.0100051, 53.5519773], [10.0101115, 53.5519849], [10.0101103, 53.5519904], [10.0101087, 53.551998], [10.010106, 53.5520117], [10.0099997, 53.5520041], [10.0100024, 53.5519908], [10.0100051, 53.5519773]], [[10.0101789, 53.5519894], [10.0102845, 53.5519972], [10.010283, 53.5520055], [10.0102802, 53.5520178], [10.0102793, 53.5520236], [10.0101737, 53.5520159], [10.0101747, 53.5520104], [10.0101772, 53.5519983], [10.0101789, 53.5519894]]]}, "properties": {"access": "customers", "bench": "yes", "bin": "yes", "customers": "HVV", "indoor": "yes", "layer": "-2", "level": "-2", "passenger_information_display": "yes", "public_transport": "platform", "railway": "platform", "ref": "1;2", "ref:IFOPT": "de:02000:10906:1:109015;de:02000:10906:1:109014", "subway": "yes", "tactile_paving": "yes", "tunnel": "yes", "type": "multipolygon", "wheelchair": "yes", "osm_id": 10381525, "osm_type": "relation"}}, {"type": "Feature", "geometry": {"type": "Polygon", "coordinates": [[[10.0078781, 53.5532274], [10.0079328, 53.5531443], [10.0080034, 53.5530043], [10.00802, 53.55297], [10.0081747, 53.5526508], [10.0082324, 53.5524757], [10.0082742, 53.5523268], [10.0083011, 53.5522381], [10.0083124, 53.55218], [10.0083256, 53.5521115], [10.0083771, 53.5519721], [10.0084351, 53.5518123], [10.0084958, 53.5516725], [10.0085686, 53.5515225], [10.0086625, 53.5513828], [10.0087824, 53.5512526], [10.0086892, 53.5512187], [10.0084586, 53.5515204], [10.0083849, 53.551651], [10.0083148, 53.5517929], [10.0082412, 53.5519515], [10.0081941, 53.5520973], [10.0081448, 53.5522159], [10.008113, 53.552308], [10.008065, 53.5524551], [10.0080068, 53.5526533], [10.0078644, 53.5529905], [10.0077771, 53.5531395], [10.0077417, 53.5532002], [10.0076926, 53.5532899], [10.0078307, 53.5533174], [10.0078781, 53.5532274]], [[10.0081684, 53.5523047], [10.0081887, 53.5522492], [10.008257, 53.552258], [10.0082368, 53.5523135], [10.0082111, 53.5523102], [10.0081852, 53.5523068], [10.0081684, 53.5523047]], [[10.0077843, 53.5532871], [10.0077787, 53.5532859], [10.0077489, 53.5532794], [10.0077393, 53.5532773], [10.0077739, 53.5532211], [10.0078189, 53.553231], [10.0077843, 53.5532871]]]}, "properties": {"access": "customers", "announcement": "yes", "bench": "yes", "bin": "yes", "customers": "HVV", "indoor": "yes", "layer": "-1", "level": "-1", "light_rail": "yes", "passenger_information_display": "yes", "passenger_information_display:speech_output": "no", "public_transport": "platform", "railway": "platform", "railway:ref": "1", "ref": "1;2", "ref:IFOPT": "de:02000:10950:1:109100;de:02000:10950:1:109101", "shelter": "yes", "tactile_paving": "yes", "tunnel": "yes", "type": "multipolygon", "wheelchair": "yes", "osm_id": 4869406, "osm_type": "relation"}}, {"type": "Feature", "geometry": {"type": "Polygon", "coordinates": [[[10.0054925, 53.5532955], [10.005511, 53.5532891], [10.0055165, 53.5532794], [10.0055889, 53.553294], [10.0056195, 53.5533002], [10.005585, 53.5533605], [10.0056025, 53.5533641], [10.0056199, 53.5533676], [10.0056091, 53.5533864], [10.0056353, 53.5533917], [10.0056458, 53.5533736], [10.0056866, 53.5533819], [10.0057333, 53.5533915], [10.0058304, 53.5534122], [10.0058411, 53.5533952], [10.0059082, 53.5534097], [10.0059097, 53.5534068], [10.0059126, 53.5534014], [10.0059177, 53.5533936], [10.0059512, 53.5534004], [10.005962, 53.5533819], [10.0060396, 53.5533976], [10.0063429, 53.5534603], [10.0063332, 53.5534765], [10.0063462, 53.5534792], [10.0063595, 53.553482], [10.0063748, 53.5534852], [10.006389, 53.5534882], [10.0064034, 53.5534912], [10.0064171, 53.5534941], [10.0064187, 53.5534912], [10.0064106, 53.553482], [10.0064153, 53.5534751], [10.0065014, 53.5534931], [10.0064813, 53.5535169], [10.0064991, 53.5535218], [10.0065192, 53.5535272], [10.0065338, 53.5535312], [10.0065387, 53.5535259], [10.0065427, 53.5535217], [10.0065499, 53.5535139], [10.0065577, 53.5535053], [10.0066736, 53.5535292], [10.0068161, 53.5535591], [10.0069471, 53.5535862], [10.0069321, 53.5536115], [10.0069608, 53.5536173], [10.006956, 53.5536258], [10.0069545, 53.5536284], [10.0069531, 53.5536309], [10.0070255, 53.5536465], [10.0071975, 53.5536837], [10.0072715, 53.5536997], [10.0072899, 53.5536684], [10.0072994, 53.5536533], [10.007322, 53.5536582], [10.0073446, 53.5536631], [10.0074207, 53.5536795], [10.0075143, 53.5536998], [10.0075298, 53.5536747], [10.0075478, 53.5536455], [10.0074485, 53.5536237], [10.0074137, 53.5536162], [10.0073784, 53.5536085], [10.0073561, 53.5536036], [10.0073338, 53.5535986], [10.0073399, 53.5535889], [10.0073734, 53.5535356], [10.0073144, 53.5535224], [10.0073217, 53.5535106], [10.007328, 53.5535006], [10.0073369, 53.5534878], [10.0073186, 53.5534619], [10.0073392, 53.5534285], [10.0073447, 53.5534197], [10.0073312, 53.5534003], [10.0073498, 53.5533673], [10.0073827, 53.5533595], [10.0074004, 53.5533295], [10.0074525, 53.5533178], [10.0075948, 53.5533465], [10.0076075, 53.5533243], [10.0076205, 53.5533015], [10.0075718, 53.5532917], [10.007489, 53.553275], [10.007475, 53.5532591], [10.0074862, 53.5532409], [10.0074329, 53.5532299], [10.0074741, 53.553159], [10.0074308, 53.5531492], [10.0073949, 53.5531419], [10.0073768, 53.5531384], [10.0073602, 53.5531349], [10.0073411, 53.553131], [10.0073348, 53.5531429], [10.0073454, 53.5531573], [10.0073325, 53.5531771], [10.0073082, 53.5531811], [10.0073031, 53.5531897], [10.0072979, 53.5531986], [10.00729, 53.553213], [10.0072866, 53.5532193], [10.0073136, 53.5532576], [10.0072759, 53.5533209], [10.0072107, 53.5533366], [10.00716, 53.5533261], [10.0071434, 53.5533226], [10.0071309, 53.5533201], [10.0069998, 53.5532928], [10.0069898, 53.5532907], [10.0069524, 53.5532829], [10.0069433, 53.553281], [10.0067173, 53.553234], [10.0067072, 53.5532319], [10.0066715, 53.5532248], [10.0066617, 53.5532228], [10.0062516, 53.5531373], [10.0062443, 53.5531358], [10.0062135, 53.5531295], [10.0061834, 53.5531233], [10.0061772, 53.553122], [10.0059706, 53.5530792], [10.005963, 53.5530776], [10.0059275, 53.5530701], [10.0059184, 53.5530682], [10.0058095, 53.5530456], [10.0057515, 53.5530342], [10.0057333, 53.5530306], [10.0057268, 53.5530422], [10.0057212, 53.5530523], [10.0057498, 53.553058], [10.0057469, 53.5530629], [10.0057445, 53.5530676], [10.0057532, 53.5530693], [10.0057599, 53.5530706], [10.0058481, 53.5530881], [10.0058385, 53.553105], [10.0058329, 53.5531151], [10.0058479, 53.553118], [10.0058359, 53.5531394], [10.0058316, 53.5531471], [10.0058279, 53.5531536], [10.0058245, 53.5531598], [10.0058213, 53.5531654], [10.0058106, 53.5531853], [10.0057544, 53.5531742], [10.0057655, 53.5531543], [10.0057395, 53.5531492], [10.0057288, 53.5531683], [10.0057177, 53.5531661], [10.0057109, 53.5531648], [10.005704, 53.5531634], [10.005694, 53.5531615], [10.0056607, 53.5532205], [10.0055612, 53.5532015], [10.005568, 53.5531897], [10.0055612, 53.5531796], [10.0055474, 53.5531769], [10.0055512, 53.5531708], [10.005505, 53.5531617], [10.0055087, 53.5531673], [10.0054924, 53.5531726], [10.0054856, 53.5531844], [10.0054759, 53.5531824], [10.0054523, 53.5532217], [10.0054294, 53.5532626], [10.0054403, 53.5532647], [10.0054356, 53.5532735], [10.0054434, 53.5532849], [10.0054334, 53.5532873], [10.0054793, 53.5532974], [10.005482, 53.5532934], [10.0054925, 53.5532955]], [[10.0059161, 53.5532084], [10.0058631, 53.5531979], [10.0058845, 53.5531602], [10.0058995, 53.5531336], [10.0059175, 53.5531372], [10.0059351, 53.5531407], [10.0059425, 53.5531275], [10.0060539, 53.5531497], [10.006067, 53.5531525], [10.006084, 53.5531559], [10.0060919, 53.5531573], [10.0061556, 53.55317], [10.0061878, 53.5531764], [10.0061792, 53.5531917], [10.0061986, 53.5531956], [10.0062182, 53.5531995], [10.0062041, 53.5532244], [10.0061489, 53.553321], [10.0060764, 53.5533064], [10.0060067, 53.5532924], [10.0060239, 53.5532622], [10.0059936, 53.5532561], [10.006, 53.5532449], [10.0059314, 53.5532312], [10.0059512, 53.5531963], [10.0059259, 53.5531913], [10.0059161, 53.5532084]], [[10.0062897, 53.5533522], [10.0062012, 53.5533341], [10.0062821, 53.5531946], [10.0063556, 53.5532096], [10.0063621, 53.553211], [10.0063709, 53.5532128], [10.0064594, 53.5532309], [10.0066034, 53.5532604], [10.0066547, 53.553271], [10.0066449, 53.5532878], [10.0066625, 53.5532914], [10.0066818, 53.5532953], [10.0066687, 53.5533177], [10.0066106, 53.5534179], [10.0065222, 53.5533998], [10.0063782, 53.5533703], [10.0062897, 53.5533522]], [[10.0067914, 53.5534559], [10.0066616, 53.553429], [10.0066926, 53.5533764], [10.0067277, 53.5533169], [10.0067451, 53.5532873], [10.0068169, 53.5533023], [10.0068213, 53.5533032], [10.0068259, 53.5533042], [10.0069199, 53.5533238], [10.0069096, 53.5533412], [10.0069273, 53.5533449], [10.0069453, 53.5533486], [10.0069323, 53.5533707], [10.0069032, 53.5534201], [10.0068722, 53.5534727], [10.0067914, 53.5534559]], [[10.0069788, 53.5534952], [10.0069286, 53.5534847], [10.0069789, 53.5534005], [10.006984, 53.5533919], [10.0070135, 53.5533414], [10.0070624, 53.5533515], [10.0070701, 53.5533531], [10.0070771, 53.5533545], [10.0070908, 53.5533573], [10.0071893, 53.5533771], [10.0072168, 53.5534095], [10.0071942, 53.5534455], [10.0071707, 53.5534842], [10.0071223, 53.5534981], [10.0069931, 53.5534713], [10.0069788, 53.5534952]]]}, "properties": {"indoor": "area", "level": "0", "type": "multipolygon", "osm_id": 10142437, "osm_type": "relation"}}, {"type": "Feature", "geometry": {"type": "Polygon", "coordinates": [[[10.0060203, 53.55328], [10.006009, 53.5532777], [10.005988, 53.5532731], [10.0059594, 53.5533213], [10.0059575, 53.5533245], [10.0059502, 53.5533368], [10.0059478, 53.5533407], [10.0059188, 53.5533896], [10.0059386, 53.5533938], [10.0061909, 53.5534467], [10.0063332, 53.5534765], [10.0063462, 53.5534792], [10.0063595, 53.553482], [10.0063748, 53.5534852], [10.006389, 53.5534882], [10.0064034, 53.5534912], [10.0064171, 53.5534941], [10.0065171, 53.5535151], [10.006617, 53.5535361], [10.0066316, 53.5535391], [10.0066414, 53.5535412], [10.0068033, 53.5535751], [10.0069373, 53.5536032], [10.0069633, 53.5536087], [10.0069919, 53.5535607], [10.006994, 53.5535572], [10.0070019, 53.5535438], [10.0070043, 53.5535398], [10.0070328, 53.5534918], [10.0069886, 53.5534827], [10.0069734, 53.5534796], [10.0069587, 53.5534766], [10.0069305, 53.5534708], [10.0069344, 53.553464], [10.006922, 53.5534614], [10.0069089, 53.5534588], [10.0069056, 53.5534645], [10.006535, 53.553388], [10.0065451, 53.5533707], [10.006609, 53.5532616], [10.006626, 53.5532651], [10.0066407, 53.5532681], [10.0066547, 53.553271], [10.0066449, 53.5532878], [10.0066625, 53.5532914], [10.0066818, 53.5532953], [10.0066906, 53.5532971], [10.0067148, 53.5532558], [10.006696, 53.5532513], [10.0067011, 53.5532419], [10.006703, 53.5532386], [10.006705, 53.5532353], [10.006705, 53.5532299], [10.0067013, 53.5532249], [10.0066938, 53.5532211], [10.0065738, 53.5531967], [10.006565, 53.5531969], [10.0065562, 53.5531986], [10.0065498, 53.5532025], [10.0065473, 53.5532064], [10.0065451, 53.5532099], [10.00654, 53.5532189], [10.0065616, 53.5532234], [10.0065271, 53.5532819], [10.006506, 53.5532775], [10.0064996, 53.5532884], [10.0064946, 53.5532969], [10.006514, 53.5533009], [10.0064711, 53.5533738], [10.006035, 53.5532831], [10.0060203, 53.55328]], [[10.0064805, 53.5533926], [10.0064294, 53.553478], [10.0059835, 53.553386], [10.0059768, 53.5533817], [10.0059746, 53.5533773], [10.0059742, 53.5533725], [10.0060121, 53.5533082], [10.0060208, 53.5533039], [10.0060309, 53.5533016], [10.0060406, 53.5533014], [10.0064805, 53.5533926]], [[10.0064564, 53.5534836], [10.0065086, 53.5533985], [10.0069679, 53.5534956], [10.0069743, 53.5534993], [10.0069777, 53.5535045], [10.0069778, 53.5535093], [10.0069394, 53.5535736], [10.0069343, 53.5535785], [10.0069248, 53.5535809], [10.0069169, 53.5535805], [10.0064564, 53.5534836]]]}, "properties": {"image": "https://photos.app.goo.gl/s3QBAcUfY2WgoxPZA", "indoor": "area", "level": "1", "name": "Galerie", "type": "multipolygon", "osm_id": 4756535, "osm_type": "relation"}}]}